organism_full,year,month,ward_type,Resistant_Drug_Classes,pattern_count,total_rows_in_ward_month,percentage
Klebsiella pneumoniae ,2015,1,in,"CEPHEMS, FLUOROQUINOLONES, FOLATE PATHWAY ANTAGONISTS, PENICILLINS, β-LACTAM COMBINATION AGENTS",69,256,26.95
Klebsiella pneumoniae ,2015,1,in,"AMINOGLYCOSIDES, CEPHEMS, FLUOROQUINOLONES, FOLATE PATHWAY ANTAGONISTS, PENICILLINS, β-LACTAM COMBINATION AGENTS",43,256,16.8
Klebsiella pneumoniae ,2015,1,in,"CEPHEMS, FLUOROQUINOLONES, FOLATE PATHWAY ANTAGONISTS, PENICILLINS",21,256,8.2
Klebsiella pneumoniae ,2015,1,in,"CARBAPENEMS, CEPHEMS, FLUOROQUINOLONES, FOLATE PATHWAY ANTAGONISTS, PENICILLINS, β-LACTAM COMBINATION AGENTS",10,256,3.91
Klebsiella pneumoniae ,2015,1,in,"AMINOGLYCOSIDES, CARBAPENEMS, CEPHEMS, FLUOROQUINOLONES, FOLATE PATHWAY ANTAGONISTS, PENICILLINS, β-LACTAM COMBINATION AGENTS",9,256,3.52
Klebsiella pneumoniae ,2015,2,in,"CEPHEMS, FLUOROQUINOLONES, FOLATE PATHWAY ANTAGONISTS, PENICILLINS, β-LACTAM COMBINATION AGENTS",62,220,28.18
Klebsiella pneumoniae ,2015,2,in,"AMINOGLYCOSIDES, CEPHEMS, FLUOROQUINOLONES, FOLATE PATHWAY ANTAGONISTS, PENICILLINS, β-LACTAM COMBINATION AGENTS",39,220,17.73
Klebsiella pneumoniae ,2015,2,in,"CEPHEMS, FLUOROQUINOLONES, FOLATE PATHWAY ANTAGONISTS, PENICILLINS",18,220,8.18
Klebsiella pneumoniae ,2015,2,in,"AMINOGLYCOSIDES, CARBAPENEMS, CEPHEMS, FLUOROQUINOLONES, FOLATE PATHWAY ANTAGONISTS, PENICILLINS, β-LACTAM COMBINATION AGENTS",8,220,3.64
Klebsiella pneumoniae ,2015,2,in,"CARBAPENEMS, CEPHEMS, FLUOROQUINOLONES, FOLATE PATHWAY ANTAGONISTS, PENICILLINS, β-LACTAM COMBINATION AGENTS",2,220,0.91
Klebsiella pneumoniae ,2015,3,in,"CEPHEMS, FLUOROQUINOLONES, FOLATE PATHWAY ANTAGONISTS, PENICILLINS, β-LACTAM COMBINATION AGENTS",59,208,28.37
Klebsiella pneumoniae ,2015,3,in,"AMINOGLYCOSIDES, CEPHEMS, FLUOROQUINOLONES, FOLATE PATHWAY ANTAGONISTS, PENICILLINS, β-LACTAM COMBINATION AGENTS",47,208,22.6
Klebsiella pneumoniae ,2015,3,in,"AMINOGLYCOSIDES, CARBAPENEMS, CEPHEMS, FLUOROQUINOLONES, FOLATE PATHWAY ANTAGONISTS, PENICILLINS, β-LACTAM COMBINATION AGENTS",16,208,7.69
Klebsiella pneumoniae ,2015,3,in,"CEPHEMS, FLUOROQUINOLONES, FOLATE PATHWAY ANTAGONISTS, PENICILLINS",15,208,7.21
Klebsiella pneumoniae ,2015,3,in,"CARBAPENEMS, CEPHEMS, FLUOROQUINOLONES, FOLATE PATHWAY ANTAGONISTS, PENICILLINS, β-LACTAM COMBINATION AGENTS",3,208,1.44
Klebsiella pneumoniae ,2015,4,in,"CEPHEMS, FLUOROQUINOLONES, FOLATE PATHWAY ANTAGONISTS, PENICILLINS, β-LACTAM COMBINATION AGENTS",68,268,25.37
Klebsiella pneumoniae ,2015,4,in,"AMINOGLYCOSIDES, CEPHEMS, FLUOROQUINOLONES, FOLATE PATHWAY ANTAGONISTS, PENICILLINS, β-LACTAM COMBINATION AGENTS",59,268,22.01
Klebsiella pneumoniae ,2015,4,in,"CEPHEMS, FLUOROQUINOLONES, FOLATE PATHWAY ANTAGONISTS, PENICILLINS",15,268,5.6
Klebsiella pneumoniae ,2015,4,in,"AMINOGLYCOSIDES, CARBAPENEMS, CEPHEMS, FLUOROQUINOLONES, FOLATE PATHWAY ANTAGONISTS, PENICILLINS, β-LACTAM COMBINATION AGENTS",9,268,3.36
Klebsiella pneumoniae ,2015,4,in,"CARBAPENEMS, CEPHEMS, FLUOROQUINOLONES, FOLATE PATHWAY ANTAGONISTS, PENICILLINS, β-LACTAM COMBINATION AGENTS",7,268,2.61
Klebsiella pneumoniae ,2015,5,in,"CEPHEMS, FLUOROQUINOLONES, FOLATE PATHWAY ANTAGONISTS, PENICILLINS, β-LACTAM COMBINATION AGENTS",59,230,25.65
Klebsiella pneumoniae ,2015,5,in,"AMINOGLYCOSIDES, CEPHEMS, FLUOROQUINOLONES, FOLATE PATHWAY ANTAGONISTS, PENICILLINS, β-LACTAM COMBINATION AGENTS",52,230,22.61
Klebsiella pneumoniae ,2015,5,in,"CEPHEMS, FLUOROQUINOLONES, FOLATE PATHWAY ANTAGONISTS, PENICILLINS",12,230,5.22
Klebsiella pneumoniae ,2015,5,in,"AMINOGLYCOSIDES, CARBAPENEMS, CEPHEMS, FLUOROQUINOLONES, FOLATE PATHWAY ANTAGONISTS, PENICILLINS, β-LACTAM COMBINATION AGENTS",11,230,4.78
Klebsiella pneumoniae ,2015,5,in,"CARBAPENEMS, CEPHEMS, FLUOROQUINOLONES, FOLATE PATHWAY ANTAGONISTS, PENICILLINS, β-LACTAM COMBINATION AGENTS",7,230,3.04
Klebsiella pneumoniae ,2015,6,in,"CEPHEMS, FLUOROQUINOLONES, FOLATE PATHWAY ANTAGONISTS, PENICILLINS, β-LACTAM COMBINATION AGENTS",57,264,21.59
Klebsiella pneumoniae ,2015,6,in,"AMINOGLYCOSIDES, CEPHEMS, FLUOROQUINOLONES, FOLATE PATHWAY ANTAGONISTS, PENICILLINS, β-LACTAM COMBINATION AGENTS",43,264,16.29
Klebsiella pneumoniae ,2015,6,in,"CEPHEMS, FLUOROQUINOLONES, FOLATE PATHWAY ANTAGONISTS, PENICILLINS",18,264,6.82
Klebsiella pneumoniae ,2015,6,in,"AMINOGLYCOSIDES, CARBAPENEMS, CEPHEMS, FLUOROQUINOLONES, FOLATE PATHWAY ANTAGONISTS, PENICILLINS, β-LACTAM COMBINATION AGENTS",16,264,6.06
Klebsiella pneumoniae ,2015,6,in,"CARBAPENEMS, CEPHEMS, FLUOROQUINOLONES, FOLATE PATHWAY ANTAGONISTS, PENICILLINS, β-LACTAM COMBINATION AGENTS",5,264,1.89
Klebsiella pneumoniae ,2015,7,in,"CEPHEMS, FLUOROQUINOLONES, FOLATE PATHWAY ANTAGONISTS, PENICILLINS, β-LACTAM COMBINATION AGENTS",59,247,23.89
Klebsiella pneumoniae ,2015,7,in,"AMINOGLYCOSIDES, CEPHEMS, FLUOROQUINOLONES, FOLATE PATHWAY ANTAGONISTS, PENICILLINS, β-LACTAM COMBINATION AGENTS",44,247,17.81
Klebsiella pneumoniae ,2015,7,in,"CEPHEMS, FLUOROQUINOLONES, FOLATE PATHWAY ANTAGONISTS, PENICILLINS",18,247,7.29
Klebsiella pneumoniae ,2015,7,in,"AMINOGLYCOSIDES, CARBAPENEMS, CEPHEMS, FLUOROQUINOLONES, FOLATE PATHWAY ANTAGONISTS, PENICILLINS, β-LACTAM COMBINATION AGENTS",14,247,5.67
Klebsiella pneumoniae ,2015,7,in,"CARBAPENEMS, CEPHEMS, FLUOROQUINOLONES, FOLATE PATHWAY ANTAGONISTS, PENICILLINS, β-LACTAM COMBINATION AGENTS",6,247,2.43
Klebsiella pneumoniae ,2015,8,in,"CEPHEMS, FLUOROQUINOLONES, FOLATE PATHWAY ANTAGONISTS, PENICILLINS, β-LACTAM COMBINATION AGENTS",53,240,22.08
Klebsiella pneumoniae ,2015,8,in,"AMINOGLYCOSIDES, CEPHEMS, FLUOROQUINOLONES, FOLATE PATHWAY ANTAGONISTS, PENICILLINS, β-LACTAM COMBINATION AGENTS",40,240,16.67
Klebsiella pneumoniae ,2015,8,in,"CEPHEMS, FLUOROQUINOLONES, FOLATE PATHWAY ANTAGONISTS, PENICILLINS",17,240,7.08
Klebsiella pneumoniae ,2015,8,in,"AMINOGLYCOSIDES, CARBAPENEMS, CEPHEMS, FLUOROQUINOLONES, FOLATE PATHWAY ANTAGONISTS, PENICILLINS, β-LACTAM COMBINATION AGENTS",12,240,5.0
Klebsiella pneumoniae ,2015,8,in,"CARBAPENEMS, CEPHEMS, FLUOROQUINOLONES, FOLATE PATHWAY ANTAGONISTS, PENICILLINS, β-LACTAM COMBINATION AGENTS",4,240,1.67
Klebsiella pneumoniae ,2015,9,in,"AMINOGLYCOSIDES, CEPHEMS, FLUOROQUINOLONES, FOLATE PATHWAY ANTAGONISTS, PENICILLINS, β-LACTAM COMBINATION AGENTS",54,257,21.01
Klebsiella pneumoniae ,2015,9,in,"CEPHEMS, FLUOROQUINOLONES, FOLATE PATHWAY ANTAGONISTS, PENICILLINS, β-LACTAM COMBINATION AGENTS",50,257,19.46
Klebsiella pneumoniae ,2015,9,in,"AMINOGLYCOSIDES, CARBAPENEMS, CEPHEMS, FLUOROQUINOLONES, FOLATE PATHWAY ANTAGONISTS, PENICILLINS, β-LACTAM COMBINATION AGENTS",17,257,6.61
Klebsiella pneumoniae ,2015,9,in,"CEPHEMS, FLUOROQUINOLONES, FOLATE PATHWAY ANTAGONISTS, PENICILLINS",16,257,6.23
Klebsiella pneumoniae ,2015,9,in,"CARBAPENEMS, CEPHEMS, FLUOROQUINOLONES, FOLATE PATHWAY ANTAGONISTS, PENICILLINS, β-LACTAM COMBINATION AGENTS",9,257,3.5
Klebsiella pneumoniae ,2015,10,in,"AMINOGLYCOSIDES, CEPHEMS, FLUOROQUINOLONES, FOLATE PATHWAY ANTAGONISTS, PENICILLINS, β-LACTAM COMBINATION AGENTS",48,237,20.25
Klebsiella pneumoniae ,2015,10,in,"CEPHEMS, FLUOROQUINOLONES, FOLATE PATHWAY ANTAGONISTS, PENICILLINS, β-LACTAM COMBINATION AGENTS",42,237,17.72
Klebsiella pneumoniae ,2015,10,in,"CEPHEMS, FLUOROQUINOLONES, FOLATE PATHWAY ANTAGONISTS, PENICILLINS",20,237,8.44
Klebsiella pneumoniae ,2015,10,in,"AMINOGLYCOSIDES, CARBAPENEMS, CEPHEMS, FLUOROQUINOLONES, FOLATE PATHWAY ANTAGONISTS, PENICILLINS, β-LACTAM COMBINATION AGENTS",15,237,6.33
Klebsiella pneumoniae ,2015,10,in,"CARBAPENEMS, CEPHEMS, FLUOROQUINOLONES, FOLATE PATHWAY ANTAGONISTS, PENICILLINS, β-LACTAM COMBINATION AGENTS",4,237,1.69
Klebsiella pneumoniae ,2015,11,in,"CEPHEMS, FLUOROQUINOLONES, FOLATE PATHWAY ANTAGONISTS, PENICILLINS, β-LACTAM COMBINATION AGENTS",43,201,21.39
Klebsiella pneumoniae ,2015,11,in,"AMINOGLYCOSIDES, CEPHEMS, FLUOROQUINOLONES, FOLATE PATHWAY ANTAGONISTS, PENICILLINS, β-LACTAM COMBINATION AGENTS",42,201,20.9
Klebsiella pneumoniae ,2015,11,in,"AMINOGLYCOSIDES, CARBAPENEMS, CEPHEMS, FLUOROQUINOLONES, FOLATE PATHWAY ANTAGONISTS, PENICILLINS, β-LACTAM COMBINATION AGENTS",12,201,5.97
Klebsiella pneumoniae ,2015,11,in,"CEPHEMS, FLUOROQUINOLONES, FOLATE PATHWAY ANTAGONISTS, PENICILLINS",10,201,4.98
Klebsiella pneumoniae ,2015,11,in,"CARBAPENEMS, CEPHEMS, FLUOROQUINOLONES, FOLATE PATHWAY ANTAGONISTS, PENICILLINS, β-LACTAM COMBINATION AGENTS",7,201,3.48
Klebsiella pneumoniae ,2015,12,in,"AMINOGLYCOSIDES, CEPHEMS, FLUOROQUINOLONES, FOLATE PATHWAY ANTAGONISTS, PENICILLINS, β-LACTAM COMBINATION AGENTS",56,253,22.13
Klebsiella pneumoniae ,2015,12,in,"CEPHEMS, FLUOROQUINOLONES, FOLATE PATHWAY ANTAGONISTS, PENICILLINS, β-LACTAM COMBINATION AGENTS",53,253,20.95
Klebsiella pneumoniae ,2015,12,in,"AMINOGLYCOSIDES, CARBAPENEMS, CEPHEMS, FLUOROQUINOLONES, FOLATE PATHWAY ANTAGONISTS, PENICILLINS, β-LACTAM COMBINATION AGENTS",20,253,7.91
Klebsiella pneumoniae ,2015,12,in,"CEPHEMS, FLUOROQUINOLONES, FOLATE PATHWAY ANTAGONISTS, PENICILLINS",20,253,7.91
Klebsiella pneumoniae ,2015,12,in,"CARBAPENEMS, CEPHEMS, FLUOROQUINOLONES, FOLATE PATHWAY ANTAGONISTS, PENICILLINS, β-LACTAM COMBINATION AGENTS",7,253,2.77
Klebsiella pneumoniae ,2016,1,in,"AMINOGLYCOSIDES, CEPHEMS, FLUOROQUINOLONES, FOLATE PATHWAY ANTAGONISTS, PENICILLINS, β-LACTAM COMBINATION AGENTS",65,300,21.67
Klebsiella pneumoniae ,2016,1,in,"CEPHEMS, FLUOROQUINOLONES, FOLATE PATHWAY ANTAGONISTS, PENICILLINS, β-LACTAM COMBINATION AGENTS",49,300,16.33
Klebsiella pneumoniae ,2016,1,in,"CEPHEMS, FLUOROQUINOLONES, FOLATE PATHWAY ANTAGONISTS, PENICILLINS",26,300,8.67
Klebsiella pneumoniae ,2016,1,in,"AMINOGLYCOSIDES, CARBAPENEMS, CEPHEMS, FLUOROQUINOLONES, FOLATE PATHWAY ANTAGONISTS, PENICILLINS, β-LACTAM COMBINATION AGENTS",18,300,6.0
Klebsiella pneumoniae ,2016,1,in,"CARBAPENEMS, CEPHEMS, FLUOROQUINOLONES, FOLATE PATHWAY ANTAGONISTS, PENICILLINS, β-LACTAM COMBINATION AGENTS",14,300,4.67
Klebsiella pneumoniae ,2016,2,in,"CEPHEMS, FLUOROQUINOLONES, FOLATE PATHWAY ANTAGONISTS, PENICILLINS, β-LACTAM COMBINATION AGENTS",64,265,24.15
Klebsiella pneumoniae ,2016,2,in,"AMINOGLYCOSIDES, CEPHEMS, FLUOROQUINOLONES, FOLATE PATHWAY ANTAGONISTS, PENICILLINS, β-LACTAM COMBINATION AGENTS",54,265,20.38
Klebsiella pneumoniae ,2016,2,in,"CEPHEMS, FLUOROQUINOLONES, FOLATE PATHWAY ANTAGONISTS, PENICILLINS",26,265,9.81
Klebsiella pneumoniae ,2016,2,in,"AMINOGLYCOSIDES, CARBAPENEMS, CEPHEMS, FLUOROQUINOLONES, FOLATE PATHWAY ANTAGONISTS, PENICILLINS, β-LACTAM COMBINATION AGENTS",14,265,5.28
Klebsiella pneumoniae ,2016,2,in,"CARBAPENEMS, CEPHEMS, FLUOROQUINOLONES, FOLATE PATHWAY ANTAGONISTS, PENICILLINS, β-LACTAM COMBINATION AGENTS",14,265,5.28
Klebsiella pneumoniae ,2016,3,in,"CEPHEMS, FLUOROQUINOLONES, FOLATE PATHWAY ANTAGONISTS, PENICILLINS, β-LACTAM COMBINATION AGENTS",67,265,25.28
Klebsiella pneumoniae ,2016,3,in,"AMINOGLYCOSIDES, CEPHEMS, FLUOROQUINOLONES, FOLATE PATHWAY ANTAGONISTS, PENICILLINS, β-LACTAM COMBINATION AGENTS",59,265,22.26
Klebsiella pneumoniae ,2016,3,in,"CEPHEMS, FLUOROQUINOLONES, FOLATE PATHWAY ANTAGONISTS, PENICILLINS",19,265,7.17
Klebsiella pneumoniae ,2016,3,in,"AMINOGLYCOSIDES, CARBAPENEMS, CEPHEMS, FLUOROQUINOLONES, FOLATE PATHWAY ANTAGONISTS, PENICILLINS, β-LACTAM COMBINATION AGENTS",11,265,4.15
Klebsiella pneumoniae ,2016,3,in,"CARBAPENEMS, CEPHEMS, FLUOROQUINOLONES, FOLATE PATHWAY ANTAGONISTS, PENICILLINS, β-LACTAM COMBINATION AGENTS",6,265,2.26
Klebsiella pneumoniae ,2016,4,in,"AMINOGLYCOSIDES, CEPHEMS, FLUOROQUINOLONES, FOLATE PATHWAY ANTAGONISTS, PENICILLINS, β-LACTAM COMBINATION AGENTS",56,254,22.05
Klebsiella pneumoniae ,2016,4,in,"CEPHEMS, FLUOROQUINOLONES, FOLATE PATHWAY ANTAGONISTS, PENICILLINS, β-LACTAM COMBINATION AGENTS",55,254,21.65
Klebsiella pneumoniae ,2016,4,in,"AMINOGLYCOSIDES, CARBAPENEMS, CEPHEMS, FLUOROQUINOLONES, FOLATE PATHWAY ANTAGONISTS, PENICILLINS, β-LACTAM COMBINATION AGENTS",18,254,7.09
Klebsiella pneumoniae ,2016,4,in,"CEPHEMS, FLUOROQUINOLONES, FOLATE PATHWAY ANTAGONISTS, PENICILLINS",16,254,6.3
Klebsiella pneumoniae ,2016,4,in,"CARBAPENEMS, CEPHEMS, FLUOROQUINOLONES, FOLATE PATHWAY ANTAGONISTS, PENICILLINS, β-LACTAM COMBINATION AGENTS",7,254,2.76
Klebsiella pneumoniae ,2016,5,in,"AMINOGLYCOSIDES, CEPHEMS, FLUOROQUINOLONES, FOLATE PATHWAY ANTAGONISTS, PENICILLINS, β-LACTAM COMBINATION AGENTS",65,259,25.1
Klebsiella pneumoniae ,2016,5,in,"CEPHEMS, FLUOROQUINOLONES, FOLATE PATHWAY ANTAGONISTS, PENICILLINS, β-LACTAM COMBINATION AGENTS",48,259,18.53
Klebsiella pneumoniae ,2016,5,in,"CEPHEMS, FLUOROQUINOLONES, FOLATE PATHWAY ANTAGONISTS, PENICILLINS",20,259,7.72
Klebsiella pneumoniae ,2016,5,in,"AMINOGLYCOSIDES, CARBAPENEMS, CEPHEMS, FLUOROQUINOLONES, FOLATE PATHWAY ANTAGONISTS, PENICILLINS, β-LACTAM COMBINATION AGENTS",13,259,5.02
Klebsiella pneumoniae ,2016,5,in,"CARBAPENEMS, CEPHEMS, FLUOROQUINOLONES, FOLATE PATHWAY ANTAGONISTS, PENICILLINS, β-LACTAM COMBINATION AGENTS",6,259,2.32
Klebsiella pneumoniae ,2016,6,in,"AMINOGLYCOSIDES, CEPHEMS, FLUOROQUINOLONES, FOLATE PATHWAY ANTAGONISTS, PENICILLINS, β-LACTAM COMBINATION AGENTS",59,270,21.85
Klebsiella pneumoniae ,2016,6,in,"CEPHEMS, FLUOROQUINOLONES, FOLATE PATHWAY ANTAGONISTS, PENICILLINS, β-LACTAM COMBINATION AGENTS",42,270,15.56
Klebsiella pneumoniae ,2016,6,in,"CARBAPENEMS, CEPHEMS, FLUOROQUINOLONES, FOLATE PATHWAY ANTAGONISTS, PENICILLINS, β-LACTAM COMBINATION AGENTS",14,270,5.19
Klebsiella pneumoniae ,2016,6,in,"CEPHEMS, FLUOROQUINOLONES, FOLATE PATHWAY ANTAGONISTS, PENICILLINS",13,270,4.81
Klebsiella pneumoniae ,2016,6,in,"AMINOGLYCOSIDES, CARBAPENEMS, CEPHEMS, FLUOROQUINOLONES, FOLATE PATHWAY ANTAGONISTS, PENICILLINS, β-LACTAM COMBINATION AGENTS",11,270,4.07
Klebsiella pneumoniae ,2016,7,in,"AMINOGLYCOSIDES, CEPHEMS, FLUOROQUINOLONES, FOLATE PATHWAY ANTAGONISTS, PENICILLINS, β-LACTAM COMBINATION AGENTS",74,286,25.87
Klebsiella pneumoniae ,2016,7,in,"CEPHEMS, FLUOROQUINOLONES, FOLATE PATHWAY ANTAGONISTS, PENICILLINS, β-LACTAM COMBINATION AGENTS",44,286,15.38
Klebsiella pneumoniae ,2016,7,in,"AMINOGLYCOSIDES, CARBAPENEMS, CEPHEMS, FLUOROQUINOLONES, FOLATE PATHWAY ANTAGONISTS, PENICILLINS, β-LACTAM COMBINATION AGENTS",19,286,6.64
Klebsiella pneumoniae ,2016,7,in,"CEPHEMS, FLUOROQUINOLONES, FOLATE PATHWAY ANTAGONISTS, PENICILLINS",18,286,6.29
Klebsiella pneumoniae ,2016,7,in,"CARBAPENEMS, CEPHEMS, FLUOROQUINOLONES, FOLATE PATHWAY ANTAGONISTS, PENICILLINS, β-LACTAM COMBINATION AGENTS",12,286,4.2
Klebsiella pneumoniae ,2016,8,in,"AMINOGLYCOSIDES, CEPHEMS, FLUOROQUINOLONES, FOLATE PATHWAY ANTAGONISTS, PENICILLINS, β-LACTAM COMBINATION AGENTS",61,246,24.8
Klebsiella pneumoniae ,2016,8,in,"CEPHEMS, FLUOROQUINOLONES, FOLATE PATHWAY ANTAGONISTS, PENICILLINS, β-LACTAM COMBINATION AGENTS",40,246,16.26
Klebsiella pneumoniae ,2016,8,in,"AMINOGLYCOSIDES, CARBAPENEMS, CEPHEMS, FLUOROQUINOLONES, FOLATE PATHWAY ANTAGONISTS, PENICILLINS, β-LACTAM COMBINATION AGENTS",16,246,6.5
Klebsiella pneumoniae ,2016,8,in,"CEPHEMS, FLUOROQUINOLONES, FOLATE PATHWAY ANTAGONISTS, PENICILLINS",13,246,5.28
Klebsiella pneumoniae ,2016,8,in,"CARBAPENEMS, CEPHEMS, FLUOROQUINOLONES, FOLATE PATHWAY ANTAGONISTS, PENICILLINS, β-LACTAM COMBINATION AGENTS",11,246,4.47
Klebsiella pneumoniae ,2016,9,in,"AMINOGLYCOSIDES, CEPHEMS, FLUOROQUINOLONES, FOLATE PATHWAY ANTAGONISTS, PENICILLINS, β-LACTAM COMBINATION AGENTS",54,302,17.88
Klebsiella pneumoniae ,2016,9,in,"CEPHEMS, FLUOROQUINOLONES, FOLATE PATHWAY ANTAGONISTS, PENICILLINS, β-LACTAM COMBINATION AGENTS",50,302,16.56
Klebsiella pneumoniae ,2016,9,in,"AMINOGLYCOSIDES, CARBAPENEMS, CEPHEMS, FLUOROQUINOLONES, FOLATE PATHWAY ANTAGONISTS, PENICILLINS, β-LACTAM COMBINATION AGENTS",18,302,5.96
Klebsiella pneumoniae ,2016,9,in,"CEPHEMS, FLUOROQUINOLONES, FOLATE PATHWAY ANTAGONISTS, PENICILLINS",16,302,5.3
Klebsiella pneumoniae ,2016,9,in,"CARBAPENEMS, CEPHEMS, FLUOROQUINOLONES, FOLATE PATHWAY ANTAGONISTS, PENICILLINS, β-LACTAM COMBINATION AGENTS",13,302,4.3
Klebsiella pneumoniae ,2016,10,in,"AMINOGLYCOSIDES, CEPHEMS, FLUOROQUINOLONES, FOLATE PATHWAY ANTAGONISTS, PENICILLINS, β-LACTAM COMBINATION AGENTS",66,333,19.82
Klebsiella pneumoniae ,2016,10,in,"CEPHEMS, FLUOROQUINOLONES, FOLATE PATHWAY ANTAGONISTS, PENICILLINS, β-LACTAM COMBINATION AGENTS",55,333,16.52
Klebsiella pneumoniae ,2016,10,in,"CEPHEMS, FLUOROQUINOLONES, FOLATE PATHWAY ANTAGONISTS, PENICILLINS",27,333,8.11
Klebsiella pneumoniae ,2016,10,in,"AMINOGLYCOSIDES, CARBAPENEMS, CEPHEMS, FLUOROQUINOLONES, FOLATE PATHWAY ANTAGONISTS, PENICILLINS, β-LACTAM COMBINATION AGENTS",20,333,6.01
Klebsiella pneumoniae ,2016,10,in,"CARBAPENEMS, CEPHEMS, FLUOROQUINOLONES, FOLATE PATHWAY ANTAGONISTS, PENICILLINS, β-LACTAM COMBINATION AGENTS",10,333,3.0
Klebsiella pneumoniae ,2016,11,in,"AMINOGLYCOSIDES, CEPHEMS, FLUOROQUINOLONES, FOLATE PATHWAY ANTAGONISTS, PENICILLINS, β-LACTAM COMBINATION AGENTS",75,352,21.31
Klebsiella pneumoniae ,2016,11,in,"CEPHEMS, FLUOROQUINOLONES, FOLATE PATHWAY ANTAGONISTS, PENICILLINS, β-LACTAM COMBINATION AGENTS",52,352,14.77
Klebsiella pneumoniae ,2016,11,in,"AMINOGLYCOSIDES, CARBAPENEMS, CEPHEMS, FLUOROQUINOLONES, FOLATE PATHWAY ANTAGONISTS, PENICILLINS, β-LACTAM COMBINATION AGENTS",22,352,6.25
Klebsiella pneumoniae ,2016,11,in,"CEPHEMS, FLUOROQUINOLONES, FOLATE PATHWAY ANTAGONISTS, PENICILLINS",21,352,5.97
Klebsiella pneumoniae ,2016,11,in,"CARBAPENEMS, CEPHEMS, FLUOROQUINOLONES, FOLATE PATHWAY ANTAGONISTS, PENICILLINS, β-LACTAM COMBINATION AGENTS",20,352,5.68
Klebsiella pneumoniae ,2016,12,in,"AMINOGLYCOSIDES, CEPHEMS, FLUOROQUINOLONES, FOLATE PATHWAY ANTAGONISTS, PENICILLINS, β-LACTAM COMBINATION AGENTS",75,348,21.55
Klebsiella pneumoniae ,2016,12,in,"CEPHEMS, FLUOROQUINOLONES, FOLATE PATHWAY ANTAGONISTS, PENICILLINS, β-LACTAM COMBINATION AGENTS",56,348,16.09
Klebsiella pneumoniae ,2016,12,in,"AMINOGLYCOSIDES, CARBAPENEMS, CEPHEMS, FLUOROQUINOLONES, FOLATE PATHWAY ANTAGONISTS, PENICILLINS, β-LACTAM COMBINATION AGENTS",38,348,10.92
Klebsiella pneumoniae ,2016,12,in,"CEPHEMS, FLUOROQUINOLONES, FOLATE PATHWAY ANTAGONISTS, PENICILLINS",24,348,6.9
Klebsiella pneumoniae ,2016,12,in,"CARBAPENEMS, CEPHEMS, FLUOROQUINOLONES, FOLATE PATHWAY ANTAGONISTS, PENICILLINS, β-LACTAM COMBINATION AGENTS",17,348,4.89
Klebsiella pneumoniae ,2017,1,in,"AMINOGLYCOSIDES, CEPHEMS, FLUOROQUINOLONES, FOLATE PATHWAY ANTAGONISTS, PENICILLINS, β-LACTAM COMBINATION AGENTS",118,657,17.96
Klebsiella pneumoniae ,2017,1,in,"CEPHEMS, FLUOROQUINOLONES, FOLATE PATHWAY ANTAGONISTS, PENICILLINS",89,657,13.55
Klebsiella pneumoniae ,2017,1,in,"CEPHEMS, FLUOROQUINOLONES, FOLATE PATHWAY ANTAGONISTS, PENICILLINS, β-LACTAM COMBINATION AGENTS",87,657,13.24
Klebsiella pneumoniae ,2017,1,in,"AMINOGLYCOSIDES, CARBAPENEMS, CEPHEMS, FLUOROQUINOLONES, FOLATE PATHWAY ANTAGONISTS, PENICILLINS, β-LACTAM COMBINATION AGENTS",65,657,9.89
Klebsiella pneumoniae ,2017,1,in,"CARBAPENEMS, CEPHEMS, FLUOROQUINOLONES, FOLATE PATHWAY ANTAGONISTS, PENICILLINS, β-LACTAM COMBINATION AGENTS",39,657,5.94
Klebsiella pneumoniae ,2017,2,in,"CEPHEMS, FLUOROQUINOLONES, FOLATE PATHWAY ANTAGONISTS, PENICILLINS, β-LACTAM COMBINATION AGENTS",123,577,21.32
Klebsiella pneumoniae ,2017,2,in,"AMINOGLYCOSIDES, CEPHEMS, FLUOROQUINOLONES, FOLATE PATHWAY ANTAGONISTS, PENICILLINS, β-LACTAM COMBINATION AGENTS",101,577,17.5
Klebsiella pneumoniae ,2017,2,in,"CEPHEMS, FLUOROQUINOLONES, FOLATE PATHWAY ANTAGONISTS, PENICILLINS",66,577,11.44
Klebsiella pneumoniae ,2017,2,in,"AMINOGLYCOSIDES, CARBAPENEMS, CEPHEMS, FLUOROQUINOLONES, FOLATE PATHWAY ANTAGONISTS, PENICILLINS, β-LACTAM COMBINATION AGENTS",46,577,7.97
Klebsiella pneumoniae ,2017,2,in,"CARBAPENEMS, CEPHEMS, FLUOROQUINOLONES, FOLATE PATHWAY ANTAGONISTS, PENICILLINS, β-LACTAM COMBINATION AGENTS",34,577,5.89
Klebsiella pneumoniae ,2017,3,in,"CEPHEMS, FLUOROQUINOLONES, FOLATE PATHWAY ANTAGONISTS, PENICILLINS, β-LACTAM COMBINATION AGENTS",153,681,22.47
Klebsiella pneumoniae ,2017,3,in,"AMINOGLYCOSIDES, CEPHEMS, FLUOROQUINOLONES, FOLATE PATHWAY ANTAGONISTS, PENICILLINS, β-LACTAM COMBINATION AGENTS",127,681,18.65
Klebsiella pneumoniae ,2017,3,in,"CEPHEMS, FLUOROQUINOLONES, FOLATE PATHWAY ANTAGONISTS, PENICILLINS",56,681,8.22
Klebsiella pneumoniae ,2017,3,in,"AMINOGLYCOSIDES, CARBAPENEMS, CEPHEMS, FLUOROQUINOLONES, FOLATE PATHWAY ANTAGONISTS, PENICILLINS, β-LACTAM COMBINATION AGENTS",52,681,7.64
Klebsiella pneumoniae ,2017,3,in,"CARBAPENEMS, CEPHEMS, FLUOROQUINOLONES, FOLATE PATHWAY ANTAGONISTS, PENICILLINS, β-LACTAM COMBINATION AGENTS",34,681,4.99
Klebsiella pneumoniae ,2017,4,in,"CEPHEMS, FLUOROQUINOLONES, FOLATE PATHWAY ANTAGONISTS, PENICILLINS, β-LACTAM COMBINATION AGENTS",120,630,19.05
Klebsiella pneumoniae ,2017,4,in,"AMINOGLYCOSIDES, CEPHEMS, FLUOROQUINOLONES, FOLATE PATHWAY ANTAGONISTS, PENICILLINS, β-LACTAM COMBINATION AGENTS",97,630,15.4
Klebsiella pneumoniae ,2017,4,in,"CEPHEMS, FLUOROQUINOLONES, FOLATE PATHWAY ANTAGONISTS, PENICILLINS",80,630,12.7
Klebsiella pneumoniae ,2017,4,in,"AMINOGLYCOSIDES, CARBAPENEMS, CEPHEMS, FLUOROQUINOLONES, FOLATE PATHWAY ANTAGONISTS, PENICILLINS, β-LACTAM COMBINATION AGENTS",58,630,9.21
Klebsiella pneumoniae ,2017,4,in,"CARBAPENEMS, CEPHEMS, FLUOROQUINOLONES, FOLATE PATHWAY ANTAGONISTS, PENICILLINS, β-LACTAM COMBINATION AGENTS",33,630,5.24
Klebsiella pneumoniae ,2017,5,in,"CEPHEMS, FLUOROQUINOLONES, FOLATE PATHWAY ANTAGONISTS, PENICILLINS, β-LACTAM COMBINATION AGENTS",99,638,15.52
Klebsiella pneumoniae ,2017,5,in,"AMINOGLYCOSIDES, CEPHEMS, FLUOROQUINOLONES, FOLATE PATHWAY ANTAGONISTS, PENICILLINS, β-LACTAM COMBINATION AGENTS",97,638,15.2
Klebsiella pneumoniae ,2017,5,in,"CEPHEMS, FLUOROQUINOLONES, FOLATE PATHWAY ANTAGONISTS, PENICILLINS",89,638,13.95
Klebsiella pneumoniae ,2017,5,in,"AMINOGLYCOSIDES, CARBAPENEMS, CEPHEMS, FLUOROQUINOLONES, FOLATE PATHWAY ANTAGONISTS, PENICILLINS, β-LACTAM COMBINATION AGENTS",58,638,9.09
Klebsiella pneumoniae ,2017,5,in,"CARBAPENEMS, CEPHEMS, FLUOROQUINOLONES, FOLATE PATHWAY ANTAGONISTS, PENICILLINS, β-LACTAM COMBINATION AGENTS",30,638,4.7
Klebsiella pneumoniae ,2017,6,in,"CEPHEMS, FLUOROQUINOLONES, FOLATE PATHWAY ANTAGONISTS, PENICILLINS, β-LACTAM COMBINATION AGENTS",119,660,18.03
Klebsiella pneumoniae ,2017,6,in,"AMINOGLYCOSIDES, CEPHEMS, FLUOROQUINOLONES, FOLATE PATHWAY ANTAGONISTS, PENICILLINS, β-LACTAM COMBINATION AGENTS",107,660,16.21
Klebsiella pneumoniae ,2017,6,in,"CEPHEMS, FLUOROQUINOLONES, FOLATE PATHWAY ANTAGONISTS, PENICILLINS",84,660,12.73
Klebsiella pneumoniae ,2017,6,in,"AMINOGLYCOSIDES, CARBAPENEMS, CEPHEMS, FLUOROQUINOLONES, FOLATE PATHWAY ANTAGONISTS, PENICILLINS, β-LACTAM COMBINATION AGENTS",53,660,8.03
Klebsiella pneumoniae ,2017,6,in,"CARBAPENEMS, CEPHEMS, FLUOROQUINOLONES, FOLATE PATHWAY ANTAGONISTS, PENICILLINS, β-LACTAM COMBINATION AGENTS",33,660,5.0
Klebsiella pneumoniae ,2017,7,in,"AMINOGLYCOSIDES, CEPHEMS, FLUOROQUINOLONES, FOLATE PATHWAY ANTAGONISTS, PENICILLINS, β-LACTAM COMBINATION AGENTS",127,734,17.3
Klebsiella pneumoniae ,2017,7,in,"CEPHEMS, FLUOROQUINOLONES, FOLATE PATHWAY ANTAGONISTS, PENICILLINS, β-LACTAM COMBINATION AGENTS",127,734,17.3
Klebsiella pneumoniae ,2017,7,in,"CEPHEMS, FLUOROQUINOLONES, FOLATE PATHWAY ANTAGONISTS, PENICILLINS",87,734,11.85
Klebsiella pneumoniae ,2017,7,in,"AMINOGLYCOSIDES, CARBAPENEMS, CEPHEMS, FLUOROQUINOLONES, FOLATE PATHWAY ANTAGONISTS, PENICILLINS, β-LACTAM COMBINATION AGENTS",63,734,8.58
Klebsiella pneumoniae ,2017,7,in,"CARBAPENEMS, CEPHEMS, FLUOROQUINOLONES, FOLATE PATHWAY ANTAGONISTS, PENICILLINS, β-LACTAM COMBINATION AGENTS",45,734,6.13
Klebsiella pneumoniae ,2017,8,in,"CEPHEMS, FLUOROQUINOLONES, FOLATE PATHWAY ANTAGONISTS, PENICILLINS, β-LACTAM COMBINATION AGENTS",122,723,16.87
Klebsiella pneumoniae ,2017,8,in,"AMINOGLYCOSIDES, CEPHEMS, FLUOROQUINOLONES, FOLATE PATHWAY ANTAGONISTS, PENICILLINS, β-LACTAM COMBINATION AGENTS",113,723,15.63
Klebsiella pneumoniae ,2017,8,in,"CEPHEMS, FLUOROQUINOLONES, FOLATE PATHWAY ANTAGONISTS, PENICILLINS",94,723,13.0
Klebsiella pneumoniae ,2017,8,in,"AMINOGLYCOSIDES, CARBAPENEMS, CEPHEMS, FLUOROQUINOLONES, FOLATE PATHWAY ANTAGONISTS, PENICILLINS, β-LACTAM COMBINATION AGENTS",61,723,8.44
Klebsiella pneumoniae ,2017,8,in,"CARBAPENEMS, CEPHEMS, FLUOROQUINOLONES, FOLATE PATHWAY ANTAGONISTS, PENICILLINS, β-LACTAM COMBINATION AGENTS",48,723,6.64
Klebsiella pneumoniae ,2017,9,in,"CEPHEMS, FLUOROQUINOLONES, FOLATE PATHWAY ANTAGONISTS, PENICILLINS, β-LACTAM COMBINATION AGENTS",101,629,16.06
Klebsiella pneumoniae ,2017,9,in,"AMINOGLYCOSIDES, CEPHEMS, FLUOROQUINOLONES, FOLATE PATHWAY ANTAGONISTS, PENICILLINS, β-LACTAM COMBINATION AGENTS",96,629,15.26
Klebsiella pneumoniae ,2017,9,in,"CEPHEMS, FLUOROQUINOLONES, FOLATE PATHWAY ANTAGONISTS, PENICILLINS",84,629,13.35
Klebsiella pneumoniae ,2017,9,in,"AMINOGLYCOSIDES, CARBAPENEMS, CEPHEMS, FLUOROQUINOLONES, FOLATE PATHWAY ANTAGONISTS, PENICILLINS, β-LACTAM COMBINATION AGENTS",70,629,11.13
Klebsiella pneumoniae ,2017,9,in,"CARBAPENEMS, CEPHEMS, FLUOROQUINOLONES, FOLATE PATHWAY ANTAGONISTS, PENICILLINS, β-LACTAM COMBINATION AGENTS",23,629,3.66
Klebsiella pneumoniae ,2017,10,in,"CEPHEMS, FLUOROQUINOLONES, FOLATE PATHWAY ANTAGONISTS, PENICILLINS, β-LACTAM COMBINATION AGENTS",104,677,15.36
Klebsiella pneumoniae ,2017,10,in,"AMINOGLYCOSIDES, CEPHEMS, FLUOROQUINOLONES, FOLATE PATHWAY ANTAGONISTS, PENICILLINS, β-LACTAM COMBINATION AGENTS",102,677,15.07
Klebsiella pneumoniae ,2017,10,in,"CEPHEMS, FLUOROQUINOLONES, FOLATE PATHWAY ANTAGONISTS, PENICILLINS",89,677,13.15
Klebsiella pneumoniae ,2017,10,in,"AMINOGLYCOSIDES, CARBAPENEMS, CEPHEMS, FLUOROQUINOLONES, FOLATE PATHWAY ANTAGONISTS, PENICILLINS, β-LACTAM COMBINATION AGENTS",78,677,11.52
Klebsiella pneumoniae ,2017,10,in,"CARBAPENEMS, CEPHEMS, FLUOROQUINOLONES, FOLATE PATHWAY ANTAGONISTS, PENICILLINS, β-LACTAM COMBINATION AGENTS",40,677,5.91
Klebsiella pneumoniae ,2017,11,in,"CEPHEMS, FLUOROQUINOLONES, FOLATE PATHWAY ANTAGONISTS, PENICILLINS, β-LACTAM COMBINATION AGENTS",79,526,15.02
Klebsiella pneumoniae ,2017,11,in,"AMINOGLYCOSIDES, CEPHEMS, FLUOROQUINOLONES, FOLATE PATHWAY ANTAGONISTS, PENICILLINS, β-LACTAM COMBINATION AGENTS",78,526,14.83
Klebsiella pneumoniae ,2017,11,in,"CEPHEMS, FLUOROQUINOLONES, FOLATE PATHWAY ANTAGONISTS, PENICILLINS",67,526,12.74
Klebsiella pneumoniae ,2017,11,in,"AMINOGLYCOSIDES, CARBAPENEMS, CEPHEMS, FLUOROQUINOLONES, FOLATE PATHWAY ANTAGONISTS, PENICILLINS, β-LACTAM COMBINATION AGENTS",61,526,11.6
Klebsiella pneumoniae ,2017,11,in,"CARBAPENEMS, CEPHEMS, FLUOROQUINOLONES, FOLATE PATHWAY ANTAGONISTS, PENICILLINS, β-LACTAM COMBINATION AGENTS",29,526,5.51
Klebsiella pneumoniae ,2017,12,in,"CEPHEMS, FLUOROQUINOLONES, FOLATE PATHWAY ANTAGONISTS, PENICILLINS, β-LACTAM COMBINATION AGENTS",96,495,19.39
Klebsiella pneumoniae ,2017,12,in,"AMINOGLYCOSIDES, CEPHEMS, FLUOROQUINOLONES, FOLATE PATHWAY ANTAGONISTS, PENICILLINS, β-LACTAM COMBINATION AGENTS",59,495,11.92
Klebsiella pneumoniae ,2017,12,in,"CEPHEMS, FLUOROQUINOLONES, FOLATE PATHWAY ANTAGONISTS, PENICILLINS",53,495,10.71
Klebsiella pneumoniae ,2017,12,in,"AMINOGLYCOSIDES, CARBAPENEMS, CEPHEMS, FLUOROQUINOLONES, FOLATE PATHWAY ANTAGONISTS, PENICILLINS, β-LACTAM COMBINATION AGENTS",41,495,8.28
Klebsiella pneumoniae ,2017,12,in,"CARBAPENEMS, CEPHEMS, FLUOROQUINOLONES, FOLATE PATHWAY ANTAGONISTS, PENICILLINS, β-LACTAM COMBINATION AGENTS",27,495,5.45
Klebsiella pneumoniae ,2018,1,in,"AMINOGLYCOSIDES, CEPHEMS, FLUOROQUINOLONES, FOLATE PATHWAY ANTAGONISTS, PENICILLINS, β-LACTAM COMBINATION AGENTS",80,424,18.87
Klebsiella pneumoniae ,2018,1,in,"CEPHEMS, FLUOROQUINOLONES, FOLATE PATHWAY ANTAGONISTS, PENICILLINS, β-LACTAM COMBINATION AGENTS",67,424,15.8
Klebsiella pneumoniae ,2018,1,in,"AMINOGLYCOSIDES, CARBAPENEMS, CEPHEMS, FLUOROQUINOLONES, FOLATE PATHWAY ANTAGONISTS, PENICILLINS, β-LACTAM COMBINATION AGENTS",58,424,13.68
Klebsiella pneumoniae ,2018,1,in,"CARBAPENEMS, CEPHEMS, FLUOROQUINOLONES, FOLATE PATHWAY ANTAGONISTS, PENICILLINS, β-LACTAM COMBINATION AGENTS",30,424,7.08
Klebsiella pneumoniae ,2018,1,in,"CEPHEMS, FLUOROQUINOLONES, FOLATE PATHWAY ANTAGONISTS, PENICILLINS",23,424,5.42
Klebsiella pneumoniae ,2018,2,in,"AMINOGLYCOSIDES, CEPHEMS, FLUOROQUINOLONES, FOLATE PATHWAY ANTAGONISTS, PENICILLINS, β-LACTAM COMBINATION AGENTS",64,355,18.03
Klebsiella pneumoniae ,2018,2,in,"CEPHEMS, FLUOROQUINOLONES, FOLATE PATHWAY ANTAGONISTS, PENICILLINS, β-LACTAM COMBINATION AGENTS",47,355,13.24
Klebsiella pneumoniae ,2018,2,in,"AMINOGLYCOSIDES, CARBAPENEMS, CEPHEMS, FLUOROQUINOLONES, FOLATE PATHWAY ANTAGONISTS, PENICILLINS, β-LACTAM COMBINATION AGENTS",43,355,12.11
Klebsiella pneumoniae ,2018,2,in,"CEPHEMS, FLUOROQUINOLONES, FOLATE PATHWAY ANTAGONISTS, PENICILLINS",26,355,7.32
Klebsiella pneumoniae ,2018,2,in,"CARBAPENEMS, CEPHEMS, FLUOROQUINOLONES, FOLATE PATHWAY ANTAGONISTS, PENICILLINS, β-LACTAM COMBINATION AGENTS",23,355,6.48
Klebsiella pneumoniae ,2018,3,in,"CEPHEMS, FLUOROQUINOLONES, FOLATE PATHWAY ANTAGONISTS, PENICILLINS, β-LACTAM COMBINATION AGENTS",75,408,18.38
Klebsiella pneumoniae ,2018,3,in,"AMINOGLYCOSIDES, CEPHEMS, FLUOROQUINOLONES, FOLATE PATHWAY ANTAGONISTS, PENICILLINS, β-LACTAM COMBINATION AGENTS",63,408,15.44
Klebsiella pneumoniae ,2018,3,in,"AMINOGLYCOSIDES, CARBAPENEMS, CEPHEMS, FLUOROQUINOLONES, FOLATE PATHWAY ANTAGONISTS, PENICILLINS, β-LACTAM COMBINATION AGENTS",51,408,12.5
Klebsiella pneumoniae ,2018,3,in,"CARBAPENEMS, CEPHEMS, FLUOROQUINOLONES, FOLATE PATHWAY ANTAGONISTS, PENICILLINS, β-LACTAM COMBINATION AGENTS",40,408,9.8
Klebsiella pneumoniae ,2018,3,in,"CEPHEMS, FLUOROQUINOLONES, FOLATE PATHWAY ANTAGONISTS, PENICILLINS",28,408,6.86
Klebsiella pneumoniae ,2018,4,in,"AMINOGLYCOSIDES, CEPHEMS, FLUOROQUINOLONES, FOLATE PATHWAY ANTAGONISTS, PENICILLINS, β-LACTAM COMBINATION AGENTS",62,378,16.4
Klebsiella pneumoniae ,2018,4,in,"CEPHEMS, FLUOROQUINOLONES, FOLATE PATHWAY ANTAGONISTS, PENICILLINS, β-LACTAM COMBINATION AGENTS",51,378,13.49
Klebsiella pneumoniae ,2018,4,in,"AMINOGLYCOSIDES, CARBAPENEMS, CEPHEMS, FLUOROQUINOLONES, FOLATE PATHWAY ANTAGONISTS, PENICILLINS, β-LACTAM COMBINATION AGENTS",45,378,11.9
Klebsiella pneumoniae ,2018,4,in,"CARBAPENEMS, CEPHEMS, FLUOROQUINOLONES, FOLATE PATHWAY ANTAGONISTS, PENICILLINS, β-LACTAM COMBINATION AGENTS",34,378,8.99
Klebsiella pneumoniae ,2018,4,in,"CEPHEMS, FLUOROQUINOLONES, FOLATE PATHWAY ANTAGONISTS, PENICILLINS",19,378,5.03
Klebsiella pneumoniae ,2018,5,in,"AMINOGLYCOSIDES, CEPHEMS, FLUOROQUINOLONES, FOLATE PATHWAY ANTAGONISTS, PENICILLINS, β-LACTAM COMBINATION AGENTS",74,398,18.59
Klebsiella pneumoniae ,2018,5,in,"CEPHEMS, FLUOROQUINOLONES, FOLATE PATHWAY ANTAGONISTS, PENICILLINS, β-LACTAM COMBINATION AGENTS",58,398,14.57
Klebsiella pneumoniae ,2018,5,in,"AMINOGLYCOSIDES, CARBAPENEMS, CEPHEMS, FLUOROQUINOLONES, FOLATE PATHWAY ANTAGONISTS, PENICILLINS, β-LACTAM COMBINATION AGENTS",48,398,12.06
Klebsiella pneumoniae ,2018,5,in,"CARBAPENEMS, CEPHEMS, FLUOROQUINOLONES, FOLATE PATHWAY ANTAGONISTS, PENICILLINS, β-LACTAM COMBINATION AGENTS",32,398,8.04
Klebsiella pneumoniae ,2018,5,in,"CEPHEMS, FLUOROQUINOLONES, FOLATE PATHWAY ANTAGONISTS, PENICILLINS",32,398,8.04
Klebsiella pneumoniae ,2018,6,in,"CEPHEMS, FLUOROQUINOLONES, FOLATE PATHWAY ANTAGONISTS, PENICILLINS, β-LACTAM COMBINATION AGENTS",61,389,15.68
Klebsiella pneumoniae ,2018,6,in,"AMINOGLYCOSIDES, CEPHEMS, FLUOROQUINOLONES, FOLATE PATHWAY ANTAGONISTS, PENICILLINS, β-LACTAM COMBINATION AGENTS",59,389,15.17
Klebsiella pneumoniae ,2018,6,in,"AMINOGLYCOSIDES, CARBAPENEMS, CEPHEMS, FLUOROQUINOLONES, FOLATE PATHWAY ANTAGONISTS, PENICILLINS, β-LACTAM COMBINATION AGENTS",55,389,14.14
Klebsiella pneumoniae ,2018,6,in,"CARBAPENEMS, CEPHEMS, FLUOROQUINOLONES, FOLATE PATHWAY ANTAGONISTS, PENICILLINS, β-LACTAM COMBINATION AGENTS",33,389,8.48
Klebsiella pneumoniae ,2018,6,in,"CEPHEMS, FLUOROQUINOLONES, FOLATE PATHWAY ANTAGONISTS, PENICILLINS",23,389,5.91
Klebsiella pneumoniae ,2018,7,in,"AMINOGLYCOSIDES, CEPHEMS, FLUOROQUINOLONES, FOLATE PATHWAY ANTAGONISTS, PENICILLINS, β-LACTAM COMBINATION AGENTS",59,388,15.21
Klebsiella pneumoniae ,2018,7,in,"CEPHEMS, FLUOROQUINOLONES, FOLATE PATHWAY ANTAGONISTS, PENICILLINS, β-LACTAM COMBINATION AGENTS",54,388,13.92
Klebsiella pneumoniae ,2018,7,in,"AMINOGLYCOSIDES, CARBAPENEMS, CEPHEMS, FLUOROQUINOLONES, FOLATE PATHWAY ANTAGONISTS, PENICILLINS, β-LACTAM COMBINATION AGENTS",46,388,11.86
Klebsiella pneumoniae ,2018,7,in,"CARBAPENEMS, CEPHEMS, FLUOROQUINOLONES, FOLATE PATHWAY ANTAGONISTS, PENICILLINS, β-LACTAM COMBINATION AGENTS",39,388,10.05
Klebsiella pneumoniae ,2018,7,in,"CEPHEMS, FLUOROQUINOLONES, FOLATE PATHWAY ANTAGONISTS, PENICILLINS",19,388,4.9
Klebsiella pneumoniae ,2018,8,in,"AMINOGLYCOSIDES, CARBAPENEMS, CEPHEMS, FLUOROQUINOLONES, FOLATE PATHWAY ANTAGONISTS, PENICILLINS, β-LACTAM COMBINATION AGENTS",75,465,16.13
Klebsiella pneumoniae ,2018,8,in,"AMINOGLYCOSIDES, CEPHEMS, FLUOROQUINOLONES, FOLATE PATHWAY ANTAGONISTS, PENICILLINS, β-LACTAM COMBINATION AGENTS",71,465,15.27
Klebsiella pneumoniae ,2018,8,in,"CEPHEMS, FLUOROQUINOLONES, FOLATE PATHWAY ANTAGONISTS, PENICILLINS, β-LACTAM COMBINATION AGENTS",68,465,14.62
Klebsiella pneumoniae ,2018,8,in,"CEPHEMS, FLUOROQUINOLONES, FOLATE PATHWAY ANTAGONISTS, PENICILLINS",33,465,7.1
Klebsiella pneumoniae ,2018,8,in,"CARBAPENEMS, CEPHEMS, FLUOROQUINOLONES, FOLATE PATHWAY ANTAGONISTS, PENICILLINS, β-LACTAM COMBINATION AGENTS",29,465,6.24
Klebsiella pneumoniae ,2018,9,in,"AMINOGLYCOSIDES, CEPHEMS, FLUOROQUINOLONES, FOLATE PATHWAY ANTAGONISTS, PENICILLINS, β-LACTAM COMBINATION AGENTS",78,450,17.33
Klebsiella pneumoniae ,2018,9,in,"CEPHEMS, FLUOROQUINOLONES, FOLATE PATHWAY ANTAGONISTS, PENICILLINS, β-LACTAM COMBINATION AGENTS",75,450,16.67
Klebsiella pneumoniae ,2018,9,in,"AMINOGLYCOSIDES, CARBAPENEMS, CEPHEMS, FLUOROQUINOLONES, FOLATE PATHWAY ANTAGONISTS, PENICILLINS, β-LACTAM COMBINATION AGENTS",71,450,15.78
Klebsiella pneumoniae ,2018,9,in,"CARBAPENEMS, CEPHEMS, FLUOROQUINOLONES, FOLATE PATHWAY ANTAGONISTS, PENICILLINS, β-LACTAM COMBINATION AGENTS",26,450,5.78
Klebsiella pneumoniae ,2018,9,in,"CEPHEMS, FLUOROQUINOLONES, FOLATE PATHWAY ANTAGONISTS, PENICILLINS",26,450,5.78
Klebsiella pneumoniae ,2018,10,in,"CEPHEMS, FLUOROQUINOLONES, FOLATE PATHWAY ANTAGONISTS, PENICILLINS, β-LACTAM COMBINATION AGENTS",80,448,17.86
Klebsiella pneumoniae ,2018,10,in,"AMINOGLYCOSIDES, CEPHEMS, FLUOROQUINOLONES, FOLATE PATHWAY ANTAGONISTS, PENICILLINS, β-LACTAM COMBINATION AGENTS",72,448,16.07
Klebsiella pneumoniae ,2018,10,in,"AMINOGLYCOSIDES, CARBAPENEMS, CEPHEMS, FLUOROQUINOLONES, FOLATE PATHWAY ANTAGONISTS, PENICILLINS, β-LACTAM COMBINATION AGENTS",59,448,13.17
Klebsiella pneumoniae ,2018,10,in,"CEPHEMS, FLUOROQUINOLONES, FOLATE PATHWAY ANTAGONISTS, PENICILLINS",33,448,7.37
Klebsiella pneumoniae ,2018,10,in,"CARBAPENEMS, CEPHEMS, FLUOROQUINOLONES, FOLATE PATHWAY ANTAGONISTS, PENICILLINS, β-LACTAM COMBINATION AGENTS",23,448,5.13
Klebsiella pneumoniae ,2018,11,in,"AMINOGLYCOSIDES, CEPHEMS, FLUOROQUINOLONES, FOLATE PATHWAY ANTAGONISTS, PENICILLINS, β-LACTAM COMBINATION AGENTS",71,418,16.99
Klebsiella pneumoniae ,2018,11,in,"CEPHEMS, FLUOROQUINOLONES, FOLATE PATHWAY ANTAGONISTS, PENICILLINS, β-LACTAM COMBINATION AGENTS",67,418,16.03
Klebsiella pneumoniae ,2018,11,in,"AMINOGLYCOSIDES, CARBAPENEMS, CEPHEMS, FLUOROQUINOLONES, FOLATE PATHWAY ANTAGONISTS, PENICILLINS, β-LACTAM COMBINATION AGENTS",63,418,15.07
Klebsiella pneumoniae ,2018,11,in,"CARBAPENEMS, CEPHEMS, FLUOROQUINOLONES, FOLATE PATHWAY ANTAGONISTS, PENICILLINS, β-LACTAM COMBINATION AGENTS",35,418,8.37
Klebsiella pneumoniae ,2018,11,in,"CEPHEMS, FLUOROQUINOLONES, FOLATE PATHWAY ANTAGONISTS, PENICILLINS",29,418,6.94
Klebsiella pneumoniae ,2018,12,in,"CEPHEMS, FLUOROQUINOLONES, FOLATE PATHWAY ANTAGONISTS, PENICILLINS, β-LACTAM COMBINATION AGENTS",63,337,18.69
Klebsiella pneumoniae ,2018,12,in,"AMINOGLYCOSIDES, CARBAPENEMS, CEPHEMS, FLUOROQUINOLONES, FOLATE PATHWAY ANTAGONISTS, PENICILLINS, β-LACTAM COMBINATION AGENTS",46,337,13.65
Klebsiella pneumoniae ,2018,12,in,"AMINOGLYCOSIDES, CEPHEMS, FLUOROQUINOLONES, FOLATE PATHWAY ANTAGONISTS, PENICILLINS, β-LACTAM COMBINATION AGENTS",45,337,13.35
Klebsiella pneumoniae ,2018,12,in,"CARBAPENEMS, CEPHEMS, FLUOROQUINOLONES, FOLATE PATHWAY ANTAGONISTS, PENICILLINS, β-LACTAM COMBINATION AGENTS",30,337,8.9
Klebsiella pneumoniae ,2018,12,in,"CEPHEMS, FLUOROQUINOLONES, FOLATE PATHWAY ANTAGONISTS, PENICILLINS",20,337,5.93
Klebsiella pneumoniae ,2019,1,in,"CEPHEMS, FLUOROQUINOLONES, FOLATE PATHWAY ANTAGONISTS, PENICILLINS, β-LACTAM COMBINATION AGENTS",167,948,17.62
Klebsiella pneumoniae ,2019,1,in,"AMINOGLYCOSIDES, CARBAPENEMS, CEPHEMS, FLUOROQUINOLONES, FOLATE PATHWAY ANTAGONISTS, PENICILLINS, β-LACTAM COMBINATION AGENTS",132,948,13.92
Klebsiella pneumoniae ,2019,1,in,"AMINOGLYCOSIDES, CEPHEMS, FLUOROQUINOLONES, FOLATE PATHWAY ANTAGONISTS, PENICILLINS, β-LACTAM COMBINATION AGENTS",123,948,12.97
Klebsiella pneumoniae ,2019,1,in,"CARBAPENEMS, CEPHEMS, FLUOROQUINOLONES, FOLATE PATHWAY ANTAGONISTS, PENICILLINS, β-LACTAM COMBINATION AGENTS",85,948,8.97
Klebsiella pneumoniae ,2019,1,in,"CEPHEMS, FLUOROQUINOLONES, FOLATE PATHWAY ANTAGONISTS, PENICILLINS",78,948,8.23
Klebsiella pneumoniae ,2019,2,in,"CEPHEMS, FLUOROQUINOLONES, FOLATE PATHWAY ANTAGONISTS, PENICILLINS, β-LACTAM COMBINATION AGENTS",148,782,18.93
Klebsiella pneumoniae ,2019,2,in,"AMINOGLYCOSIDES, CEPHEMS, FLUOROQUINOLONES, FOLATE PATHWAY ANTAGONISTS, PENICILLINS, β-LACTAM COMBINATION AGENTS",107,782,13.68
Klebsiella pneumoniae ,2019,2,in,"AMINOGLYCOSIDES, CARBAPENEMS, CEPHEMS, FLUOROQUINOLONES, FOLATE PATHWAY ANTAGONISTS, PENICILLINS, β-LACTAM COMBINATION AGENTS",100,782,12.79
Klebsiella pneumoniae ,2019,2,in,"CEPHEMS, FLUOROQUINOLONES, FOLATE PATHWAY ANTAGONISTS, PENICILLINS",93,782,11.89
Klebsiella pneumoniae ,2019,2,in,"CARBAPENEMS, CEPHEMS, FLUOROQUINOLONES, FOLATE PATHWAY ANTAGONISTS, PENICILLINS, β-LACTAM COMBINATION AGENTS",62,782,7.93
Klebsiella pneumoniae ,2019,3,in,"CEPHEMS, FLUOROQUINOLONES, FOLATE PATHWAY ANTAGONISTS, PENICILLINS, β-LACTAM COMBINATION AGENTS",149,892,16.7
Klebsiella pneumoniae ,2019,3,in,"AMINOGLYCOSIDES, CARBAPENEMS, CEPHEMS, FLUOROQUINOLONES, FOLATE PATHWAY ANTAGONISTS, PENICILLINS, β-LACTAM COMBINATION AGENTS",108,892,12.11
Klebsiella pneumoniae ,2019,3,in,"AMINOGLYCOSIDES, CEPHEMS, FLUOROQUINOLONES, FOLATE PATHWAY ANTAGONISTS, PENICILLINS, β-LACTAM COMBINATION AGENTS",106,892,11.88
Klebsiella pneumoniae ,2019,3,in,"CEPHEMS, FLUOROQUINOLONES, FOLATE PATHWAY ANTAGONISTS, PENICILLINS",98,892,10.99
Klebsiella pneumoniae ,2019,3,in,"CARBAPENEMS, CEPHEMS, FLUOROQUINOLONES, FOLATE PATHWAY ANTAGONISTS, PENICILLINS, β-LACTAM COMBINATION AGENTS",77,892,8.63
Klebsiella pneumoniae ,2019,4,in,"CEPHEMS, FLUOROQUINOLONES, FOLATE PATHWAY ANTAGONISTS, PENICILLINS, β-LACTAM COMBINATION AGENTS",161,788,20.43
Klebsiella pneumoniae ,2019,4,in,"AMINOGLYCOSIDES, CEPHEMS, FLUOROQUINOLONES, FOLATE PATHWAY ANTAGONISTS, PENICILLINS, β-LACTAM COMBINATION AGENTS",94,788,11.93
Klebsiella pneumoniae ,2019,4,in,"AMINOGLYCOSIDES, CARBAPENEMS, CEPHEMS, FLUOROQUINOLONES, FOLATE PATHWAY ANTAGONISTS, PENICILLINS, β-LACTAM COMBINATION AGENTS",90,788,11.42
Klebsiella pneumoniae ,2019,4,in,"CEPHEMS, FLUOROQUINOLONES, FOLATE PATHWAY ANTAGONISTS, PENICILLINS",82,788,10.41
Klebsiella pneumoniae ,2019,4,in,"CARBAPENEMS, CEPHEMS, FLUOROQUINOLONES, FOLATE PATHWAY ANTAGONISTS, PENICILLINS, β-LACTAM COMBINATION AGENTS",62,788,7.87
Klebsiella pneumoniae ,2019,5,in,"CEPHEMS, FLUOROQUINOLONES, FOLATE PATHWAY ANTAGONISTS, PENICILLINS, β-LACTAM COMBINATION AGENTS",162,793,20.43
Klebsiella pneumoniae ,2019,5,in,"AMINOGLYCOSIDES, CEPHEMS, FLUOROQUINOLONES, FOLATE PATHWAY ANTAGONISTS, PENICILLINS, β-LACTAM COMBINATION AGENTS",89,793,11.22
Klebsiella pneumoniae ,2019,5,in,"AMINOGLYCOSIDES, CARBAPENEMS, CEPHEMS, FLUOROQUINOLONES, FOLATE PATHWAY ANTAGONISTS, PENICILLINS, β-LACTAM COMBINATION AGENTS",85,793,10.72
Klebsiella pneumoniae ,2019,5,in,"CEPHEMS, FLUOROQUINOLONES, FOLATE PATHWAY ANTAGONISTS, PENICILLINS",67,793,8.45
Klebsiella pneumoniae ,2019,5,in,"CARBAPENEMS, CEPHEMS, FLUOROQUINOLONES, FOLATE PATHWAY ANTAGONISTS, PENICILLINS, β-LACTAM COMBINATION AGENTS",58,793,7.31
Klebsiella pneumoniae ,2019,6,in,"CEPHEMS, FLUOROQUINOLONES, FOLATE PATHWAY ANTAGONISTS, PENICILLINS, β-LACTAM COMBINATION AGENTS",121,690,17.54
Klebsiella pneumoniae ,2019,6,in,"AMINOGLYCOSIDES, CEPHEMS, FLUOROQUINOLONES, FOLATE PATHWAY ANTAGONISTS, PENICILLINS, β-LACTAM COMBINATION AGENTS",103,690,14.93
Klebsiella pneumoniae ,2019,6,in,"AMINOGLYCOSIDES, CARBAPENEMS, CEPHEMS, FLUOROQUINOLONES, FOLATE PATHWAY ANTAGONISTS, PENICILLINS, β-LACTAM COMBINATION AGENTS",76,690,11.01
Klebsiella pneumoniae ,2019,6,in,"CARBAPENEMS, CEPHEMS, FLUOROQUINOLONES, FOLATE PATHWAY ANTAGONISTS, PENICILLINS, β-LACTAM COMBINATION AGENTS",55,690,7.97
Klebsiella pneumoniae ,2019,6,in,"CEPHEMS, FLUOROQUINOLONES, FOLATE PATHWAY ANTAGONISTS, PENICILLINS",51,690,7.39
Klebsiella pneumoniae ,2019,7,in,"CEPHEMS, FLUOROQUINOLONES, FOLATE PATHWAY ANTAGONISTS, PENICILLINS, β-LACTAM COMBINATION AGENTS",125,706,17.71
Klebsiella pneumoniae ,2019,7,in,"AMINOGLYCOSIDES, CEPHEMS, FLUOROQUINOLONES, FOLATE PATHWAY ANTAGONISTS, PENICILLINS, β-LACTAM COMBINATION AGENTS",97,706,13.74
Klebsiella pneumoniae ,2019,7,in,"AMINOGLYCOSIDES, CARBAPENEMS, CEPHEMS, FLUOROQUINOLONES, FOLATE PATHWAY ANTAGONISTS, PENICILLINS, β-LACTAM COMBINATION AGENTS",88,706,12.46
Klebsiella pneumoniae ,2019,7,in,"CEPHEMS, FLUOROQUINOLONES, FOLATE PATHWAY ANTAGONISTS, PENICILLINS",68,706,9.63
Klebsiella pneumoniae ,2019,7,in,"CARBAPENEMS, CEPHEMS, FLUOROQUINOLONES, FOLATE PATHWAY ANTAGONISTS, PENICILLINS, β-LACTAM COMBINATION AGENTS",50,706,7.08
Klebsiella pneumoniae ,2019,8,in,"CEPHEMS, FLUOROQUINOLONES, FOLATE PATHWAY ANTAGONISTS, PENICILLINS, β-LACTAM COMBINATION AGENTS",137,752,18.22
Klebsiella pneumoniae ,2019,8,in,"AMINOGLYCOSIDES, CEPHEMS, FLUOROQUINOLONES, FOLATE PATHWAY ANTAGONISTS, PENICILLINS, β-LACTAM COMBINATION AGENTS",108,752,14.36
Klebsiella pneumoniae ,2019,8,in,"CEPHEMS, FLUOROQUINOLONES, FOLATE PATHWAY ANTAGONISTS, PENICILLINS",87,752,11.57
Klebsiella pneumoniae ,2019,8,in,"AMINOGLYCOSIDES, CARBAPENEMS, CEPHEMS, FLUOROQUINOLONES, FOLATE PATHWAY ANTAGONISTS, PENICILLINS, β-LACTAM COMBINATION AGENTS",80,752,10.64
Klebsiella pneumoniae ,2019,8,in,"CARBAPENEMS, CEPHEMS, FLUOROQUINOLONES, FOLATE PATHWAY ANTAGONISTS, PENICILLINS, β-LACTAM COMBINATION AGENTS",51,752,6.78
Klebsiella pneumoniae ,2019,9,in,"CEPHEMS, FLUOROQUINOLONES, FOLATE PATHWAY ANTAGONISTS, PENICILLINS, β-LACTAM COMBINATION AGENTS",133,737,18.05
Klebsiella pneumoniae ,2019,9,in,"AMINOGLYCOSIDES, CEPHEMS, FLUOROQUINOLONES, FOLATE PATHWAY ANTAGONISTS, PENICILLINS, β-LACTAM COMBINATION AGENTS",98,737,13.3
Klebsiella pneumoniae ,2019,9,in,"AMINOGLYCOSIDES, CARBAPENEMS, CEPHEMS, FLUOROQUINOLONES, FOLATE PATHWAY ANTAGONISTS, PENICILLINS, β-LACTAM COMBINATION AGENTS",77,737,10.45
Klebsiella pneumoniae ,2019,9,in,"CARBAPENEMS, CEPHEMS, FLUOROQUINOLONES, FOLATE PATHWAY ANTAGONISTS, PENICILLINS, β-LACTAM COMBINATION AGENTS",71,737,9.63
Klebsiella pneumoniae ,2019,9,in,"CEPHEMS, FLUOROQUINOLONES, FOLATE PATHWAY ANTAGONISTS, PENICILLINS",70,737,9.5
Klebsiella pneumoniae ,2019,10,in,"CEPHEMS, FLUOROQUINOLONES, FOLATE PATHWAY ANTAGONISTS, PENICILLINS, β-LACTAM COMBINATION AGENTS",148,761,19.45
Klebsiella pneumoniae ,2019,10,in,"AMINOGLYCOSIDES, CEPHEMS, FLUOROQUINOLONES, FOLATE PATHWAY ANTAGONISTS, PENICILLINS, β-LACTAM COMBINATION AGENTS",105,761,13.8
Klebsiella pneumoniae ,2019,10,in,"AMINOGLYCOSIDES, CARBAPENEMS, CEPHEMS, FLUOROQUINOLONES, FOLATE PATHWAY ANTAGONISTS, PENICILLINS, β-LACTAM COMBINATION AGENTS",87,761,11.43
Klebsiella pneumoniae ,2019,10,in,"CARBAPENEMS, CEPHEMS, FLUOROQUINOLONES, FOLATE PATHWAY ANTAGONISTS, PENICILLINS, β-LACTAM COMBINATION AGENTS",68,761,8.94
Klebsiella pneumoniae ,2019,10,in,"CEPHEMS, FLUOROQUINOLONES, FOLATE PATHWAY ANTAGONISTS, PENICILLINS",67,761,8.8
Klebsiella pneumoniae ,2019,11,in,"AMINOGLYCOSIDES, CARBAPENEMS, CEPHEMS, FLUOROQUINOLONES, FOLATE PATHWAY ANTAGONISTS, PENICILLINS, β-LACTAM COMBINATION AGENTS",107,664,16.11
Klebsiella pneumoniae ,2019,11,in,"CEPHEMS, FLUOROQUINOLONES, FOLATE PATHWAY ANTAGONISTS, PENICILLINS, β-LACTAM COMBINATION AGENTS",102,664,15.36
Klebsiella pneumoniae ,2019,11,in,"AMINOGLYCOSIDES, CEPHEMS, FLUOROQUINOLONES, FOLATE PATHWAY ANTAGONISTS, PENICILLINS, β-LACTAM COMBINATION AGENTS",97,664,14.61
Klebsiella pneumoniae ,2019,11,in,"CEPHEMS, FLUOROQUINOLONES, FOLATE PATHWAY ANTAGONISTS, PENICILLINS",51,664,7.68
Klebsiella pneumoniae ,2019,11,in,"CARBAPENEMS, CEPHEMS, FLUOROQUINOLONES, FOLATE PATHWAY ANTAGONISTS, PENICILLINS, β-LACTAM COMBINATION AGENTS",50,664,7.53
Klebsiella pneumoniae ,2019,12,in,"AMINOGLYCOSIDES, CARBAPENEMS, CEPHEMS, FLUOROQUINOLONES, FOLATE PATHWAY ANTAGONISTS, PENICILLINS, β-LACTAM COMBINATION AGENTS",82,494,16.6
Klebsiella pneumoniae ,2019,12,in,"AMINOGLYCOSIDES, CEPHEMS, FLUOROQUINOLONES, FOLATE PATHWAY ANTAGONISTS, PENICILLINS, β-LACTAM COMBINATION AGENTS",69,494,13.97
Klebsiella pneumoniae ,2019,12,in,"CEPHEMS, FLUOROQUINOLONES, FOLATE PATHWAY ANTAGONISTS, PENICILLINS, β-LACTAM COMBINATION AGENTS",68,494,13.77
Klebsiella pneumoniae ,2019,12,in,"CARBAPENEMS, CEPHEMS, FLUOROQUINOLONES, FOLATE PATHWAY ANTAGONISTS, PENICILLINS, β-LACTAM COMBINATION AGENTS",32,494,6.48
Klebsiella pneumoniae ,2019,12,in,"CEPHEMS, FLUOROQUINOLONES, FOLATE PATHWAY ANTAGONISTS, PENICILLINS",29,494,5.87
Klebsiella pneumoniae ,2020,1,in,"AMINOGLYCOSIDES, CARBAPENEMS, CEPHEMS, FLUOROQUINOLONES, FOLATE PATHWAY ANTAGONISTS, PENICILLINS, β-LACTAM COMBINATION AGENTS",219,1069,20.49
Klebsiella pneumoniae ,2020,1,in,"AMINOGLYCOSIDES, CEPHEMS, FLUOROQUINOLONES, FOLATE PATHWAY ANTAGONISTS, PENICILLINS, β-LACTAM COMBINATION AGENTS",157,1069,14.69
Klebsiella pneumoniae ,2020,1,in,"CEPHEMS, FLUOROQUINOLONES, FOLATE PATHWAY ANTAGONISTS, PENICILLINS, β-LACTAM COMBINATION AGENTS",132,1069,12.35
Klebsiella pneumoniae ,2020,1,in,"CARBAPENEMS, CEPHEMS, FLUOROQUINOLONES, FOLATE PATHWAY ANTAGONISTS, PENICILLINS, β-LACTAM COMBINATION AGENTS",121,1069,11.32
Klebsiella pneumoniae ,2020,1,in,"CEPHEMS, FLUOROQUINOLONES, FOLATE PATHWAY ANTAGONISTS, PENICILLINS",66,1069,6.17
Klebsiella pneumoniae ,2020,2,in,"AMINOGLYCOSIDES, CARBAPENEMS, CEPHEMS, FLUOROQUINOLONES, FOLATE PATHWAY ANTAGONISTS, PENICILLINS, β-LACTAM COMBINATION AGENTS",132,790,16.71
Klebsiella pneumoniae ,2020,2,in,"CEPHEMS, FLUOROQUINOLONES, FOLATE PATHWAY ANTAGONISTS, PENICILLINS, β-LACTAM COMBINATION AGENTS",119,790,15.06
Klebsiella pneumoniae ,2020,2,in,"AMINOGLYCOSIDES, CEPHEMS, FLUOROQUINOLONES, FOLATE PATHWAY ANTAGONISTS, PENICILLINS, β-LACTAM COMBINATION AGENTS",99,790,12.53
Klebsiella pneumoniae ,2020,2,in,"CEPHEMS, FLUOROQUINOLONES, FOLATE PATHWAY ANTAGONISTS, PENICILLINS",55,790,6.96
Klebsiella pneumoniae ,2020,2,in,"CARBAPENEMS, CEPHEMS, FLUOROQUINOLONES, FOLATE PATHWAY ANTAGONISTS, PENICILLINS, β-LACTAM COMBINATION AGENTS",51,790,6.46
Klebsiella pneumoniae ,2020,3,in,"CEPHEMS, FLUOROQUINOLONES, FOLATE PATHWAY ANTAGONISTS, PENICILLINS, β-LACTAM COMBINATION AGENTS",124,781,15.88
Klebsiella pneumoniae ,2020,3,in,"AMINOGLYCOSIDES, CARBAPENEMS, CEPHEMS, FLUOROQUINOLONES, FOLATE PATHWAY ANTAGONISTS, PENICILLINS, β-LACTAM COMBINATION AGENTS",114,781,14.6
Klebsiella pneumoniae ,2020,3,in,"AMINOGLYCOSIDES, CEPHEMS, FLUOROQUINOLONES, FOLATE PATHWAY ANTAGONISTS, PENICILLINS, β-LACTAM COMBINATION AGENTS",103,781,13.19
Klebsiella pneumoniae ,2020,3,in,"CARBAPENEMS, CEPHEMS, FLUOROQUINOLONES, FOLATE PATHWAY ANTAGONISTS, PENICILLINS, β-LACTAM COMBINATION AGENTS",62,781,7.94
Klebsiella pneumoniae ,2020,3,in,"CEPHEMS, FLUOROQUINOLONES, FOLATE PATHWAY ANTAGONISTS, PENICILLINS",56,781,7.17
Klebsiella pneumoniae ,2020,4,in,"AMINOGLYCOSIDES, CARBAPENEMS, CEPHEMS, FLUOROQUINOLONES, FOLATE PATHWAY ANTAGONISTS, PENICILLINS, β-LACTAM COMBINATION AGENTS",107,631,16.96
Klebsiella pneumoniae ,2020,4,in,"CEPHEMS, FLUOROQUINOLONES, FOLATE PATHWAY ANTAGONISTS, PENICILLINS, β-LACTAM COMBINATION AGENTS",88,631,13.95
Klebsiella pneumoniae ,2020,4,in,"AMINOGLYCOSIDES, CEPHEMS, FLUOROQUINOLONES, FOLATE PATHWAY ANTAGONISTS, PENICILLINS, β-LACTAM COMBINATION AGENTS",83,631,13.15
Klebsiella pneumoniae ,2020,4,in,"CARBAPENEMS, CEPHEMS, FLUOROQUINOLONES, FOLATE PATHWAY ANTAGONISTS, PENICILLINS, β-LACTAM COMBINATION AGENTS",54,631,8.56
Klebsiella pneumoniae ,2020,4,in,"CEPHEMS, FLUOROQUINOLONES, FOLATE PATHWAY ANTAGONISTS, PENICILLINS",40,631,6.34
Klebsiella pneumoniae ,2020,5,in,"AMINOGLYCOSIDES, CARBAPENEMS, CEPHEMS, FLUOROQUINOLONES, FOLATE PATHWAY ANTAGONISTS, PENICILLINS, β-LACTAM COMBINATION AGENTS",146,746,19.57
Klebsiella pneumoniae ,2020,5,in,"CEPHEMS, FLUOROQUINOLONES, FOLATE PATHWAY ANTAGONISTS, PENICILLINS, β-LACTAM COMBINATION AGENTS",89,746,11.93
Klebsiella pneumoniae ,2020,5,in,"AMINOGLYCOSIDES, CEPHEMS, FLUOROQUINOLONES, FOLATE PATHWAY ANTAGONISTS, PENICILLINS, β-LACTAM COMBINATION AGENTS",86,746,11.53
Klebsiella pneumoniae ,2020,5,in,"CARBAPENEMS, CEPHEMS, FLUOROQUINOLONES, FOLATE PATHWAY ANTAGONISTS, PENICILLINS, β-LACTAM COMBINATION AGENTS",66,746,8.85
Klebsiella pneumoniae ,2020,5,in,"CEPHEMS, FLUOROQUINOLONES, FOLATE PATHWAY ANTAGONISTS, PENICILLINS",46,746,6.17
Klebsiella pneumoniae ,2020,6,in,"AMINOGLYCOSIDES, CARBAPENEMS, CEPHEMS, FLUOROQUINOLONES, FOLATE PATHWAY ANTAGONISTS, PENICILLINS, β-LACTAM COMBINATION AGENTS",114,671,16.99
Klebsiella pneumoniae ,2020,6,in,"CEPHEMS, FLUOROQUINOLONES, FOLATE PATHWAY ANTAGONISTS, PENICILLINS, β-LACTAM COMBINATION AGENTS",98,671,14.61
Klebsiella pneumoniae ,2020,6,in,"AMINOGLYCOSIDES, CEPHEMS, FLUOROQUINOLONES, FOLATE PATHWAY ANTAGONISTS, PENICILLINS, β-LACTAM COMBINATION AGENTS",76,671,11.33
Klebsiella pneumoniae ,2020,6,in,"CEPHEMS, FLUOROQUINOLONES, FOLATE PATHWAY ANTAGONISTS, PENICILLINS",57,671,8.49
Klebsiella pneumoniae ,2020,6,in,"CARBAPENEMS, CEPHEMS, FLUOROQUINOLONES, FOLATE PATHWAY ANTAGONISTS, PENICILLINS, β-LACTAM COMBINATION AGENTS",46,671,6.86
Klebsiella pneumoniae ,2020,7,in,"AMINOGLYCOSIDES, CARBAPENEMS, CEPHEMS, FLUOROQUINOLONES, FOLATE PATHWAY ANTAGONISTS, PENICILLINS, β-LACTAM COMBINATION AGENTS",136,881,15.44
Klebsiella pneumoniae ,2020,7,in,"CEPHEMS, FLUOROQUINOLONES, FOLATE PATHWAY ANTAGONISTS, PENICILLINS, β-LACTAM COMBINATION AGENTS",130,881,14.76
Klebsiella pneumoniae ,2020,7,in,"CARBAPENEMS, CEPHEMS, FLUOROQUINOLONES, FOLATE PATHWAY ANTAGONISTS, PENICILLINS, β-LACTAM COMBINATION AGENTS",93,881,10.56
Klebsiella pneumoniae ,2020,7,in,"AMINOGLYCOSIDES, CEPHEMS, FLUOROQUINOLONES, FOLATE PATHWAY ANTAGONISTS, PENICILLINS, β-LACTAM COMBINATION AGENTS",89,881,10.1
Klebsiella pneumoniae ,2020,7,in,"CEPHEMS, FLUOROQUINOLONES, FOLATE PATHWAY ANTAGONISTS, PENICILLINS",61,881,6.92
Klebsiella pneumoniae ,2020,8,in,"AMINOGLYCOSIDES, CARBAPENEMS, CEPHEMS, FLUOROQUINOLONES, FOLATE PATHWAY ANTAGONISTS, PENICILLINS, β-LACTAM COMBINATION AGENTS",192,957,20.06
Klebsiella pneumoniae ,2020,8,in,"CEPHEMS, FLUOROQUINOLONES, FOLATE PATHWAY ANTAGONISTS, PENICILLINS, β-LACTAM COMBINATION AGENTS",155,957,16.2
Klebsiella pneumoniae ,2020,8,in,"AMINOGLYCOSIDES, CEPHEMS, FLUOROQUINOLONES, FOLATE PATHWAY ANTAGONISTS, PENICILLINS, β-LACTAM COMBINATION AGENTS",84,957,8.78
Klebsiella pneumoniae ,2020,8,in,"CARBAPENEMS, CEPHEMS, FLUOROQUINOLONES, FOLATE PATHWAY ANTAGONISTS, PENICILLINS, β-LACTAM COMBINATION AGENTS",82,957,8.57
Klebsiella pneumoniae ,2020,8,in,"CEPHEMS, FLUOROQUINOLONES, FOLATE PATHWAY ANTAGONISTS, PENICILLINS",70,957,7.31
Klebsiella pneumoniae ,2020,9,in,"AMINOGLYCOSIDES, CARBAPENEMS, CEPHEMS, FLUOROQUINOLONES, FOLATE PATHWAY ANTAGONISTS, PENICILLINS, β-LACTAM COMBINATION AGENTS",161,901,17.87
Klebsiella pneumoniae ,2020,9,in,"CEPHEMS, FLUOROQUINOLONES, FOLATE PATHWAY ANTAGONISTS, PENICILLINS, β-LACTAM COMBINATION AGENTS",126,901,13.98
Klebsiella pneumoniae ,2020,9,in,"AMINOGLYCOSIDES, CEPHEMS, FLUOROQUINOLONES, FOLATE PATHWAY ANTAGONISTS, PENICILLINS, β-LACTAM COMBINATION AGENTS",103,901,11.43
Klebsiella pneumoniae ,2020,9,in,"CARBAPENEMS, CEPHEMS, FLUOROQUINOLONES, FOLATE PATHWAY ANTAGONISTS, PENICILLINS, β-LACTAM COMBINATION AGENTS",84,901,9.32
Klebsiella pneumoniae ,2020,9,in,"CEPHEMS, FLUOROQUINOLONES, FOLATE PATHWAY ANTAGONISTS, PENICILLINS",65,901,7.21
Klebsiella pneumoniae ,2020,10,in,"AMINOGLYCOSIDES, CARBAPENEMS, CEPHEMS, FLUOROQUINOLONES, FOLATE PATHWAY ANTAGONISTS, PENICILLINS, β-LACTAM COMBINATION AGENTS",188,997,18.86
Klebsiella pneumoniae ,2020,10,in,"CEPHEMS, FLUOROQUINOLONES, FOLATE PATHWAY ANTAGONISTS, PENICILLINS, β-LACTAM COMBINATION AGENTS",138,997,13.84
Klebsiella pneumoniae ,2020,10,in,"AMINOGLYCOSIDES, CEPHEMS, FLUOROQUINOLONES, FOLATE PATHWAY ANTAGONISTS, PENICILLINS, β-LACTAM COMBINATION AGENTS",103,997,10.33
Klebsiella pneumoniae ,2020,10,in,"CARBAPENEMS, CEPHEMS, FLUOROQUINOLONES, FOLATE PATHWAY ANTAGONISTS, PENICILLINS, β-LACTAM COMBINATION AGENTS",85,997,8.53
Klebsiella pneumoniae ,2020,10,in,"CEPHEMS, FLUOROQUINOLONES, FOLATE PATHWAY ANTAGONISTS, PENICILLINS",80,997,8.02
Klebsiella pneumoniae ,2020,11,in,"AMINOGLYCOSIDES, CARBAPENEMS, CEPHEMS, FLUOROQUINOLONES, FOLATE PATHWAY ANTAGONISTS, PENICILLINS, β-LACTAM COMBINATION AGENTS",193,863,22.36
Klebsiella pneumoniae ,2020,11,in,"CEPHEMS, FLUOROQUINOLONES, FOLATE PATHWAY ANTAGONISTS, PENICILLINS, β-LACTAM COMBINATION AGENTS",116,863,13.44
Klebsiella pneumoniae ,2020,11,in,"AMINOGLYCOSIDES, CEPHEMS, FLUOROQUINOLONES, FOLATE PATHWAY ANTAGONISTS, PENICILLINS, β-LACTAM COMBINATION AGENTS",82,863,9.5
Klebsiella pneumoniae ,2020,11,in,"CARBAPENEMS, CEPHEMS, FLUOROQUINOLONES, FOLATE PATHWAY ANTAGONISTS, PENICILLINS, β-LACTAM COMBINATION AGENTS",76,863,8.81
Klebsiella pneumoniae ,2020,11,in,"CEPHEMS, FLUOROQUINOLONES, FOLATE PATHWAY ANTAGONISTS, PENICILLINS",52,863,6.03
Klebsiella pneumoniae ,2020,12,in,"AMINOGLYCOSIDES, CARBAPENEMS, CEPHEMS, FLUOROQUINOLONES, FOLATE PATHWAY ANTAGONISTS, PENICILLINS, β-LACTAM COMBINATION AGENTS",147,777,18.92
Klebsiella pneumoniae ,2020,12,in,"CEPHEMS, FLUOROQUINOLONES, FOLATE PATHWAY ANTAGONISTS, PENICILLINS, β-LACTAM COMBINATION AGENTS",129,777,16.6
Klebsiella pneumoniae ,2020,12,in,"AMINOGLYCOSIDES, CEPHEMS, FLUOROQUINOLONES, FOLATE PATHWAY ANTAGONISTS, PENICILLINS, β-LACTAM COMBINATION AGENTS",79,777,10.17
Klebsiella pneumoniae ,2020,12,in,"CARBAPENEMS, CEPHEMS, FLUOROQUINOLONES, FOLATE PATHWAY ANTAGONISTS, PENICILLINS, β-LACTAM COMBINATION AGENTS",77,777,9.91
Klebsiella pneumoniae ,2020,12,in,"CEPHEMS, FLUOROQUINOLONES, FOLATE PATHWAY ANTAGONISTS, PENICILLINS",51,777,6.56
Klebsiella pneumoniae ,2021,1,in,"AMINOGLYCOSIDES, CARBAPENEMS, CEPHEMS, FLUOROQUINOLONES, FOLATE PATHWAY ANTAGONISTS, PENICILLINS, β-LACTAM COMBINATION AGENTS",174,976,17.83
Klebsiella pneumoniae ,2021,1,in,"CEPHEMS, FLUOROQUINOLONES, FOLATE PATHWAY ANTAGONISTS, PENICILLINS, β-LACTAM COMBINATION AGENTS",174,976,17.83
Klebsiella pneumoniae ,2021,1,in,"CARBAPENEMS, CEPHEMS, FLUOROQUINOLONES, FOLATE PATHWAY ANTAGONISTS, PENICILLINS, β-LACTAM COMBINATION AGENTS",144,976,14.75
Klebsiella pneumoniae ,2021,1,in,"AMINOGLYCOSIDES, CEPHEMS, FLUOROQUINOLONES, FOLATE PATHWAY ANTAGONISTS, PENICILLINS, β-LACTAM COMBINATION AGENTS",92,976,9.43
Klebsiella pneumoniae ,2021,1,in,"CEPHEMS, FLUOROQUINOLONES, FOLATE PATHWAY ANTAGONISTS, PENICILLINS",57,976,5.84
Klebsiella pneumoniae ,2021,2,in,"CEPHEMS, FLUOROQUINOLONES, FOLATE PATHWAY ANTAGONISTS, PENICILLINS, β-LACTAM COMBINATION AGENTS",148,801,18.48
Klebsiella pneumoniae ,2021,2,in,"AMINOGLYCOSIDES, CARBAPENEMS, CEPHEMS, FLUOROQUINOLONES, FOLATE PATHWAY ANTAGONISTS, PENICILLINS, β-LACTAM COMBINATION AGENTS",146,801,18.23
Klebsiella pneumoniae ,2021,2,in,"CARBAPENEMS, CEPHEMS, FLUOROQUINOLONES, FOLATE PATHWAY ANTAGONISTS, PENICILLINS, β-LACTAM COMBINATION AGENTS",101,801,12.61
Klebsiella pneumoniae ,2021,2,in,"AMINOGLYCOSIDES, CEPHEMS, FLUOROQUINOLONES, FOLATE PATHWAY ANTAGONISTS, PENICILLINS, β-LACTAM COMBINATION AGENTS",80,801,9.99
Klebsiella pneumoniae ,2021,2,in,"CEPHEMS, FLUOROQUINOLONES, FOLATE PATHWAY ANTAGONISTS, PENICILLINS",59,801,7.37
Klebsiella pneumoniae ,2021,3,in,"AMINOGLYCOSIDES, CARBAPENEMS, CEPHEMS, FLUOROQUINOLONES, FOLATE PATHWAY ANTAGONISTS, PENICILLINS, β-LACTAM COMBINATION AGENTS",176,921,19.11
Klebsiella pneumoniae ,2021,3,in,"CEPHEMS, FLUOROQUINOLONES, FOLATE PATHWAY ANTAGONISTS, PENICILLINS, β-LACTAM COMBINATION AGENTS",166,921,18.02
Klebsiella pneumoniae ,2021,3,in,"CARBAPENEMS, CEPHEMS, FLUOROQUINOLONES, FOLATE PATHWAY ANTAGONISTS, PENICILLINS, β-LACTAM COMBINATION AGENTS",121,921,13.14
Klebsiella pneumoniae ,2021,3,in,"AMINOGLYCOSIDES, CEPHEMS, FLUOROQUINOLONES, FOLATE PATHWAY ANTAGONISTS, PENICILLINS, β-LACTAM COMBINATION AGENTS",80,921,8.69
Klebsiella pneumoniae ,2021,3,in,"CEPHEMS, FLUOROQUINOLONES, FOLATE PATHWAY ANTAGONISTS, PENICILLINS",52,921,5.65
Klebsiella pneumoniae ,2021,4,in,"AMINOGLYCOSIDES, CARBAPENEMS, CEPHEMS, FLUOROQUINOLONES, FOLATE PATHWAY ANTAGONISTS, PENICILLINS, β-LACTAM COMBINATION AGENTS",180,812,22.17
Klebsiella pneumoniae ,2021,4,in,"CEPHEMS, FLUOROQUINOLONES, FOLATE PATHWAY ANTAGONISTS, PENICILLINS, β-LACTAM COMBINATION AGENTS",130,812,16.01
Klebsiella pneumoniae ,2021,4,in,"CARBAPENEMS, CEPHEMS, FLUOROQUINOLONES, FOLATE PATHWAY ANTAGONISTS, PENICILLINS, β-LACTAM COMBINATION AGENTS",114,812,14.04
Klebsiella pneumoniae ,2021,4,in,"AMINOGLYCOSIDES, CEPHEMS, FLUOROQUINOLONES, FOLATE PATHWAY ANTAGONISTS, PENICILLINS, β-LACTAM COMBINATION AGENTS",69,812,8.5
Klebsiella pneumoniae ,2021,4,in,"CEPHEMS, FLUOROQUINOLONES, FOLATE PATHWAY ANTAGONISTS, PENICILLINS",36,812,4.43
Klebsiella pneumoniae ,2021,5,in,"AMINOGLYCOSIDES, CARBAPENEMS, CEPHEMS, FLUOROQUINOLONES, FOLATE PATHWAY ANTAGONISTS, PENICILLINS, β-LACTAM COMBINATION AGENTS",222,957,23.2
Klebsiella pneumoniae ,2021,5,in,"CEPHEMS, FLUOROQUINOLONES, FOLATE PATHWAY ANTAGONISTS, PENICILLINS, β-LACTAM COMBINATION AGENTS",149,957,15.57
Klebsiella pneumoniae ,2021,5,in,"CARBAPENEMS, CEPHEMS, FLUOROQUINOLONES, FOLATE PATHWAY ANTAGONISTS, PENICILLINS, β-LACTAM COMBINATION AGENTS",132,957,13.79
Klebsiella pneumoniae ,2021,5,in,"CEPHEMS, FLUOROQUINOLONES, FOLATE PATHWAY ANTAGONISTS, PENICILLINS",71,957,7.42
Klebsiella pneumoniae ,2021,5,in,"AMINOGLYCOSIDES, CEPHEMS, FLUOROQUINOLONES, FOLATE PATHWAY ANTAGONISTS, PENICILLINS, β-LACTAM COMBINATION AGENTS",68,957,7.11
Klebsiella pneumoniae ,2021,6,in,"AMINOGLYCOSIDES, CARBAPENEMS, CEPHEMS, FLUOROQUINOLONES, FOLATE PATHWAY ANTAGONISTS, PENICILLINS, β-LACTAM COMBINATION AGENTS",193,942,20.49
Klebsiella pneumoniae ,2021,6,in,"CEPHEMS, FLUOROQUINOLONES, FOLATE PATHWAY ANTAGONISTS, PENICILLINS, β-LACTAM COMBINATION AGENTS",160,942,16.99
Klebsiella pneumoniae ,2021,6,in,"CARBAPENEMS, CEPHEMS, FLUOROQUINOLONES, FOLATE PATHWAY ANTAGONISTS, PENICILLINS, β-LACTAM COMBINATION AGENTS",145,942,15.39
Klebsiella pneumoniae ,2021,6,in,"AMINOGLYCOSIDES, CEPHEMS, FLUOROQUINOLONES, FOLATE PATHWAY ANTAGONISTS, PENICILLINS, β-LACTAM COMBINATION AGENTS",74,942,7.86
Klebsiella pneumoniae ,2021,6,in,"CEPHEMS, FLUOROQUINOLONES, FOLATE PATHWAY ANTAGONISTS, PENICILLINS",60,942,6.37
Klebsiella pneumoniae ,2021,7,in,"AMINOGLYCOSIDES, CARBAPENEMS, CEPHEMS, FLUOROQUINOLONES, FOLATE PATHWAY ANTAGONISTS, PENICILLINS, β-LACTAM COMBINATION AGENTS",157,758,20.71
Klebsiella pneumoniae ,2021,7,in,"CEPHEMS, FLUOROQUINOLONES, FOLATE PATHWAY ANTAGONISTS, PENICILLINS, β-LACTAM COMBINATION AGENTS",135,758,17.81
Klebsiella pneumoniae ,2021,7,in,"CARBAPENEMS, CEPHEMS, FLUOROQUINOLONES, FOLATE PATHWAY ANTAGONISTS, PENICILLINS, β-LACTAM COMBINATION AGENTS",98,758,12.93
Klebsiella pneumoniae ,2021,7,in,"AMINOGLYCOSIDES, CEPHEMS, FLUOROQUINOLONES, FOLATE PATHWAY ANTAGONISTS, PENICILLINS, β-LACTAM COMBINATION AGENTS",55,758,7.26
Klebsiella pneumoniae ,2021,7,in,"CEPHEMS, FLUOROQUINOLONES, FOLATE PATHWAY ANTAGONISTS, PENICILLINS",40,758,5.28
Klebsiella pneumoniae ,2021,8,in,"AMINOGLYCOSIDES, CARBAPENEMS, CEPHEMS, FLUOROQUINOLONES, FOLATE PATHWAY ANTAGONISTS, PENICILLINS, β-LACTAM COMBINATION AGENTS",135,800,16.88
Klebsiella pneumoniae ,2021,8,in,"CEPHEMS, FLUOROQUINOLONES, FOLATE PATHWAY ANTAGONISTS, PENICILLINS, β-LACTAM COMBINATION AGENTS",129,800,16.12
Klebsiella pneumoniae ,2021,8,in,"CARBAPENEMS, CEPHEMS, FLUOROQUINOLONES, FOLATE PATHWAY ANTAGONISTS, PENICILLINS, β-LACTAM COMBINATION AGENTS",119,800,14.88
Klebsiella pneumoniae ,2021,8,in,"AMINOGLYCOSIDES, CEPHEMS, FLUOROQUINOLONES, FOLATE PATHWAY ANTAGONISTS, PENICILLINS, β-LACTAM COMBINATION AGENTS",58,800,7.25
Klebsiella pneumoniae ,2021,8,in,"CEPHEMS, FLUOROQUINOLONES, FOLATE PATHWAY ANTAGONISTS, PENICILLINS",50,800,6.25
Klebsiella pneumoniae ,2021,9,in,"CEPHEMS, FLUOROQUINOLONES, FOLATE PATHWAY ANTAGONISTS, PENICILLINS, β-LACTAM COMBINATION AGENTS",144,802,17.96
Klebsiella pneumoniae ,2021,9,in,"CARBAPENEMS, CEPHEMS, FLUOROQUINOLONES, FOLATE PATHWAY ANTAGONISTS, PENICILLINS, β-LACTAM COMBINATION AGENTS",136,802,16.96
Klebsiella pneumoniae ,2021,9,in,"AMINOGLYCOSIDES, CARBAPENEMS, CEPHEMS, FLUOROQUINOLONES, FOLATE PATHWAY ANTAGONISTS, PENICILLINS, β-LACTAM COMBINATION AGENTS",132,802,16.46
Klebsiella pneumoniae ,2021,9,in,"CEPHEMS, FLUOROQUINOLONES, FOLATE PATHWAY ANTAGONISTS, PENICILLINS",60,802,7.48
Klebsiella pneumoniae ,2021,9,in,"AMINOGLYCOSIDES, CEPHEMS, FLUOROQUINOLONES, FOLATE PATHWAY ANTAGONISTS, PENICILLINS, β-LACTAM COMBINATION AGENTS",48,802,5.99
Klebsiella pneumoniae ,2021,10,in,"AMINOGLYCOSIDES, CARBAPENEMS, CEPHEMS, FLUOROQUINOLONES, FOLATE PATHWAY ANTAGONISTS, PENICILLINS, β-LACTAM COMBINATION AGENTS",165,862,19.14
Klebsiella pneumoniae ,2021,10,in,"CEPHEMS, FLUOROQUINOLONES, FOLATE PATHWAY ANTAGONISTS, PENICILLINS, β-LACTAM COMBINATION AGENTS",152,862,17.63
Klebsiella pneumoniae ,2021,10,in,"CARBAPENEMS, CEPHEMS, FLUOROQUINOLONES, FOLATE PATHWAY ANTAGONISTS, PENICILLINS, β-LACTAM COMBINATION AGENTS",132,862,15.31
Klebsiella pneumoniae ,2021,10,in,"AMINOGLYCOSIDES, CEPHEMS, FLUOROQUINOLONES, FOLATE PATHWAY ANTAGONISTS, PENICILLINS, β-LACTAM COMBINATION AGENTS",65,862,7.54
Klebsiella pneumoniae ,2021,10,in,"CEPHEMS, FLUOROQUINOLONES, FOLATE PATHWAY ANTAGONISTS, PENICILLINS",63,862,7.31
Klebsiella pneumoniae ,2021,11,in,"AMINOGLYCOSIDES, CARBAPENEMS, CEPHEMS, FLUOROQUINOLONES, FOLATE PATHWAY ANTAGONISTS, PENICILLINS, β-LACTAM COMBINATION AGENTS",161,829,19.42
Klebsiella pneumoniae ,2021,11,in,"CEPHEMS, FLUOROQUINOLONES, FOLATE PATHWAY ANTAGONISTS, PENICILLINS, β-LACTAM COMBINATION AGENTS",152,829,18.34
Klebsiella pneumoniae ,2021,11,in,"CARBAPENEMS, CEPHEMS, FLUOROQUINOLONES, FOLATE PATHWAY ANTAGONISTS, PENICILLINS, β-LACTAM COMBINATION AGENTS",132,829,15.92
Klebsiella pneumoniae ,2021,11,in,"CEPHEMS, FLUOROQUINOLONES, FOLATE PATHWAY ANTAGONISTS, PENICILLINS",74,829,8.93
Klebsiella pneumoniae ,2021,11,in,"AMINOGLYCOSIDES, CEPHEMS, FLUOROQUINOLONES, FOLATE PATHWAY ANTAGONISTS, PENICILLINS, β-LACTAM COMBINATION AGENTS",56,829,6.76
Klebsiella pneumoniae ,2021,12,in,"AMINOGLYCOSIDES, CARBAPENEMS, CEPHEMS, FLUOROQUINOLONES, FOLATE PATHWAY ANTAGONISTS, PENICILLINS, β-LACTAM COMBINATION AGENTS",157,718,21.87
Klebsiella pneumoniae ,2021,12,in,"CARBAPENEMS, CEPHEMS, FLUOROQUINOLONES, FOLATE PATHWAY ANTAGONISTS, PENICILLINS, β-LACTAM COMBINATION AGENTS",103,718,14.35
Klebsiella pneumoniae ,2021,12,in,"CEPHEMS, FLUOROQUINOLONES, FOLATE PATHWAY ANTAGONISTS, PENICILLINS, β-LACTAM COMBINATION AGENTS",101,718,14.07
Klebsiella pneumoniae ,2021,12,in,"CEPHEMS, FLUOROQUINOLONES, FOLATE PATHWAY ANTAGONISTS, PENICILLINS",49,718,6.82
Klebsiella pneumoniae ,2021,12,in,"AMINOGLYCOSIDES, CEPHEMS, FLUOROQUINOLONES, FOLATE PATHWAY ANTAGONISTS, PENICILLINS, β-LACTAM COMBINATION AGENTS",42,718,5.85
Klebsiella pneumoniae ,2022,1,in,"AMINOGLYCOSIDES, CARBAPENEMS, CEPHEMS, FLUOROQUINOLONES, FOLATE PATHWAY ANTAGONISTS, PENICILLINS, β-LACTAM COMBINATION AGENTS",257,859,29.92
Klebsiella pneumoniae ,2022,1,in,"CEPHEMS, FLUOROQUINOLONES, FOLATE PATHWAY ANTAGONISTS, PENICILLINS, β-LACTAM COMBINATION AGENTS",142,859,16.53
Klebsiella pneumoniae ,2022,1,in,"CARBAPENEMS, CEPHEMS, FLUOROQUINOLONES, FOLATE PATHWAY ANTAGONISTS, PENICILLINS, β-LACTAM COMBINATION AGENTS",138,859,16.07
Klebsiella pneumoniae ,2022,1,in,"CEPHEMS, FLUOROQUINOLONES, FOLATE PATHWAY ANTAGONISTS, PENICILLINS",49,859,5.7
Klebsiella pneumoniae ,2022,1,in,"AMINOGLYCOSIDES, CEPHEMS, FLUOROQUINOLONES, FOLATE PATHWAY ANTAGONISTS, PENICILLINS, β-LACTAM COMBINATION AGENTS",48,859,5.59
Klebsiella pneumoniae ,2022,2,in,"AMINOGLYCOSIDES, CARBAPENEMS, CEPHEMS, FLUOROQUINOLONES, FOLATE PATHWAY ANTAGONISTS, PENICILLINS, β-LACTAM COMBINATION AGENTS",176,690,25.51
Klebsiella pneumoniae ,2022,2,in,"CARBAPENEMS, CEPHEMS, FLUOROQUINOLONES, FOLATE PATHWAY ANTAGONISTS, PENICILLINS, β-LACTAM COMBINATION AGENTS",123,690,17.83
Klebsiella pneumoniae ,2022,2,in,"CEPHEMS, FLUOROQUINOLONES, FOLATE PATHWAY ANTAGONISTS, PENICILLINS, β-LACTAM COMBINATION AGENTS",94,690,13.62
Klebsiella pneumoniae ,2022,2,in,"AMINOGLYCOSIDES, CEPHEMS, FLUOROQUINOLONES, FOLATE PATHWAY ANTAGONISTS, PENICILLINS, β-LACTAM COMBINATION AGENTS",51,690,7.39
Klebsiella pneumoniae ,2022,2,in,"CEPHEMS, FLUOROQUINOLONES, FOLATE PATHWAY ANTAGONISTS, PENICILLINS",34,690,4.93
Klebsiella pneumoniae ,2022,3,in,"AMINOGLYCOSIDES, CARBAPENEMS, CEPHEMS, FLUOROQUINOLONES, FOLATE PATHWAY ANTAGONISTS, PENICILLINS, β-LACTAM COMBINATION AGENTS",200,731,27.36
Klebsiella pneumoniae ,2022,3,in,"CARBAPENEMS, CEPHEMS, FLUOROQUINOLONES, FOLATE PATHWAY ANTAGONISTS, PENICILLINS, β-LACTAM COMBINATION AGENTS",157,731,21.48
Klebsiella pneumoniae ,2022,3,in,"CEPHEMS, FLUOROQUINOLONES, FOLATE PATHWAY ANTAGONISTS, PENICILLINS, β-LACTAM COMBINATION AGENTS",97,731,13.27
Klebsiella pneumoniae ,2022,3,in,"AMINOGLYCOSIDES, CEPHEMS, FLUOROQUINOLONES, FOLATE PATHWAY ANTAGONISTS, PENICILLINS, β-LACTAM COMBINATION AGENTS",45,731,6.16
Klebsiella pneumoniae ,2022,3,in,"CEPHEMS, FLUOROQUINOLONES, FOLATE PATHWAY ANTAGONISTS, PENICILLINS",43,731,5.88
Klebsiella pneumoniae ,2022,4,in,"AMINOGLYCOSIDES, CARBAPENEMS, CEPHEMS, FLUOROQUINOLONES, FOLATE PATHWAY ANTAGONISTS, PENICILLINS, β-LACTAM COMBINATION AGENTS",208,684,30.41
Klebsiella pneumoniae ,2022,4,in,"CEPHEMS, FLUOROQUINOLONES, FOLATE PATHWAY ANTAGONISTS, PENICILLINS, β-LACTAM COMBINATION AGENTS",105,684,15.35
Klebsiella pneumoniae ,2022,4,in,"CARBAPENEMS, CEPHEMS, FLUOROQUINOLONES, FOLATE PATHWAY ANTAGONISTS, PENICILLINS, β-LACTAM COMBINATION AGENTS",103,684,15.06
Klebsiella pneumoniae ,2022,4,in,"AMINOGLYCOSIDES, CEPHEMS, FLUOROQUINOLONES, FOLATE PATHWAY ANTAGONISTS, PENICILLINS, β-LACTAM COMBINATION AGENTS",49,684,7.16
Klebsiella pneumoniae ,2022,4,in,"CEPHEMS, FLUOROQUINOLONES, FOLATE PATHWAY ANTAGONISTS, PENICILLINS",20,684,2.92
Klebsiella pneumoniae ,2022,5,in,"AMINOGLYCOSIDES, CARBAPENEMS, CEPHEMS, FLUOROQUINOLONES, FOLATE PATHWAY ANTAGONISTS, PENICILLINS, β-LACTAM COMBINATION AGENTS",202,670,30.15
Klebsiella pneumoniae ,2022,5,in,"CARBAPENEMS, CEPHEMS, FLUOROQUINOLONES, FOLATE PATHWAY ANTAGONISTS, PENICILLINS, β-LACTAM COMBINATION AGENTS",96,670,14.33
Klebsiella pneumoniae ,2022,5,in,"CEPHEMS, FLUOROQUINOLONES, FOLATE PATHWAY ANTAGONISTS, PENICILLINS, β-LACTAM COMBINATION AGENTS",96,670,14.33
Klebsiella pneumoniae ,2022,5,in,"AMINOGLYCOSIDES, CEPHEMS, FLUOROQUINOLONES, FOLATE PATHWAY ANTAGONISTS, PENICILLINS, β-LACTAM COMBINATION AGENTS",40,670,5.97
Klebsiella pneumoniae ,2022,5,in,"CEPHEMS, FLUOROQUINOLONES, FOLATE PATHWAY ANTAGONISTS, PENICILLINS",33,670,4.93
Klebsiella pneumoniae ,2022,6,in,"AMINOGLYCOSIDES, CARBAPENEMS, CEPHEMS, FLUOROQUINOLONES, FOLATE PATHWAY ANTAGONISTS, PENICILLINS, β-LACTAM COMBINATION AGENTS",193,624,30.93
Klebsiella pneumoniae ,2022,6,in,"CARBAPENEMS, CEPHEMS, FLUOROQUINOLONES, FOLATE PATHWAY ANTAGONISTS, PENICILLINS, β-LACTAM COMBINATION AGENTS",98,624,15.71
Klebsiella pneumoniae ,2022,6,in,"CEPHEMS, FLUOROQUINOLONES, FOLATE PATHWAY ANTAGONISTS, PENICILLINS, β-LACTAM COMBINATION AGENTS",94,624,15.06
Klebsiella pneumoniae ,2022,6,in,"AMINOGLYCOSIDES, CEPHEMS, FLUOROQUINOLONES, FOLATE PATHWAY ANTAGONISTS, PENICILLINS, β-LACTAM COMBINATION AGENTS",42,624,6.73
Klebsiella pneumoniae ,2022,6,in,"CEPHEMS, FLUOROQUINOLONES, FOLATE PATHWAY ANTAGONISTS, PENICILLINS",21,624,3.37
Klebsiella pneumoniae ,2022,7,in,"AMINOGLYCOSIDES, CARBAPENEMS, CEPHEMS, FLUOROQUINOLONES, FOLATE PATHWAY ANTAGONISTS, PENICILLINS, β-LACTAM COMBINATION AGENTS",125,426,29.34
Klebsiella pneumoniae ,2022,7,in,"CEPHEMS, FLUOROQUINOLONES, FOLATE PATHWAY ANTAGONISTS, PENICILLINS, β-LACTAM COMBINATION AGENTS",87,426,20.42
Klebsiella pneumoniae ,2022,7,in,"CARBAPENEMS, CEPHEMS, FLUOROQUINOLONES, FOLATE PATHWAY ANTAGONISTS, PENICILLINS, β-LACTAM COMBINATION AGENTS",52,426,12.21
Klebsiella pneumoniae ,2022,7,in,"AMINOGLYCOSIDES, CEPHEMS, FLUOROQUINOLONES, FOLATE PATHWAY ANTAGONISTS, PENICILLINS, β-LACTAM COMBINATION AGENTS",19,426,4.46
Klebsiella pneumoniae ,2022,7,in,"CEPHEMS, FLUOROQUINOLONES, FOLATE PATHWAY ANTAGONISTS, PENICILLINS",13,426,3.05
Klebsiella pneumoniae ,2022,8,in,"AMINOGLYCOSIDES, CARBAPENEMS, CEPHEMS, FLUOROQUINOLONES, FOLATE PATHWAY ANTAGONISTS, PENICILLINS, β-LACTAM COMBINATION AGENTS",98,433,22.63
Klebsiella pneumoniae ,2022,8,in,"CARBAPENEMS, CEPHEMS, FLUOROQUINOLONES, FOLATE PATHWAY ANTAGONISTS, PENICILLINS, β-LACTAM COMBINATION AGENTS",84,433,19.4
Klebsiella pneumoniae ,2022,8,in,"CEPHEMS, FLUOROQUINOLONES, FOLATE PATHWAY ANTAGONISTS, PENICILLINS, β-LACTAM COMBINATION AGENTS",74,433,17.09
Klebsiella pneumoniae ,2022,8,in,"AMINOGLYCOSIDES, CEPHEMS, FLUOROQUINOLONES, FOLATE PATHWAY ANTAGONISTS, PENICILLINS, β-LACTAM COMBINATION AGENTS",28,433,6.47
Klebsiella pneumoniae ,2022,8,in,"CEPHEMS, FLUOROQUINOLONES, FOLATE PATHWAY ANTAGONISTS, PENICILLINS",19,433,4.39
Klebsiella pneumoniae ,2022,9,in,"AMINOGLYCOSIDES, CARBAPENEMS, CEPHEMS, FLUOROQUINOLONES, FOLATE PATHWAY ANTAGONISTS, PENICILLINS, β-LACTAM COMBINATION AGENTS",106,463,22.89
Klebsiella pneumoniae ,2022,9,in,"CARBAPENEMS, CEPHEMS, FLUOROQUINOLONES, FOLATE PATHWAY ANTAGONISTS, PENICILLINS, β-LACTAM COMBINATION AGENTS",73,463,15.77
Klebsiella pneumoniae ,2022,9,in,"CEPHEMS, FLUOROQUINOLONES, FOLATE PATHWAY ANTAGONISTS, PENICILLINS, β-LACTAM COMBINATION AGENTS",67,463,14.47
Klebsiella pneumoniae ,2022,9,in,"CEPHEMS, FLUOROQUINOLONES, FOLATE PATHWAY ANTAGONISTS, PENICILLINS",36,463,7.78
Klebsiella pneumoniae ,2022,9,in,"AMINOGLYCOSIDES, CEPHEMS, FLUOROQUINOLONES, FOLATE PATHWAY ANTAGONISTS, PENICILLINS, β-LACTAM COMBINATION AGENTS",24,463,5.18
Klebsiella pneumoniae ,2022,10,in,"AMINOGLYCOSIDES, CARBAPENEMS, CEPHEMS, FLUOROQUINOLONES, FOLATE PATHWAY ANTAGONISTS, PENICILLINS, β-LACTAM COMBINATION AGENTS",82,368,22.28
Klebsiella pneumoniae ,2022,10,in,"CEPHEMS, FLUOROQUINOLONES, FOLATE PATHWAY ANTAGONISTS, PENICILLINS, β-LACTAM COMBINATION AGENTS",58,368,15.76
Klebsiella pneumoniae ,2022,10,in,"CARBAPENEMS, CEPHEMS, FLUOROQUINOLONES, FOLATE PATHWAY ANTAGONISTS, PENICILLINS, β-LACTAM COMBINATION AGENTS",46,368,12.5
Klebsiella pneumoniae ,2022,10,in,"CEPHEMS, FLUOROQUINOLONES, FOLATE PATHWAY ANTAGONISTS, PENICILLINS",36,368,9.78
Klebsiella pneumoniae ,2022,10,in,"AMINOGLYCOSIDES, CEPHEMS, FLUOROQUINOLONES, FOLATE PATHWAY ANTAGONISTS, PENICILLINS, β-LACTAM COMBINATION AGENTS",33,368,8.97
Klebsiella pneumoniae ,2022,11,in,"CEPHEMS, FLUOROQUINOLONES, FOLATE PATHWAY ANTAGONISTS, PENICILLINS, β-LACTAM COMBINATION AGENTS",54,322,16.77
Klebsiella pneumoniae ,2022,11,in,"AMINOGLYCOSIDES, CARBAPENEMS, CEPHEMS, FLUOROQUINOLONES, FOLATE PATHWAY ANTAGONISTS, PENICILLINS, β-LACTAM COMBINATION AGENTS",48,322,14.91
Klebsiella pneumoniae ,2022,11,in,"CARBAPENEMS, CEPHEMS, FLUOROQUINOLONES, FOLATE PATHWAY ANTAGONISTS, PENICILLINS, β-LACTAM COMBINATION AGENTS",39,322,12.11
Klebsiella pneumoniae ,2022,11,in,"CEPHEMS, FLUOROQUINOLONES, FOLATE PATHWAY ANTAGONISTS, PENICILLINS",30,322,9.32
Klebsiella pneumoniae ,2022,11,in,"AMINOGLYCOSIDES, CEPHEMS, FLUOROQUINOLONES, FOLATE PATHWAY ANTAGONISTS, PENICILLINS, β-LACTAM COMBINATION AGENTS",27,322,8.39
Klebsiella pneumoniae ,2022,12,in,"CEPHEMS, FLUOROQUINOLONES, FOLATE PATHWAY ANTAGONISTS, PENICILLINS, β-LACTAM COMBINATION AGENTS",74,331,22.36
Klebsiella pneumoniae ,2022,12,in,"AMINOGLYCOSIDES, CARBAPENEMS, CEPHEMS, FLUOROQUINOLONES, FOLATE PATHWAY ANTAGONISTS, PENICILLINS, β-LACTAM COMBINATION AGENTS",69,331,20.85
Klebsiella pneumoniae ,2022,12,in,"CARBAPENEMS, CEPHEMS, FLUOROQUINOLONES, FOLATE PATHWAY ANTAGONISTS, PENICILLINS, β-LACTAM COMBINATION AGENTS",39,331,11.78
Klebsiella pneumoniae ,2022,12,in,"CEPHEMS, FLUOROQUINOLONES, FOLATE PATHWAY ANTAGONISTS, PENICILLINS",23,331,6.95
Klebsiella pneumoniae ,2022,12,in,"AMINOGLYCOSIDES, CEPHEMS, FLUOROQUINOLONES, FOLATE PATHWAY ANTAGONISTS, PENICILLINS, β-LACTAM COMBINATION AGENTS",19,331,5.74
Klebsiella pneumoniae ,2023,1,in,"AMINOGLYCOSIDES, CARBAPENEMS, CEPHEMS, FLUOROQUINOLONES, FOLATE PATHWAY ANTAGONISTS, PENICILLINS, β-LACTAM COMBINATION AGENTS",225,725,31.03
Klebsiella pneumoniae ,2023,1,in,"CARBAPENEMS, CEPHEMS, FLUOROQUINOLONES, FOLATE PATHWAY ANTAGONISTS, PENICILLINS, β-LACTAM COMBINATION AGENTS",109,725,15.03
Klebsiella pneumoniae ,2023,1,in,"CEPHEMS, FLUOROQUINOLONES, FOLATE PATHWAY ANTAGONISTS, PENICILLINS, β-LACTAM COMBINATION AGENTS",102,725,14.07
Klebsiella pneumoniae ,2023,1,in,"AMINOGLYCOSIDES, CEPHEMS, FLUOROQUINOLONES, FOLATE PATHWAY ANTAGONISTS, PENICILLINS, β-LACTAM COMBINATION AGENTS",43,725,5.93
Klebsiella pneumoniae ,2023,1,in,"CEPHEMS, FLUOROQUINOLONES, FOLATE PATHWAY ANTAGONISTS, PENICILLINS",24,725,3.31
Klebsiella pneumoniae ,2023,2,in,"AMINOGLYCOSIDES, CARBAPENEMS, CEPHEMS, FLUOROQUINOLONES, FOLATE PATHWAY ANTAGONISTS, PENICILLINS, β-LACTAM COMBINATION AGENTS",184,630,29.21
Klebsiella pneumoniae ,2023,2,in,"CARBAPENEMS, CEPHEMS, FLUOROQUINOLONES, FOLATE PATHWAY ANTAGONISTS, PENICILLINS, β-LACTAM COMBINATION AGENTS",102,630,16.19
Klebsiella pneumoniae ,2023,2,in,"CEPHEMS, FLUOROQUINOLONES, FOLATE PATHWAY ANTAGONISTS, PENICILLINS, β-LACTAM COMBINATION AGENTS",75,630,11.9
Klebsiella pneumoniae ,2023,2,in,"AMINOGLYCOSIDES, CEPHEMS, FLUOROQUINOLONES, FOLATE PATHWAY ANTAGONISTS, PENICILLINS, β-LACTAM COMBINATION AGENTS",47,630,7.46
Klebsiella pneumoniae ,2023,2,in,"CEPHEMS, FLUOROQUINOLONES, FOLATE PATHWAY ANTAGONISTS, PENICILLINS",29,630,4.6
Klebsiella pneumoniae ,2023,3,in,"AMINOGLYCOSIDES, CARBAPENEMS, CEPHEMS, FLUOROQUINOLONES, FOLATE PATHWAY ANTAGONISTS, PENICILLINS, β-LACTAM COMBINATION AGENTS",181,674,26.85
Klebsiella pneumoniae ,2023,3,in,"CARBAPENEMS, CEPHEMS, FLUOROQUINOLONES, FOLATE PATHWAY ANTAGONISTS, PENICILLINS, β-LACTAM COMBINATION AGENTS",128,674,18.99
Klebsiella pneumoniae ,2023,3,in,"CEPHEMS, FLUOROQUINOLONES, FOLATE PATHWAY ANTAGONISTS, PENICILLINS, β-LACTAM COMBINATION AGENTS",81,674,12.02
Klebsiella pneumoniae ,2023,3,in,"AMINOGLYCOSIDES, CEPHEMS, FLUOROQUINOLONES, FOLATE PATHWAY ANTAGONISTS, PENICILLINS, β-LACTAM COMBINATION AGENTS",45,674,6.68
Klebsiella pneumoniae ,2023,3,in,"CEPHEMS, FLUOROQUINOLONES, FOLATE PATHWAY ANTAGONISTS, PENICILLINS",30,674,4.45
Klebsiella pneumoniae ,2023,4,in,"AMINOGLYCOSIDES, CARBAPENEMS, CEPHEMS, FLUOROQUINOLONES, FOLATE PATHWAY ANTAGONISTS, PENICILLINS, β-LACTAM COMBINATION AGENTS",148,612,24.18
Klebsiella pneumoniae ,2023,4,in,"CARBAPENEMS, CEPHEMS, FLUOROQUINOLONES, FOLATE PATHWAY ANTAGONISTS, PENICILLINS, β-LACTAM COMBINATION AGENTS",97,612,15.85
Klebsiella pneumoniae ,2023,4,in,"CEPHEMS, FLUOROQUINOLONES, FOLATE PATHWAY ANTAGONISTS, PENICILLINS, β-LACTAM COMBINATION AGENTS",84,612,13.73
Klebsiella pneumoniae ,2023,4,in,"AMINOGLYCOSIDES, CEPHEMS, FLUOROQUINOLONES, FOLATE PATHWAY ANTAGONISTS, PENICILLINS, β-LACTAM COMBINATION AGENTS",39,612,6.37
Klebsiella pneumoniae ,2023,4,in,"CEPHEMS, FLUOROQUINOLONES, FOLATE PATHWAY ANTAGONISTS, PENICILLINS",26,612,4.25
Klebsiella pneumoniae ,2023,5,in,"AMINOGLYCOSIDES, CARBAPENEMS, CEPHEMS, FLUOROQUINOLONES, FOLATE PATHWAY ANTAGONISTS, PENICILLINS, β-LACTAM COMBINATION AGENTS",154,694,22.19
Klebsiella pneumoniae ,2023,5,in,"CEPHEMS, FLUOROQUINOLONES, FOLATE PATHWAY ANTAGONISTS, PENICILLINS, β-LACTAM COMBINATION AGENTS",109,694,15.71
Klebsiella pneumoniae ,2023,5,in,"CARBAPENEMS, CEPHEMS, FLUOROQUINOLONES, FOLATE PATHWAY ANTAGONISTS, PENICILLINS, β-LACTAM COMBINATION AGENTS",87,694,12.54
Klebsiella pneumoniae ,2023,5,in,"AMINOGLYCOSIDES, CEPHEMS, FLUOROQUINOLONES, FOLATE PATHWAY ANTAGONISTS, PENICILLINS, β-LACTAM COMBINATION AGENTS",59,694,8.5
Klebsiella pneumoniae ,2023,5,in,"CEPHEMS, FLUOROQUINOLONES, FOLATE PATHWAY ANTAGONISTS, PENICILLINS",35,694,5.04
Klebsiella pneumoniae ,2023,6,in,"AMINOGLYCOSIDES, CARBAPENEMS, CEPHEMS, FLUOROQUINOLONES, FOLATE PATHWAY ANTAGONISTS, PENICILLINS, β-LACTAM COMBINATION AGENTS",150,634,23.66
Klebsiella pneumoniae ,2023,6,in,"CARBAPENEMS, CEPHEMS, FLUOROQUINOLONES, FOLATE PATHWAY ANTAGONISTS, PENICILLINS, β-LACTAM COMBINATION AGENTS",100,634,15.77
Klebsiella pneumoniae ,2023,6,in,"CEPHEMS, FLUOROQUINOLONES, FOLATE PATHWAY ANTAGONISTS, PENICILLINS, β-LACTAM COMBINATION AGENTS",92,634,14.51
Klebsiella pneumoniae ,2023,6,in,"AMINOGLYCOSIDES, CEPHEMS, FLUOROQUINOLONES, FOLATE PATHWAY ANTAGONISTS, PENICILLINS, β-LACTAM COMBINATION AGENTS",41,634,6.47
Klebsiella pneumoniae ,2023,6,in,"CEPHEMS, FLUOROQUINOLONES, FOLATE PATHWAY ANTAGONISTS, PENICILLINS",28,634,4.42
Klebsiella pneumoniae ,2023,7,in,"AMINOGLYCOSIDES, CARBAPENEMS, CEPHEMS, FLUOROQUINOLONES, FOLATE PATHWAY ANTAGONISTS, PENICILLINS, β-LACTAM COMBINATION AGENTS",134,598,22.41
Klebsiella pneumoniae ,2023,7,in,"CARBAPENEMS, CEPHEMS, FLUOROQUINOLONES, FOLATE PATHWAY ANTAGONISTS, PENICILLINS, β-LACTAM COMBINATION AGENTS",89,598,14.88
Klebsiella pneumoniae ,2023,7,in,"CEPHEMS, FLUOROQUINOLONES, FOLATE PATHWAY ANTAGONISTS, PENICILLINS, β-LACTAM COMBINATION AGENTS",86,598,14.38
Klebsiella pneumoniae ,2023,7,in,"AMINOGLYCOSIDES, CEPHEMS, FLUOROQUINOLONES, FOLATE PATHWAY ANTAGONISTS, PENICILLINS, β-LACTAM COMBINATION AGENTS",54,598,9.03
Klebsiella pneumoniae ,2023,7,in,"CEPHEMS, FLUOROQUINOLONES, FOLATE PATHWAY ANTAGONISTS, PENICILLINS",28,598,4.68
Klebsiella pneumoniae ,2023,8,in,"AMINOGLYCOSIDES, CARBAPENEMS, CEPHEMS, FLUOROQUINOLONES, FOLATE PATHWAY ANTAGONISTS, PENICILLINS, β-LACTAM COMBINATION AGENTS",153,596,25.67
Klebsiella pneumoniae ,2023,8,in,"CEPHEMS, FLUOROQUINOLONES, FOLATE PATHWAY ANTAGONISTS, PENICILLINS, β-LACTAM COMBINATION AGENTS",89,596,14.93
Klebsiella pneumoniae ,2023,8,in,"CARBAPENEMS, CEPHEMS, FLUOROQUINOLONES, FOLATE PATHWAY ANTAGONISTS, PENICILLINS, β-LACTAM COMBINATION AGENTS",82,596,13.76
Klebsiella pneumoniae ,2023,8,in,"AMINOGLYCOSIDES, CEPHEMS, FLUOROQUINOLONES, FOLATE PATHWAY ANTAGONISTS, PENICILLINS, β-LACTAM COMBINATION AGENTS",48,596,8.05
Klebsiella pneumoniae ,2023,8,in,"CEPHEMS, FLUOROQUINOLONES, FOLATE PATHWAY ANTAGONISTS, PENICILLINS",32,596,5.37
Klebsiella pneumoniae ,2023,9,in,"AMINOGLYCOSIDES, CARBAPENEMS, CEPHEMS, FLUOROQUINOLONES, FOLATE PATHWAY ANTAGONISTS, PENICILLINS, β-LACTAM COMBINATION AGENTS",138,606,22.77
Klebsiella pneumoniae ,2023,9,in,"CARBAPENEMS, CEPHEMS, FLUOROQUINOLONES, FOLATE PATHWAY ANTAGONISTS, PENICILLINS, β-LACTAM COMBINATION AGENTS",96,606,15.84
Klebsiella pneumoniae ,2023,9,in,"CEPHEMS, FLUOROQUINOLONES, FOLATE PATHWAY ANTAGONISTS, PENICILLINS, β-LACTAM COMBINATION AGENTS",94,606,15.51
Klebsiella pneumoniae ,2023,9,in,"AMINOGLYCOSIDES, CEPHEMS, FLUOROQUINOLONES, FOLATE PATHWAY ANTAGONISTS, PENICILLINS, β-LACTAM COMBINATION AGENTS",46,606,7.59
Klebsiella pneumoniae ,2023,9,in,"CEPHEMS, FLUOROQUINOLONES, FOLATE PATHWAY ANTAGONISTS, PENICILLINS",25,606,4.13
Klebsiella pneumoniae ,2023,10,in,"AMINOGLYCOSIDES, CARBAPENEMS, CEPHEMS, FLUOROQUINOLONES, FOLATE PATHWAY ANTAGONISTS, PENICILLINS, β-LACTAM COMBINATION AGENTS",121,612,19.77
Klebsiella pneumoniae ,2023,10,in,"CEPHEMS, FLUOROQUINOLONES, FOLATE PATHWAY ANTAGONISTS, PENICILLINS, β-LACTAM COMBINATION AGENTS",95,612,15.52
Klebsiella pneumoniae ,2023,10,in,"CARBAPENEMS, CEPHEMS, FLUOROQUINOLONES, FOLATE PATHWAY ANTAGONISTS, PENICILLINS, β-LACTAM COMBINATION AGENTS",94,612,15.36
Klebsiella pneumoniae ,2023,10,in,"AMINOGLYCOSIDES, CEPHEMS, FLUOROQUINOLONES, FOLATE PATHWAY ANTAGONISTS, PENICILLINS, β-LACTAM COMBINATION AGENTS",58,612,9.48
Klebsiella pneumoniae ,2023,10,in,"CEPHEMS, FLUOROQUINOLONES, FOLATE PATHWAY ANTAGONISTS, PENICILLINS",31,612,5.07
Klebsiella pneumoniae ,2023,11,in,"AMINOGLYCOSIDES, CARBAPENEMS, CEPHEMS, FLUOROQUINOLONES, FOLATE PATHWAY ANTAGONISTS, PENICILLINS, β-LACTAM COMBINATION AGENTS",110,537,20.48
Klebsiella pneumoniae ,2023,11,in,"CARBAPENEMS, CEPHEMS, FLUOROQUINOLONES, FOLATE PATHWAY ANTAGONISTS, PENICILLINS, β-LACTAM COMBINATION AGENTS",86,537,16.01
Klebsiella pneumoniae ,2023,11,in,"CEPHEMS, FLUOROQUINOLONES, FOLATE PATHWAY ANTAGONISTS, PENICILLINS, β-LACTAM COMBINATION AGENTS",70,537,13.04
Klebsiella pneumoniae ,2023,11,in,"AMINOGLYCOSIDES, CEPHEMS, FLUOROQUINOLONES, FOLATE PATHWAY ANTAGONISTS, PENICILLINS, β-LACTAM COMBINATION AGENTS",53,537,9.87
Klebsiella pneumoniae ,2023,11,in,"CEPHEMS, FLUOROQUINOLONES, FOLATE PATHWAY ANTAGONISTS, PENICILLINS",29,537,5.4
Klebsiella pneumoniae ,2023,12,in,"AMINOGLYCOSIDES, CARBAPENEMS, CEPHEMS, FLUOROQUINOLONES, FOLATE PATHWAY ANTAGONISTS, PENICILLINS, β-LACTAM COMBINATION AGENTS",94,436,21.56
Klebsiella pneumoniae ,2023,12,in,"CARBAPENEMS, CEPHEMS, FLUOROQUINOLONES, FOLATE PATHWAY ANTAGONISTS, PENICILLINS, β-LACTAM COMBINATION AGENTS",72,436,16.51
Klebsiella pneumoniae ,2023,12,in,"CEPHEMS, FLUOROQUINOLONES, FOLATE PATHWAY ANTAGONISTS, PENICILLINS, β-LACTAM COMBINATION AGENTS",69,436,15.83
Klebsiella pneumoniae ,2023,12,in,"AMINOGLYCOSIDES, CEPHEMS, FLUOROQUINOLONES, FOLATE PATHWAY ANTAGONISTS, PENICILLINS, β-LACTAM COMBINATION AGENTS",43,436,9.86
Klebsiella pneumoniae ,2023,12,in,"CEPHEMS, FLUOROQUINOLONES, FOLATE PATHWAY ANTAGONISTS, PENICILLINS",22,436,5.05
Klebsiella pneumoniae ,2024,1,in,"AMINOGLYCOSIDES, CARBAPENEMS, CEPHEMS, FLUOROQUINOLONES, FOLATE PATHWAY ANTAGONISTS, PENICILLINS, β-LACTAM COMBINATION AGENTS",190,875,21.71
Klebsiella pneumoniae ,2024,1,in,"CARBAPENEMS, CEPHEMS, FLUOROQUINOLONES, FOLATE PATHWAY ANTAGONISTS, PENICILLINS, β-LACTAM COMBINATION AGENTS",149,875,17.03
Klebsiella pneumoniae ,2024,1,in,"CEPHEMS, FLUOROQUINOLONES, FOLATE PATHWAY ANTAGONISTS, PENICILLINS, β-LACTAM COMBINATION AGENTS",130,875,14.86
Klebsiella pneumoniae ,2024,1,in,"AMINOGLYCOSIDES, CEPHEMS, FLUOROQUINOLONES, FOLATE PATHWAY ANTAGONISTS, PENICILLINS, β-LACTAM COMBINATION AGENTS",67,875,7.66
Klebsiella pneumoniae ,2024,1,in,"CEPHEMS, FLUOROQUINOLONES, FOLATE PATHWAY ANTAGONISTS, PENICILLINS",55,875,6.29
Klebsiella pneumoniae ,2024,2,in,"CARBAPENEMS, CEPHEMS, FLUOROQUINOLONES, FOLATE PATHWAY ANTAGONISTS, PENICILLINS, β-LACTAM COMBINATION AGENTS",157,758,20.71
Klebsiella pneumoniae ,2024,2,in,"AMINOGLYCOSIDES, CARBAPENEMS, CEPHEMS, FLUOROQUINOLONES, FOLATE PATHWAY ANTAGONISTS, PENICILLINS, β-LACTAM COMBINATION AGENTS",146,758,19.26
Klebsiella pneumoniae ,2024,2,in,"CEPHEMS, FLUOROQUINOLONES, FOLATE PATHWAY ANTAGONISTS, PENICILLINS, β-LACTAM COMBINATION AGENTS",122,758,16.09
Klebsiella pneumoniae ,2024,2,in,"CEPHEMS, FLUOROQUINOLONES, FOLATE PATHWAY ANTAGONISTS, PENICILLINS",49,758,6.46
Klebsiella pneumoniae ,2024,2,in,"AMINOGLYCOSIDES, CEPHEMS, FLUOROQUINOLONES, FOLATE PATHWAY ANTAGONISTS, PENICILLINS, β-LACTAM COMBINATION AGENTS",46,758,6.07
Klebsiella pneumoniae ,2024,3,in,"CARBAPENEMS, CEPHEMS, FLUOROQUINOLONES, FOLATE PATHWAY ANTAGONISTS, PENICILLINS, β-LACTAM COMBINATION AGENTS",151,757,19.95
Klebsiella pneumoniae ,2024,3,in,"AMINOGLYCOSIDES, CARBAPENEMS, CEPHEMS, FLUOROQUINOLONES, FOLATE PATHWAY ANTAGONISTS, PENICILLINS, β-LACTAM COMBINATION AGENTS",138,757,18.23
Klebsiella pneumoniae ,2024,3,in,"CEPHEMS, FLUOROQUINOLONES, FOLATE PATHWAY ANTAGONISTS, PENICILLINS, β-LACTAM COMBINATION AGENTS",90,757,11.89
Klebsiella pneumoniae ,2024,3,in,"CEPHEMS, FLUOROQUINOLONES, FOLATE PATHWAY ANTAGONISTS, PENICILLINS",71,757,9.38
Klebsiella pneumoniae ,2024,3,in,"AMINOGLYCOSIDES, CEPHEMS, FLUOROQUINOLONES, FOLATE PATHWAY ANTAGONISTS, PENICILLINS, β-LACTAM COMBINATION AGENTS",39,757,5.15
Klebsiella pneumoniae ,2024,4,in,"AMINOGLYCOSIDES, CARBAPENEMS, CEPHEMS, FLUOROQUINOLONES, FOLATE PATHWAY ANTAGONISTS, PENICILLINS, β-LACTAM COMBINATION AGENTS",138,755,18.28
Klebsiella pneumoniae ,2024,4,in,"CARBAPENEMS, CEPHEMS, FLUOROQUINOLONES, FOLATE PATHWAY ANTAGONISTS, PENICILLINS, β-LACTAM COMBINATION AGENTS",134,755,17.75
Klebsiella pneumoniae ,2024,4,in,"CEPHEMS, FLUOROQUINOLONES, FOLATE PATHWAY ANTAGONISTS, PENICILLINS, β-LACTAM COMBINATION AGENTS",88,755,11.66
Klebsiella pneumoniae ,2024,4,in,"CEPHEMS, FLUOROQUINOLONES, FOLATE PATHWAY ANTAGONISTS, PENICILLINS",72,755,9.54
Klebsiella pneumoniae ,2024,4,in,"AMINOGLYCOSIDES, CEPHEMS, FLUOROQUINOLONES, FOLATE PATHWAY ANTAGONISTS, PENICILLINS, β-LACTAM COMBINATION AGENTS",48,755,6.36
Klebsiella pneumoniae ,2024,5,in,"AMINOGLYCOSIDES, CARBAPENEMS, CEPHEMS, FLUOROQUINOLONES, FOLATE PATHWAY ANTAGONISTS, PENICILLINS, β-LACTAM COMBINATION AGENTS",137,733,18.69
Klebsiella pneumoniae ,2024,5,in,"CARBAPENEMS, CEPHEMS, FLUOROQUINOLONES, FOLATE PATHWAY ANTAGONISTS, PENICILLINS, β-LACTAM COMBINATION AGENTS",133,733,18.14
Klebsiella pneumoniae ,2024,5,in,"CEPHEMS, FLUOROQUINOLONES, FOLATE PATHWAY ANTAGONISTS, PENICILLINS, β-LACTAM COMBINATION AGENTS",94,733,12.82
Klebsiella pneumoniae ,2024,5,in,"AMINOGLYCOSIDES, CEPHEMS, FLUOROQUINOLONES, FOLATE PATHWAY ANTAGONISTS, PENICILLINS, β-LACTAM COMBINATION AGENTS",54,733,7.37
Klebsiella pneumoniae ,2024,5,in,"CEPHEMS, FLUOROQUINOLONES, FOLATE PATHWAY ANTAGONISTS, PENICILLINS",44,733,6.0
Klebsiella pneumoniae ,2024,6,in,"AMINOGLYCOSIDES, CARBAPENEMS, CEPHEMS, FLUOROQUINOLONES, FOLATE PATHWAY ANTAGONISTS, PENICILLINS, β-LACTAM COMBINATION AGENTS",136,672,20.24
Klebsiella pneumoniae ,2024,6,in,"CARBAPENEMS, CEPHEMS, FLUOROQUINOLONES, FOLATE PATHWAY ANTAGONISTS, PENICILLINS, β-LACTAM COMBINATION AGENTS",136,672,20.24
Klebsiella pneumoniae ,2024,6,in,"CEPHEMS, FLUOROQUINOLONES, FOLATE PATHWAY ANTAGONISTS, PENICILLINS, β-LACTAM COMBINATION AGENTS",77,672,11.46
Klebsiella pneumoniae ,2024,6,in,"CEPHEMS, FLUOROQUINOLONES, FOLATE PATHWAY ANTAGONISTS, PENICILLINS",59,672,8.78
Klebsiella pneumoniae ,2024,6,in,"AMINOGLYCOSIDES, CEPHEMS, FLUOROQUINOLONES, FOLATE PATHWAY ANTAGONISTS, PENICILLINS, β-LACTAM COMBINATION AGENTS",45,672,6.7
Klebsiella pneumoniae ,2024,7,in,"CARBAPENEMS, CEPHEMS, FLUOROQUINOLONES, FOLATE PATHWAY ANTAGONISTS, PENICILLINS, β-LACTAM COMBINATION AGENTS",141,651,21.66
Klebsiella pneumoniae ,2024,7,in,"AMINOGLYCOSIDES, CARBAPENEMS, CEPHEMS, FLUOROQUINOLONES, FOLATE PATHWAY ANTAGONISTS, PENICILLINS, β-LACTAM COMBINATION AGENTS",124,651,19.05
Klebsiella pneumoniae ,2024,7,in,"CEPHEMS, FLUOROQUINOLONES, FOLATE PATHWAY ANTAGONISTS, PENICILLINS, β-LACTAM COMBINATION AGENTS",88,651,13.52
Klebsiella pneumoniae ,2024,7,in,"CEPHEMS, FLUOROQUINOLONES, FOLATE PATHWAY ANTAGONISTS, PENICILLINS",43,651,6.61
Klebsiella pneumoniae ,2024,7,in,"AMINOGLYCOSIDES, CEPHEMS, FLUOROQUINOLONES, FOLATE PATHWAY ANTAGONISTS, PENICILLINS, β-LACTAM COMBINATION AGENTS",42,651,6.45
Klebsiella pneumoniae ,2024,8,in,"CARBAPENEMS, CEPHEMS, FLUOROQUINOLONES, FOLATE PATHWAY ANTAGONISTS, PENICILLINS, β-LACTAM COMBINATION AGENTS",174,757,22.99
Klebsiella pneumoniae ,2024,8,in,"AMINOGLYCOSIDES, CARBAPENEMS, CEPHEMS, FLUOROQUINOLONES, FOLATE PATHWAY ANTAGONISTS, PENICILLINS, β-LACTAM COMBINATION AGENTS",129,757,17.04
Klebsiella pneumoniae ,2024,8,in,"CEPHEMS, FLUOROQUINOLONES, FOLATE PATHWAY ANTAGONISTS, PENICILLINS, β-LACTAM COMBINATION AGENTS",94,757,12.42
Klebsiella pneumoniae ,2024,8,in,"AMINOGLYCOSIDES, CEPHEMS, FLUOROQUINOLONES, FOLATE PATHWAY ANTAGONISTS, PENICILLINS, β-LACTAM COMBINATION AGENTS",62,757,8.19
Klebsiella pneumoniae ,2024,8,in,"CEPHEMS, FLUOROQUINOLONES, FOLATE PATHWAY ANTAGONISTS, PENICILLINS",48,757,6.34
Klebsiella pneumoniae ,2024,9,in,"CARBAPENEMS, CEPHEMS, FLUOROQUINOLONES, FOLATE PATHWAY ANTAGONISTS, PENICILLINS, β-LACTAM COMBINATION AGENTS",120,610,19.67
Klebsiella pneumoniae ,2024,9,in,"AMINOGLYCOSIDES, CARBAPENEMS, CEPHEMS, FLUOROQUINOLONES, FOLATE PATHWAY ANTAGONISTS, PENICILLINS, β-LACTAM COMBINATION AGENTS",90,610,14.75
Klebsiella pneumoniae ,2024,9,in,"CEPHEMS, FLUOROQUINOLONES, FOLATE PATHWAY ANTAGONISTS, PENICILLINS, β-LACTAM COMBINATION AGENTS",82,610,13.44
Klebsiella pneumoniae ,2024,9,in,"AMINOGLYCOSIDES, CEPHEMS, FLUOROQUINOLONES, FOLATE PATHWAY ANTAGONISTS, PENICILLINS, β-LACTAM COMBINATION AGENTS",60,610,9.84
Klebsiella pneumoniae ,2024,9,in,"CEPHEMS, FLUOROQUINOLONES, FOLATE PATHWAY ANTAGONISTS, PENICILLINS",37,610,6.07
Klebsiella pneumoniae ,2024,10,in,"CARBAPENEMS, CEPHEMS, FLUOROQUINOLONES, FOLATE PATHWAY ANTAGONISTS, PENICILLINS, β-LACTAM COMBINATION AGENTS",147,690,21.3
Klebsiella pneumoniae ,2024,10,in,"CEPHEMS, FLUOROQUINOLONES, FOLATE PATHWAY ANTAGONISTS, PENICILLINS, β-LACTAM COMBINATION AGENTS",99,690,14.35
Klebsiella pneumoniae ,2024,10,in,"AMINOGLYCOSIDES, CARBAPENEMS, CEPHEMS, FLUOROQUINOLONES, FOLATE PATHWAY ANTAGONISTS, PENICILLINS, β-LACTAM COMBINATION AGENTS",91,690,13.19
Klebsiella pneumoniae ,2024,10,in,"AMINOGLYCOSIDES, CEPHEMS, FLUOROQUINOLONES, FOLATE PATHWAY ANTAGONISTS, PENICILLINS, β-LACTAM COMBINATION AGENTS",49,690,7.1
Klebsiella pneumoniae ,2024,10,in,"CEPHEMS, FLUOROQUINOLONES, FOLATE PATHWAY ANTAGONISTS, PENICILLINS",49,690,7.1
Klebsiella pneumoniae ,2024,11,in,"CARBAPENEMS, CEPHEMS, FLUOROQUINOLONES, FOLATE PATHWAY ANTAGONISTS, PENICILLINS, β-LACTAM COMBINATION AGENTS",144,581,24.78
Klebsiella pneumoniae ,2024,11,in,"AMINOGLYCOSIDES, CARBAPENEMS, CEPHEMS, FLUOROQUINOLONES, FOLATE PATHWAY ANTAGONISTS, PENICILLINS, β-LACTAM COMBINATION AGENTS",93,581,16.01
Klebsiella pneumoniae ,2024,11,in,"CEPHEMS, FLUOROQUINOLONES, FOLATE PATHWAY ANTAGONISTS, PENICILLINS, β-LACTAM COMBINATION AGENTS",80,581,13.77
Klebsiella pneumoniae ,2024,11,in,"AMINOGLYCOSIDES, CEPHEMS, FLUOROQUINOLONES, FOLATE PATHWAY ANTAGONISTS, PENICILLINS, β-LACTAM COMBINATION AGENTS",42,581,7.23
Klebsiella pneumoniae ,2024,11,in,"CEPHEMS, FLUOROQUINOLONES, FOLATE PATHWAY ANTAGONISTS, PENICILLINS",26,581,4.48
Klebsiella pneumoniae ,2024,12,in,"CARBAPENEMS, CEPHEMS, FLUOROQUINOLONES, FOLATE PATHWAY ANTAGONISTS, PENICILLINS, β-LACTAM COMBINATION AGENTS",117,515,22.72
Klebsiella pneumoniae ,2024,12,in,"AMINOGLYCOSIDES, CARBAPENEMS, CEPHEMS, FLUOROQUINOLONES, FOLATE PATHWAY ANTAGONISTS, PENICILLINS, β-LACTAM COMBINATION AGENTS",103,515,20.0
Klebsiella pneumoniae ,2024,12,in,"CEPHEMS, FLUOROQUINOLONES, FOLATE PATHWAY ANTAGONISTS, PENICILLINS, β-LACTAM COMBINATION AGENTS",70,515,13.59
Klebsiella pneumoniae ,2024,12,in,"AMINOGLYCOSIDES, CEPHEMS, FLUOROQUINOLONES, FOLATE PATHWAY ANTAGONISTS, PENICILLINS, β-LACTAM COMBINATION AGENTS",46,515,8.93
Klebsiella pneumoniae ,2024,12,in,"CEPHEMS, FLUOROQUINOLONES, FOLATE PATHWAY ANTAGONISTS, PENICILLINS",30,515,5.83
