organism_full,year,month,spec_type,Resistant_Drug_Classes,pattern_count,total_rows_in_spec_month,percentage
Escherichia coli,2015,1,sp,"CEPHEMS, FLUOROQUINOLONES, FOLATE PATHWAY ANTAGONISTS, PENICILLINS",16,81,19.75
Escherichia coli,2015,1,sp,"AMINOGLYCOSIDES, CEPHEMS, FLUOROQUINOLONES, FOLATE PATHWAY ANTAGONISTS, PENICILLINS, β-LACTAM COMBINATION AGENTS",14,81,17.28
Escherichia coli,2015,1,sp,"AMINOGLYCOSIDES, CEPHEMS, FLUOROQUINOLONES, FOLATE PATHWAY ANTAGONISTS, PENICILLINS",9,81,11.11
Escherichia coli,2015,1,sp,"FLUOROQUINOLONES, FOLATE PATHWAY ANTAGONISTS, PENICILLINS",4,81,4.94
Escherichia coli,2015,1,sp,"CEPHEMS, FLUOROQUINOLONES, PENICILLINS",1,81,1.23
Escherichia coli,2015,2,sp,"AMINOGLYCOSIDES, CEPHEMS, FLUOROQUINOLONES, FOLATE PATHWAY ANTAGONISTS, PENICILLINS",18,92,19.57
Escherichia coli,2015,2,sp,"AMINOGLYCOSIDES, CEPHEMS, FLUOROQUINOLONES, FOLATE PATHWAY ANTAGONISTS, PENICILLINS, β-LACTAM COMBINATION AGENTS",14,92,15.22
Escherichia coli,2015,2,sp,"CEPHEMS, FLUOROQUINOLONES, FOLATE PATHWAY ANTAGONISTS, PENICILLINS",12,92,13.04
Escherichia coli,2015,2,sp,"FLUOROQUINOLONES, FOLATE PATHWAY ANTAGONISTS, PENICILLINS",5,92,5.43
Escherichia coli,2015,2,sp,"CEPHEMS, FLUOROQUINOLONES, PENICILLINS",4,92,4.35
Escherichia coli,2015,3,sp,"AMINOGLYCOSIDES, CEPHEMS, FLUOROQUINOLONES, FOLATE PATHWAY ANTAGONISTS, PENICILLINS",13,80,16.25
Escherichia coli,2015,3,sp,"AMINOGLYCOSIDES, CEPHEMS, FLUOROQUINOLONES, FOLATE PATHWAY ANTAGONISTS, PENICILLINS, β-LACTAM COMBINATION AGENTS",9,80,11.25
Escherichia coli,2015,3,sp,"CEPHEMS, FLUOROQUINOLONES, FOLATE PATHWAY ANTAGONISTS, PENICILLINS",8,80,10.0
Escherichia coli,2015,3,sp,"FLUOROQUINOLONES, FOLATE PATHWAY ANTAGONISTS, PENICILLINS",7,80,8.75
Escherichia coli,2015,3,sp,"CEPHEMS, FLUOROQUINOLONES, PENICILLINS",5,80,6.25
Escherichia coli,2015,4,sp,"AMINOGLYCOSIDES, CEPHEMS, FLUOROQUINOLONES, FOLATE PATHWAY ANTAGONISTS, PENICILLINS",11,84,13.1
Escherichia coli,2015,4,sp,"AMINOGLYCOSIDES, CEPHEMS, FLUOROQUINOLONES, FOLATE PATHWAY ANTAGONISTS, PENICILLINS, β-LACTAM COMBINATION AGENTS",8,84,9.52
Escherichia coli,2015,4,sp,"CEPHEMS, FLUOROQUINOLONES, PENICILLINS",5,84,5.95
Escherichia coli,2015,4,sp,"CEPHEMS, FLUOROQUINOLONES, FOLATE PATHWAY ANTAGONISTS, PENICILLINS",2,84,2.38
Escherichia coli,2015,4,sp,"FLUOROQUINOLONES, FOLATE PATHWAY ANTAGONISTS, PENICILLINS",1,84,1.19
Escherichia coli,2015,5,sp,"AMINOGLYCOSIDES, CEPHEMS, FLUOROQUINOLONES, FOLATE PATHWAY ANTAGONISTS, PENICILLINS, β-LACTAM COMBINATION AGENTS",13,81,16.05
Escherichia coli,2015,5,sp,"AMINOGLYCOSIDES, CEPHEMS, FLUOROQUINOLONES, FOLATE PATHWAY ANTAGONISTS, PENICILLINS",11,81,13.58
Escherichia coli,2015,5,sp,"CEPHEMS, FLUOROQUINOLONES, FOLATE PATHWAY ANTAGONISTS, PENICILLINS",8,81,9.88
Escherichia coli,2015,5,sp,"FLUOROQUINOLONES, FOLATE PATHWAY ANTAGONISTS, PENICILLINS",5,81,6.17
Escherichia coli,2015,5,sp,"CEPHEMS, FLUOROQUINOLONES, PENICILLINS",3,81,3.7
Escherichia coli,2015,6,sp,"AMINOGLYCOSIDES, CEPHEMS, FLUOROQUINOLONES, FOLATE PATHWAY ANTAGONISTS, PENICILLINS",20,85,23.53
Escherichia coli,2015,6,sp,"AMINOGLYCOSIDES, CEPHEMS, FLUOROQUINOLONES, FOLATE PATHWAY ANTAGONISTS, PENICILLINS, β-LACTAM COMBINATION AGENTS",9,85,10.59
Escherichia coli,2015,6,sp,"CEPHEMS, FLUOROQUINOLONES, FOLATE PATHWAY ANTAGONISTS, PENICILLINS",7,85,8.24
Escherichia coli,2015,6,sp,"CEPHEMS, FLUOROQUINOLONES, PENICILLINS",5,85,5.88
Escherichia coli,2015,6,sp,"FLUOROQUINOLONES, FOLATE PATHWAY ANTAGONISTS, PENICILLINS",4,85,4.71
Escherichia coli,2015,7,sp,"CEPHEMS, FLUOROQUINOLONES, FOLATE PATHWAY ANTAGONISTS, PENICILLINS",14,84,16.67
Escherichia coli,2015,7,sp,"AMINOGLYCOSIDES, CEPHEMS, FLUOROQUINOLONES, FOLATE PATHWAY ANTAGONISTS, PENICILLINS, β-LACTAM COMBINATION AGENTS",10,84,11.9
Escherichia coli,2015,7,sp,"AMINOGLYCOSIDES, CEPHEMS, FLUOROQUINOLONES, FOLATE PATHWAY ANTAGONISTS, PENICILLINS",9,84,10.71
Escherichia coli,2015,7,sp,"FLUOROQUINOLONES, FOLATE PATHWAY ANTAGONISTS, PENICILLINS",7,84,8.33
Escherichia coli,2015,7,sp,"CEPHEMS, FLUOROQUINOLONES, PENICILLINS",3,84,3.57
Escherichia coli,2015,8,sp,"AMINOGLYCOSIDES, CEPHEMS, FLUOROQUINOLONES, FOLATE PATHWAY ANTAGONISTS, PENICILLINS",17,74,22.97
Escherichia coli,2015,8,sp,"CEPHEMS, FLUOROQUINOLONES, FOLATE PATHWAY ANTAGONISTS, PENICILLINS",12,74,16.22
Escherichia coli,2015,8,sp,"AMINOGLYCOSIDES, CEPHEMS, FLUOROQUINOLONES, FOLATE PATHWAY ANTAGONISTS, PENICILLINS, β-LACTAM COMBINATION AGENTS",8,74,10.81
Escherichia coli,2015,8,sp,"CEPHEMS, FLUOROQUINOLONES, PENICILLINS",3,74,4.05
Escherichia coli,2015,8,sp,"FLUOROQUINOLONES, FOLATE PATHWAY ANTAGONISTS, PENICILLINS",2,74,2.7
Escherichia coli,2015,9,sp,"CEPHEMS, FLUOROQUINOLONES, FOLATE PATHWAY ANTAGONISTS, PENICILLINS",13,83,15.66
Escherichia coli,2015,9,sp,"AMINOGLYCOSIDES, CEPHEMS, FLUOROQUINOLONES, FOLATE PATHWAY ANTAGONISTS, PENICILLINS",12,83,14.46
Escherichia coli,2015,9,sp,"AMINOGLYCOSIDES, CEPHEMS, FLUOROQUINOLONES, FOLATE PATHWAY ANTAGONISTS, PENICILLINS, β-LACTAM COMBINATION AGENTS",10,83,12.05
Escherichia coli,2015,9,sp,"CEPHEMS, FLUOROQUINOLONES, PENICILLINS",5,83,6.02
Escherichia coli,2015,9,sp,"FLUOROQUINOLONES, FOLATE PATHWAY ANTAGONISTS, PENICILLINS",5,83,6.02
Escherichia coli,2015,10,sp,"AMINOGLYCOSIDES, CEPHEMS, FLUOROQUINOLONES, FOLATE PATHWAY ANTAGONISTS, PENICILLINS",13,73,17.81
Escherichia coli,2015,10,sp,"AMINOGLYCOSIDES, CEPHEMS, FLUOROQUINOLONES, FOLATE PATHWAY ANTAGONISTS, PENICILLINS, β-LACTAM COMBINATION AGENTS",11,73,15.07
Escherichia coli,2015,10,sp,"CEPHEMS, FLUOROQUINOLONES, FOLATE PATHWAY ANTAGONISTS, PENICILLINS",11,73,15.07
Escherichia coli,2015,10,sp,"FLUOROQUINOLONES, FOLATE PATHWAY ANTAGONISTS, PENICILLINS",4,73,5.48
Escherichia coli,2015,10,sp,"CEPHEMS, FLUOROQUINOLONES, PENICILLINS",3,73,4.11
Escherichia coli,2015,11,sp,"AMINOGLYCOSIDES, CEPHEMS, FLUOROQUINOLONES, FOLATE PATHWAY ANTAGONISTS, PENICILLINS",10,70,14.29
Escherichia coli,2015,11,sp,"AMINOGLYCOSIDES, CEPHEMS, FLUOROQUINOLONES, FOLATE PATHWAY ANTAGONISTS, PENICILLINS, β-LACTAM COMBINATION AGENTS",10,70,14.29
Escherichia coli,2015,11,sp,"CEPHEMS, FLUOROQUINOLONES, FOLATE PATHWAY ANTAGONISTS, PENICILLINS",9,70,12.86
Escherichia coli,2015,11,sp,"FLUOROQUINOLONES, FOLATE PATHWAY ANTAGONISTS, PENICILLINS",3,70,4.29
Escherichia coli,2015,11,sp,"CEPHEMS, FLUOROQUINOLONES, PENICILLINS",2,70,2.86
Escherichia coli,2015,12,sp,"AMINOGLYCOSIDES, CEPHEMS, FLUOROQUINOLONES, FOLATE PATHWAY ANTAGONISTS, PENICILLINS",12,67,17.91
Escherichia coli,2015,12,sp,"AMINOGLYCOSIDES, CEPHEMS, FLUOROQUINOLONES, FOLATE PATHWAY ANTAGONISTS, PENICILLINS, β-LACTAM COMBINATION AGENTS",9,67,13.43
Escherichia coli,2015,12,sp,"CEPHEMS, FLUOROQUINOLONES, FOLATE PATHWAY ANTAGONISTS, PENICILLINS",7,67,10.45
Escherichia coli,2015,12,sp,"CEPHEMS, FLUOROQUINOLONES, PENICILLINS",4,67,5.97
Escherichia coli,2015,12,sp,"FLUOROQUINOLONES, FOLATE PATHWAY ANTAGONISTS, PENICILLINS",1,67,1.49
Escherichia coli,2016,1,sp,"AMINOGLYCOSIDES, CEPHEMS, FLUOROQUINOLONES, FOLATE PATHWAY ANTAGONISTS, PENICILLINS",20,126,15.87
Escherichia coli,2016,1,sp,"AMINOGLYCOSIDES, CEPHEMS, FLUOROQUINOLONES, FOLATE PATHWAY ANTAGONISTS, PENICILLINS, β-LACTAM COMBINATION AGENTS",15,126,11.9
Escherichia coli,2016,1,sp,"CEPHEMS, FLUOROQUINOLONES, FOLATE PATHWAY ANTAGONISTS, PENICILLINS",15,126,11.9
Escherichia coli,2016,1,sp,"CEPHEMS, FLUOROQUINOLONES, PENICILLINS",8,126,6.35
Escherichia coli,2016,1,sp,"FLUOROQUINOLONES, FOLATE PATHWAY ANTAGONISTS, PENICILLINS",5,126,3.97
Escherichia coli,2016,2,sp,"CEPHEMS, FLUOROQUINOLONES, FOLATE PATHWAY ANTAGONISTS, PENICILLINS",34,125,27.2
Escherichia coli,2016,2,sp,"AMINOGLYCOSIDES, CEPHEMS, FLUOROQUINOLONES, FOLATE PATHWAY ANTAGONISTS, PENICILLINS, β-LACTAM COMBINATION AGENTS",15,125,12.0
Escherichia coli,2016,2,sp,"AMINOGLYCOSIDES, CEPHEMS, FLUOROQUINOLONES, FOLATE PATHWAY ANTAGONISTS, PENICILLINS",11,125,8.8
Escherichia coli,2016,2,sp,"FLUOROQUINOLONES, FOLATE PATHWAY ANTAGONISTS, PENICILLINS",7,125,5.6
Escherichia coli,2016,2,sp,"CEPHEMS, FLUOROQUINOLONES, PENICILLINS",6,125,4.8
Escherichia coli,2016,3,sp,"AMINOGLYCOSIDES, CEPHEMS, FLUOROQUINOLONES, FOLATE PATHWAY ANTAGONISTS, PENICILLINS",16,114,14.04
Escherichia coli,2016,3,sp,"AMINOGLYCOSIDES, CEPHEMS, FLUOROQUINOLONES, FOLATE PATHWAY ANTAGONISTS, PENICILLINS, β-LACTAM COMBINATION AGENTS",15,114,13.16
Escherichia coli,2016,3,sp,"CEPHEMS, FLUOROQUINOLONES, FOLATE PATHWAY ANTAGONISTS, PENICILLINS",12,114,10.53
Escherichia coli,2016,3,sp,"FLUOROQUINOLONES, FOLATE PATHWAY ANTAGONISTS, PENICILLINS",7,114,6.14
Escherichia coli,2016,3,sp,"CEPHEMS, FLUOROQUINOLONES, PENICILLINS",6,114,5.26
Escherichia coli,2016,4,sp,"CEPHEMS, FLUOROQUINOLONES, FOLATE PATHWAY ANTAGONISTS, PENICILLINS",15,110,13.64
Escherichia coli,2016,4,sp,"FLUOROQUINOLONES, FOLATE PATHWAY ANTAGONISTS, PENICILLINS",12,110,10.91
Escherichia coli,2016,4,sp,"AMINOGLYCOSIDES, CEPHEMS, FLUOROQUINOLONES, FOLATE PATHWAY ANTAGONISTS, PENICILLINS",11,110,10.0
Escherichia coli,2016,4,sp,"AMINOGLYCOSIDES, CEPHEMS, FLUOROQUINOLONES, FOLATE PATHWAY ANTAGONISTS, PENICILLINS, β-LACTAM COMBINATION AGENTS",11,110,10.0
Escherichia coli,2016,4,sp,"CEPHEMS, FLUOROQUINOLONES, PENICILLINS",6,110,5.45
Escherichia coli,2016,5,sp,"AMINOGLYCOSIDES, CEPHEMS, FLUOROQUINOLONES, FOLATE PATHWAY ANTAGONISTS, PENICILLINS, β-LACTAM COMBINATION AGENTS",21,116,18.1
Escherichia coli,2016,5,sp,"CEPHEMS, FLUOROQUINOLONES, FOLATE PATHWAY ANTAGONISTS, PENICILLINS",20,116,17.24
Escherichia coli,2016,5,sp,"AMINOGLYCOSIDES, CEPHEMS, FLUOROQUINOLONES, FOLATE PATHWAY ANTAGONISTS, PENICILLINS",11,116,9.48
Escherichia coli,2016,5,sp,"FLUOROQUINOLONES, FOLATE PATHWAY ANTAGONISTS, PENICILLINS",5,116,4.31
Escherichia coli,2016,5,sp,"CEPHEMS, FLUOROQUINOLONES, PENICILLINS",3,116,2.59
Escherichia coli,2016,6,sp,"AMINOGLYCOSIDES, CEPHEMS, FLUOROQUINOLONES, FOLATE PATHWAY ANTAGONISTS, PENICILLINS",21,120,17.5
Escherichia coli,2016,6,sp,"CEPHEMS, FLUOROQUINOLONES, FOLATE PATHWAY ANTAGONISTS, PENICILLINS",14,120,11.67
Escherichia coli,2016,6,sp,"AMINOGLYCOSIDES, CEPHEMS, FLUOROQUINOLONES, FOLATE PATHWAY ANTAGONISTS, PENICILLINS, β-LACTAM COMBINATION AGENTS",12,120,10.0
Escherichia coli,2016,6,sp,"CEPHEMS, FLUOROQUINOLONES, PENICILLINS",9,120,7.5
Escherichia coli,2016,6,sp,"FLUOROQUINOLONES, FOLATE PATHWAY ANTAGONISTS, PENICILLINS",7,120,5.83
Escherichia coli,2016,7,sp,"CEPHEMS, FLUOROQUINOLONES, FOLATE PATHWAY ANTAGONISTS, PENICILLINS",19,107,17.76
Escherichia coli,2016,7,sp,"AMINOGLYCOSIDES, CEPHEMS, FLUOROQUINOLONES, FOLATE PATHWAY ANTAGONISTS, PENICILLINS, β-LACTAM COMBINATION AGENTS",17,107,15.89
Escherichia coli,2016,7,sp,"AMINOGLYCOSIDES, CEPHEMS, FLUOROQUINOLONES, FOLATE PATHWAY ANTAGONISTS, PENICILLINS",13,107,12.15
Escherichia coli,2016,7,sp,"CEPHEMS, FLUOROQUINOLONES, PENICILLINS",4,107,3.74
Escherichia coli,2016,7,sp,"FLUOROQUINOLONES, FOLATE PATHWAY ANTAGONISTS, PENICILLINS",4,107,3.74
Escherichia coli,2016,8,sp,"AMINOGLYCOSIDES, CEPHEMS, FLUOROQUINOLONES, FOLATE PATHWAY ANTAGONISTS, PENICILLINS",17,97,17.53
Escherichia coli,2016,8,sp,"CEPHEMS, FLUOROQUINOLONES, FOLATE PATHWAY ANTAGONISTS, PENICILLINS",12,97,12.37
Escherichia coli,2016,8,sp,"AMINOGLYCOSIDES, CEPHEMS, FLUOROQUINOLONES, FOLATE PATHWAY ANTAGONISTS, PENICILLINS, β-LACTAM COMBINATION AGENTS",9,97,9.28
Escherichia coli,2016,8,sp,"FLUOROQUINOLONES, FOLATE PATHWAY ANTAGONISTS, PENICILLINS",4,97,4.12
Escherichia coli,2016,8,sp,"CEPHEMS, FLUOROQUINOLONES, PENICILLINS",3,97,3.09
Escherichia coli,2016,9,sp,"AMINOGLYCOSIDES, CEPHEMS, FLUOROQUINOLONES, FOLATE PATHWAY ANTAGONISTS, PENICILLINS, β-LACTAM COMBINATION AGENTS",14,114,12.28
Escherichia coli,2016,9,sp,"CEPHEMS, FLUOROQUINOLONES, FOLATE PATHWAY ANTAGONISTS, PENICILLINS",13,114,11.4
Escherichia coli,2016,9,sp,"AMINOGLYCOSIDES, CEPHEMS, FLUOROQUINOLONES, FOLATE PATHWAY ANTAGONISTS, PENICILLINS",11,114,9.65
Escherichia coli,2016,9,sp,"CEPHEMS, FLUOROQUINOLONES, PENICILLINS",9,114,7.89
Escherichia coli,2016,9,sp,"FLUOROQUINOLONES, FOLATE PATHWAY ANTAGONISTS, PENICILLINS",9,114,7.89
Escherichia coli,2016,10,sp,"CEPHEMS, FLUOROQUINOLONES, FOLATE PATHWAY ANTAGONISTS, PENICILLINS",28,157,17.83
Escherichia coli,2016,10,sp,"AMINOGLYCOSIDES, CEPHEMS, FLUOROQUINOLONES, FOLATE PATHWAY ANTAGONISTS, PENICILLINS, β-LACTAM COMBINATION AGENTS",25,157,15.92
Escherichia coli,2016,10,sp,"AMINOGLYCOSIDES, CEPHEMS, FLUOROQUINOLONES, FOLATE PATHWAY ANTAGONISTS, PENICILLINS",23,157,14.65
Escherichia coli,2016,10,sp,"FLUOROQUINOLONES, FOLATE PATHWAY ANTAGONISTS, PENICILLINS",7,157,4.46
Escherichia coli,2016,10,sp,"CEPHEMS, FLUOROQUINOLONES, PENICILLINS",6,157,3.82
Escherichia coli,2016,11,sp,"AMINOGLYCOSIDES, CEPHEMS, FLUOROQUINOLONES, FOLATE PATHWAY ANTAGONISTS, PENICILLINS",18,121,14.88
Escherichia coli,2016,11,sp,"CEPHEMS, FLUOROQUINOLONES, FOLATE PATHWAY ANTAGONISTS, PENICILLINS",17,121,14.05
Escherichia coli,2016,11,sp,"AMINOGLYCOSIDES, CEPHEMS, FLUOROQUINOLONES, FOLATE PATHWAY ANTAGONISTS, PENICILLINS, β-LACTAM COMBINATION AGENTS",15,121,12.4
Escherichia coli,2016,11,sp,"FLUOROQUINOLONES, FOLATE PATHWAY ANTAGONISTS, PENICILLINS",8,121,6.61
Escherichia coli,2016,11,sp,"CEPHEMS, FLUOROQUINOLONES, PENICILLINS",3,121,2.48
Escherichia coli,2016,12,sp,"CEPHEMS, FLUOROQUINOLONES, FOLATE PATHWAY ANTAGONISTS, PENICILLINS",19,124,15.32
Escherichia coli,2016,12,sp,"AMINOGLYCOSIDES, CEPHEMS, FLUOROQUINOLONES, FOLATE PATHWAY ANTAGONISTS, PENICILLINS",17,124,13.71
Escherichia coli,2016,12,sp,"AMINOGLYCOSIDES, CEPHEMS, FLUOROQUINOLONES, FOLATE PATHWAY ANTAGONISTS, PENICILLINS, β-LACTAM COMBINATION AGENTS",14,124,11.29
Escherichia coli,2016,12,sp,"CEPHEMS, FLUOROQUINOLONES, PENICILLINS",6,124,4.84
Escherichia coli,2016,12,sp,"FLUOROQUINOLONES, FOLATE PATHWAY ANTAGONISTS, PENICILLINS",6,124,4.84
Escherichia coli,2017,1,sp,"CEPHEMS, FLUOROQUINOLONES, FOLATE PATHWAY ANTAGONISTS, PENICILLINS",29,170,17.06
Escherichia coli,2017,1,sp,"AMINOGLYCOSIDES, CEPHEMS, FLUOROQUINOLONES, FOLATE PATHWAY ANTAGONISTS, PENICILLINS",27,170,15.88
Escherichia coli,2017,1,sp,"AMINOGLYCOSIDES, CEPHEMS, FLUOROQUINOLONES, FOLATE PATHWAY ANTAGONISTS, PENICILLINS, β-LACTAM COMBINATION AGENTS",22,170,12.94
Escherichia coli,2017,1,sp,"CEPHEMS, FLUOROQUINOLONES, PENICILLINS",7,170,4.12
Escherichia coli,2017,1,sp,"FLUOROQUINOLONES, FOLATE PATHWAY ANTAGONISTS, PENICILLINS",6,170,3.53
Escherichia coli,2017,2,sp,"AMINOGLYCOSIDES, CEPHEMS, FLUOROQUINOLONES, FOLATE PATHWAY ANTAGONISTS, PENICILLINS, β-LACTAM COMBINATION AGENTS",20,169,11.83
Escherichia coli,2017,2,sp,"AMINOGLYCOSIDES, CEPHEMS, FLUOROQUINOLONES, FOLATE PATHWAY ANTAGONISTS, PENICILLINS",18,169,10.65
Escherichia coli,2017,2,sp,"CEPHEMS, FLUOROQUINOLONES, FOLATE PATHWAY ANTAGONISTS, PENICILLINS",18,169,10.65
Escherichia coli,2017,2,sp,"CEPHEMS, FLUOROQUINOLONES, PENICILLINS",14,169,8.28
Escherichia coli,2017,2,sp,"FLUOROQUINOLONES, FOLATE PATHWAY ANTAGONISTS, PENICILLINS",12,169,7.1
Escherichia coli,2017,3,sp,"CEPHEMS, FLUOROQUINOLONES, FOLATE PATHWAY ANTAGONISTS, PENICILLINS",35,174,20.11
Escherichia coli,2017,3,sp,"AMINOGLYCOSIDES, CEPHEMS, FLUOROQUINOLONES, FOLATE PATHWAY ANTAGONISTS, PENICILLINS",24,174,13.79
Escherichia coli,2017,3,sp,"AMINOGLYCOSIDES, CEPHEMS, FLUOROQUINOLONES, FOLATE PATHWAY ANTAGONISTS, PENICILLINS, β-LACTAM COMBINATION AGENTS",16,174,9.2
Escherichia coli,2017,3,sp,"CEPHEMS, FLUOROQUINOLONES, PENICILLINS",12,174,6.9
Escherichia coli,2017,3,sp,"FLUOROQUINOLONES, FOLATE PATHWAY ANTAGONISTS, PENICILLINS",7,174,4.02
Escherichia coli,2017,4,sp,"CEPHEMS, FLUOROQUINOLONES, FOLATE PATHWAY ANTAGONISTS, PENICILLINS",25,157,15.92
Escherichia coli,2017,4,sp,"AMINOGLYCOSIDES, CEPHEMS, FLUOROQUINOLONES, FOLATE PATHWAY ANTAGONISTS, PENICILLINS",19,157,12.1
Escherichia coli,2017,4,sp,"AMINOGLYCOSIDES, CEPHEMS, FLUOROQUINOLONES, FOLATE PATHWAY ANTAGONISTS, PENICILLINS, β-LACTAM COMBINATION AGENTS",14,157,8.92
Escherichia coli,2017,4,sp,"CEPHEMS, FLUOROQUINOLONES, PENICILLINS",9,157,5.73
Escherichia coli,2017,4,sp,"FLUOROQUINOLONES, FOLATE PATHWAY ANTAGONISTS, PENICILLINS",9,157,5.73
Escherichia coli,2017,5,sp,"AMINOGLYCOSIDES, CEPHEMS, FLUOROQUINOLONES, FOLATE PATHWAY ANTAGONISTS, PENICILLINS",24,166,14.46
Escherichia coli,2017,5,sp,"CEPHEMS, FLUOROQUINOLONES, FOLATE PATHWAY ANTAGONISTS, PENICILLINS",23,166,13.86
Escherichia coli,2017,5,sp,"AMINOGLYCOSIDES, CEPHEMS, FLUOROQUINOLONES, FOLATE PATHWAY ANTAGONISTS, PENICILLINS, β-LACTAM COMBINATION AGENTS",13,166,7.83
Escherichia coli,2017,5,sp,"CEPHEMS, FLUOROQUINOLONES, PENICILLINS",11,166,6.63
Escherichia coli,2017,5,sp,"FLUOROQUINOLONES, FOLATE PATHWAY ANTAGONISTS, PENICILLINS",10,166,6.02
Escherichia coli,2017,6,sp,"AMINOGLYCOSIDES, CEPHEMS, FLUOROQUINOLONES, FOLATE PATHWAY ANTAGONISTS, PENICILLINS",28,158,17.72
Escherichia coli,2017,6,sp,"AMINOGLYCOSIDES, CEPHEMS, FLUOROQUINOLONES, FOLATE PATHWAY ANTAGONISTS, PENICILLINS, β-LACTAM COMBINATION AGENTS",20,158,12.66
Escherichia coli,2017,6,sp,"CEPHEMS, FLUOROQUINOLONES, FOLATE PATHWAY ANTAGONISTS, PENICILLINS",17,158,10.76
Escherichia coli,2017,6,sp,"CEPHEMS, FLUOROQUINOLONES, PENICILLINS",10,158,6.33
Escherichia coli,2017,6,sp,"FLUOROQUINOLONES, FOLATE PATHWAY ANTAGONISTS, PENICILLINS",8,158,5.06
Escherichia coli,2017,7,sp,"CEPHEMS, FLUOROQUINOLONES, FOLATE PATHWAY ANTAGONISTS, PENICILLINS",34,233,14.59
Escherichia coli,2017,7,sp,"AMINOGLYCOSIDES, CEPHEMS, FLUOROQUINOLONES, FOLATE PATHWAY ANTAGONISTS, PENICILLINS",26,233,11.16
Escherichia coli,2017,7,sp,"AMINOGLYCOSIDES, CEPHEMS, FLUOROQUINOLONES, FOLATE PATHWAY ANTAGONISTS, PENICILLINS, β-LACTAM COMBINATION AGENTS",24,233,10.3
Escherichia coli,2017,7,sp,"CEPHEMS, FLUOROQUINOLONES, PENICILLINS",10,233,4.29
Escherichia coli,2017,7,sp,"FLUOROQUINOLONES, FOLATE PATHWAY ANTAGONISTS, PENICILLINS",8,233,3.43
Escherichia coli,2017,8,sp,"CEPHEMS, FLUOROQUINOLONES, FOLATE PATHWAY ANTAGONISTS, PENICILLINS",28,180,15.56
Escherichia coli,2017,8,sp,"AMINOGLYCOSIDES, CEPHEMS, FLUOROQUINOLONES, FOLATE PATHWAY ANTAGONISTS, PENICILLINS",23,180,12.78
Escherichia coli,2017,8,sp,"AMINOGLYCOSIDES, CEPHEMS, FLUOROQUINOLONES, FOLATE PATHWAY ANTAGONISTS, PENICILLINS, β-LACTAM COMBINATION AGENTS",21,180,11.67
Escherichia coli,2017,8,sp,"CEPHEMS, FLUOROQUINOLONES, PENICILLINS",11,180,6.11
Escherichia coli,2017,8,sp,"FLUOROQUINOLONES, FOLATE PATHWAY ANTAGONISTS, PENICILLINS",7,180,3.89
Escherichia coli,2017,9,sp,"CEPHEMS, FLUOROQUINOLONES, FOLATE PATHWAY ANTAGONISTS, PENICILLINS",27,170,15.88
Escherichia coli,2017,9,sp,"AMINOGLYCOSIDES, CEPHEMS, FLUOROQUINOLONES, FOLATE PATHWAY ANTAGONISTS, PENICILLINS",24,170,14.12
Escherichia coli,2017,9,sp,"CEPHEMS, FLUOROQUINOLONES, PENICILLINS",16,170,9.41
Escherichia coli,2017,9,sp,"AMINOGLYCOSIDES, CEPHEMS, FLUOROQUINOLONES, FOLATE PATHWAY ANTAGONISTS, PENICILLINS, β-LACTAM COMBINATION AGENTS",15,170,8.82
Escherichia coli,2017,9,sp,"FLUOROQUINOLONES, FOLATE PATHWAY ANTAGONISTS, PENICILLINS",11,170,6.47
Escherichia coli,2017,10,sp,"CEPHEMS, FLUOROQUINOLONES, FOLATE PATHWAY ANTAGONISTS, PENICILLINS",23,154,14.94
Escherichia coli,2017,10,sp,"AMINOGLYCOSIDES, CEPHEMS, FLUOROQUINOLONES, FOLATE PATHWAY ANTAGONISTS, PENICILLINS",22,154,14.29
Escherichia coli,2017,10,sp,"AMINOGLYCOSIDES, CEPHEMS, FLUOROQUINOLONES, FOLATE PATHWAY ANTAGONISTS, PENICILLINS, β-LACTAM COMBINATION AGENTS",14,154,9.09
Escherichia coli,2017,10,sp,"CEPHEMS, FLUOROQUINOLONES, PENICILLINS",11,154,7.14
Escherichia coli,2017,10,sp,"FLUOROQUINOLONES, FOLATE PATHWAY ANTAGONISTS, PENICILLINS",10,154,6.49
Escherichia coli,2017,11,sp,"CEPHEMS, FLUOROQUINOLONES, FOLATE PATHWAY ANTAGONISTS, PENICILLINS",28,168,16.67
Escherichia coli,2017,11,sp,"AMINOGLYCOSIDES, CEPHEMS, FLUOROQUINOLONES, FOLATE PATHWAY ANTAGONISTS, PENICILLINS",22,168,13.1
Escherichia coli,2017,11,sp,"AMINOGLYCOSIDES, CEPHEMS, FLUOROQUINOLONES, FOLATE PATHWAY ANTAGONISTS, PENICILLINS, β-LACTAM COMBINATION AGENTS",19,168,11.31
Escherichia coli,2017,11,sp,"CEPHEMS, FLUOROQUINOLONES, PENICILLINS",12,168,7.14
Escherichia coli,2017,11,sp,"FLUOROQUINOLONES, FOLATE PATHWAY ANTAGONISTS, PENICILLINS",11,168,6.55
Escherichia coli,2017,12,sp,"CEPHEMS, FLUOROQUINOLONES, FOLATE PATHWAY ANTAGONISTS, PENICILLINS",21,143,14.69
Escherichia coli,2017,12,sp,"AMINOGLYCOSIDES, CEPHEMS, FLUOROQUINOLONES, FOLATE PATHWAY ANTAGONISTS, PENICILLINS, β-LACTAM COMBINATION AGENTS",17,143,11.89
Escherichia coli,2017,12,sp,"CEPHEMS, FLUOROQUINOLONES, PENICILLINS",15,143,10.49
Escherichia coli,2017,12,sp,"AMINOGLYCOSIDES, CEPHEMS, FLUOROQUINOLONES, FOLATE PATHWAY ANTAGONISTS, PENICILLINS",13,143,9.09
Escherichia coli,2017,12,sp,"FLUOROQUINOLONES, FOLATE PATHWAY ANTAGONISTS, PENICILLINS",3,143,2.1
Escherichia coli,2018,1,sp,"CEPHEMS, FLUOROQUINOLONES, FOLATE PATHWAY ANTAGONISTS, PENICILLINS",30,186,16.13
Escherichia coli,2018,1,sp,"AMINOGLYCOSIDES, CEPHEMS, FLUOROQUINOLONES, FOLATE PATHWAY ANTAGONISTS, PENICILLINS",26,186,13.98
Escherichia coli,2018,1,sp,"CEPHEMS, FLUOROQUINOLONES, PENICILLINS",18,186,9.68
Escherichia coli,2018,1,sp,"AMINOGLYCOSIDES, CEPHEMS, FLUOROQUINOLONES, FOLATE PATHWAY ANTAGONISTS, PENICILLINS, β-LACTAM COMBINATION AGENTS",15,186,8.06
Escherichia coli,2018,1,sp,"FLUOROQUINOLONES, FOLATE PATHWAY ANTAGONISTS, PENICILLINS",13,186,6.99
Escherichia coli,2018,2,sp,"AMINOGLYCOSIDES, CEPHEMS, FLUOROQUINOLONES, FOLATE PATHWAY ANTAGONISTS, PENICILLINS",30,168,17.86
Escherichia coli,2018,2,sp,"CEPHEMS, FLUOROQUINOLONES, FOLATE PATHWAY ANTAGONISTS, PENICILLINS",22,168,13.1
Escherichia coli,2018,2,sp,"AMINOGLYCOSIDES, CEPHEMS, FLUOROQUINOLONES, FOLATE PATHWAY ANTAGONISTS, PENICILLINS, β-LACTAM COMBINATION AGENTS",16,168,9.52
Escherichia coli,2018,2,sp,"CEPHEMS, FLUOROQUINOLONES, PENICILLINS",14,168,8.33
Escherichia coli,2018,2,sp,"FLUOROQUINOLONES, FOLATE PATHWAY ANTAGONISTS, PENICILLINS",13,168,7.74
Escherichia coli,2018,3,sp,"CEPHEMS, FLUOROQUINOLONES, FOLATE PATHWAY ANTAGONISTS, PENICILLINS",23,160,14.37
Escherichia coli,2018,3,sp,"AMINOGLYCOSIDES, CEPHEMS, FLUOROQUINOLONES, FOLATE PATHWAY ANTAGONISTS, PENICILLINS",20,160,12.5
Escherichia coli,2018,3,sp,"AMINOGLYCOSIDES, CEPHEMS, FLUOROQUINOLONES, FOLATE PATHWAY ANTAGONISTS, PENICILLINS, β-LACTAM COMBINATION AGENTS",13,160,8.12
Escherichia coli,2018,3,sp,"CEPHEMS, FLUOROQUINOLONES, PENICILLINS",10,160,6.25
Escherichia coli,2018,3,sp,"FLUOROQUINOLONES, FOLATE PATHWAY ANTAGONISTS, PENICILLINS",8,160,5.0
Escherichia coli,2018,4,sp,"CEPHEMS, FLUOROQUINOLONES, FOLATE PATHWAY ANTAGONISTS, PENICILLINS",16,126,12.7
Escherichia coli,2018,4,sp,"AMINOGLYCOSIDES, CEPHEMS, FLUOROQUINOLONES, FOLATE PATHWAY ANTAGONISTS, PENICILLINS, β-LACTAM COMBINATION AGENTS",14,126,11.11
Escherichia coli,2018,4,sp,"AMINOGLYCOSIDES, CEPHEMS, FLUOROQUINOLONES, FOLATE PATHWAY ANTAGONISTS, PENICILLINS",10,126,7.94
Escherichia coli,2018,4,sp,"FLUOROQUINOLONES, FOLATE PATHWAY ANTAGONISTS, PENICILLINS",10,126,7.94
Escherichia coli,2018,4,sp,"CEPHEMS, FLUOROQUINOLONES, PENICILLINS",8,126,6.35
Escherichia coli,2018,5,sp,"CEPHEMS, FLUOROQUINOLONES, FOLATE PATHWAY ANTAGONISTS, PENICILLINS",32,158,20.25
Escherichia coli,2018,5,sp,"AMINOGLYCOSIDES, CEPHEMS, FLUOROQUINOLONES, FOLATE PATHWAY ANTAGONISTS, PENICILLINS",19,158,12.03
Escherichia coli,2018,5,sp,"CEPHEMS, FLUOROQUINOLONES, PENICILLINS",10,158,6.33
Escherichia coli,2018,5,sp,"AMINOGLYCOSIDES, CEPHEMS, FLUOROQUINOLONES, FOLATE PATHWAY ANTAGONISTS, PENICILLINS, β-LACTAM COMBINATION AGENTS",9,158,5.7
Escherichia coli,2018,5,sp,"FLUOROQUINOLONES, FOLATE PATHWAY ANTAGONISTS, PENICILLINS",5,158,3.16
Escherichia coli,2018,6,sp,"CEPHEMS, FLUOROQUINOLONES, FOLATE PATHWAY ANTAGONISTS, PENICILLINS",21,146,14.38
Escherichia coli,2018,6,sp,"AMINOGLYCOSIDES, CEPHEMS, FLUOROQUINOLONES, FOLATE PATHWAY ANTAGONISTS, PENICILLINS",15,146,10.27
Escherichia coli,2018,6,sp,"AMINOGLYCOSIDES, CEPHEMS, FLUOROQUINOLONES, FOLATE PATHWAY ANTAGONISTS, PENICILLINS, β-LACTAM COMBINATION AGENTS",15,146,10.27
Escherichia coli,2018,6,sp,"CEPHEMS, FLUOROQUINOLONES, PENICILLINS",6,146,4.11
Escherichia coli,2018,7,sp,"CEPHEMS, FLUOROQUINOLONES, FOLATE PATHWAY ANTAGONISTS, PENICILLINS",25,139,17.99
Escherichia coli,2018,7,sp,"AMINOGLYCOSIDES, CEPHEMS, FLUOROQUINOLONES, FOLATE PATHWAY ANTAGONISTS, PENICILLINS",20,139,14.39
Escherichia coli,2018,7,sp,"AMINOGLYCOSIDES, CEPHEMS, FLUOROQUINOLONES, FOLATE PATHWAY ANTAGONISTS, PENICILLINS, β-LACTAM COMBINATION AGENTS",9,139,6.47
Escherichia coli,2018,7,sp,"CEPHEMS, FLUOROQUINOLONES, PENICILLINS",7,139,5.04
Escherichia coli,2018,7,sp,"FLUOROQUINOLONES, FOLATE PATHWAY ANTAGONISTS, PENICILLINS",4,139,2.88
Escherichia coli,2018,8,sp,"AMINOGLYCOSIDES, CEPHEMS, FLUOROQUINOLONES, FOLATE PATHWAY ANTAGONISTS, PENICILLINS",20,166,12.05
Escherichia coli,2018,8,sp,"CEPHEMS, FLUOROQUINOLONES, FOLATE PATHWAY ANTAGONISTS, PENICILLINS",19,166,11.45
Escherichia coli,2018,8,sp,"CEPHEMS, FLUOROQUINOLONES, PENICILLINS",15,166,9.04
Escherichia coli,2018,8,sp,"AMINOGLYCOSIDES, CEPHEMS, FLUOROQUINOLONES, FOLATE PATHWAY ANTAGONISTS, PENICILLINS, β-LACTAM COMBINATION AGENTS",13,166,7.83
Escherichia coli,2018,8,sp,"FLUOROQUINOLONES, FOLATE PATHWAY ANTAGONISTS, PENICILLINS",12,166,7.23
Escherichia coli,2018,9,sp,"CEPHEMS, FLUOROQUINOLONES, FOLATE PATHWAY ANTAGONISTS, PENICILLINS",35,178,19.66
Escherichia coli,2018,9,sp,"AMINOGLYCOSIDES, CEPHEMS, FLUOROQUINOLONES, FOLATE PATHWAY ANTAGONISTS, PENICILLINS",22,178,12.36
Escherichia coli,2018,9,sp,"AMINOGLYCOSIDES, CEPHEMS, FLUOROQUINOLONES, FOLATE PATHWAY ANTAGONISTS, PENICILLINS, β-LACTAM COMBINATION AGENTS",14,178,7.87
Escherichia coli,2018,9,sp,"CEPHEMS, FLUOROQUINOLONES, PENICILLINS",7,178,3.93
Escherichia coli,2018,9,sp,"FLUOROQUINOLONES, FOLATE PATHWAY ANTAGONISTS, PENICILLINS",7,178,3.93
Escherichia coli,2018,10,sp,"CEPHEMS, FLUOROQUINOLONES, FOLATE PATHWAY ANTAGONISTS, PENICILLINS",19,128,14.84
Escherichia coli,2018,10,sp,"AMINOGLYCOSIDES, CEPHEMS, FLUOROQUINOLONES, FOLATE PATHWAY ANTAGONISTS, PENICILLINS",14,128,10.94
Escherichia coli,2018,10,sp,"AMINOGLYCOSIDES, CEPHEMS, FLUOROQUINOLONES, FOLATE PATHWAY ANTAGONISTS, PENICILLINS, β-LACTAM COMBINATION AGENTS",12,128,9.38
Escherichia coli,2018,10,sp,"CEPHEMS, FLUOROQUINOLONES, PENICILLINS",9,128,7.03
Escherichia coli,2018,10,sp,"FLUOROQUINOLONES, FOLATE PATHWAY ANTAGONISTS, PENICILLINS",5,128,3.91
Escherichia coli,2018,11,sp,"CEPHEMS, FLUOROQUINOLONES, FOLATE PATHWAY ANTAGONISTS, PENICILLINS",19,133,14.29
Escherichia coli,2018,11,sp,"AMINOGLYCOSIDES, CEPHEMS, FLUOROQUINOLONES, FOLATE PATHWAY ANTAGONISTS, PENICILLINS",17,133,12.78
Escherichia coli,2018,11,sp,"AMINOGLYCOSIDES, CEPHEMS, FLUOROQUINOLONES, FOLATE PATHWAY ANTAGONISTS, PENICILLINS, β-LACTAM COMBINATION AGENTS",11,133,8.27
Escherichia coli,2018,11,sp,"CEPHEMS, FLUOROQUINOLONES, PENICILLINS",7,133,5.26
Escherichia coli,2018,11,sp,"FLUOROQUINOLONES, FOLATE PATHWAY ANTAGONISTS, PENICILLINS",6,133,4.51
Escherichia coli,2018,12,sp,"CEPHEMS, FLUOROQUINOLONES, FOLATE PATHWAY ANTAGONISTS, PENICILLINS",22,136,16.18
Escherichia coli,2018,12,sp,"AMINOGLYCOSIDES, CEPHEMS, FLUOROQUINOLONES, FOLATE PATHWAY ANTAGONISTS, PENICILLINS",19,136,13.97
Escherichia coli,2018,12,sp,"AMINOGLYCOSIDES, CEPHEMS, FLUOROQUINOLONES, FOLATE PATHWAY ANTAGONISTS, PENICILLINS, β-LACTAM COMBINATION AGENTS",15,136,11.03
Escherichia coli,2018,12,sp,"CEPHEMS, FLUOROQUINOLONES, PENICILLINS",8,136,5.88
Escherichia coli,2018,12,sp,"FLUOROQUINOLONES, FOLATE PATHWAY ANTAGONISTS, PENICILLINS",4,136,2.94
Escherichia coli,2019,1,sp,"CEPHEMS, FLUOROQUINOLONES, FOLATE PATHWAY ANTAGONISTS, PENICILLINS",41,221,18.55
Escherichia coli,2019,1,sp,"AMINOGLYCOSIDES, CEPHEMS, FLUOROQUINOLONES, FOLATE PATHWAY ANTAGONISTS, PENICILLINS",25,221,11.31
Escherichia coli,2019,1,sp,"CEPHEMS, FLUOROQUINOLONES, PENICILLINS",21,221,9.5
Escherichia coli,2019,1,sp,"AMINOGLYCOSIDES, CEPHEMS, FLUOROQUINOLONES, FOLATE PATHWAY ANTAGONISTS, PENICILLINS, β-LACTAM COMBINATION AGENTS",18,221,8.14
Escherichia coli,2019,1,sp,"FLUOROQUINOLONES, FOLATE PATHWAY ANTAGONISTS, PENICILLINS",11,221,4.98
Escherichia coli,2019,2,sp,"CEPHEMS, FLUOROQUINOLONES, FOLATE PATHWAY ANTAGONISTS, PENICILLINS",35,201,17.41
Escherichia coli,2019,2,sp,"AMINOGLYCOSIDES, CEPHEMS, FLUOROQUINOLONES, FOLATE PATHWAY ANTAGONISTS, PENICILLINS",25,201,12.44
Escherichia coli,2019,2,sp,"CEPHEMS, FLUOROQUINOLONES, PENICILLINS",15,201,7.46
Escherichia coli,2019,2,sp,"AMINOGLYCOSIDES, CEPHEMS, FLUOROQUINOLONES, FOLATE PATHWAY ANTAGONISTS, PENICILLINS, β-LACTAM COMBINATION AGENTS",14,201,6.97
Escherichia coli,2019,2,sp,"FLUOROQUINOLONES, FOLATE PATHWAY ANTAGONISTS, PENICILLINS",8,201,3.98
Escherichia coli,2019,3,sp,"CEPHEMS, FLUOROQUINOLONES, FOLATE PATHWAY ANTAGONISTS, PENICILLINS",31,194,15.98
Escherichia coli,2019,3,sp,"AMINOGLYCOSIDES, CEPHEMS, FLUOROQUINOLONES, FOLATE PATHWAY ANTAGONISTS, PENICILLINS",27,194,13.92
Escherichia coli,2019,3,sp,"AMINOGLYCOSIDES, CEPHEMS, FLUOROQUINOLONES, FOLATE PATHWAY ANTAGONISTS, PENICILLINS, β-LACTAM COMBINATION AGENTS",14,194,7.22
Escherichia coli,2019,3,sp,"FLUOROQUINOLONES, FOLATE PATHWAY ANTAGONISTS, PENICILLINS",14,194,7.22
Escherichia coli,2019,3,sp,"CEPHEMS, FLUOROQUINOLONES, PENICILLINS",13,194,6.7
Escherichia coli,2019,4,sp,"CEPHEMS, FLUOROQUINOLONES, FOLATE PATHWAY ANTAGONISTS, PENICILLINS",32,201,15.92
Escherichia coli,2019,4,sp,"AMINOGLYCOSIDES, CEPHEMS, FLUOROQUINOLONES, FOLATE PATHWAY ANTAGONISTS, PENICILLINS",29,201,14.43
Escherichia coli,2019,4,sp,"AMINOGLYCOSIDES, CEPHEMS, FLUOROQUINOLONES, FOLATE PATHWAY ANTAGONISTS, PENICILLINS, β-LACTAM COMBINATION AGENTS",15,201,7.46
Escherichia coli,2019,4,sp,"CEPHEMS, FLUOROQUINOLONES, PENICILLINS",11,201,5.47
Escherichia coli,2019,4,sp,"FLUOROQUINOLONES, FOLATE PATHWAY ANTAGONISTS, PENICILLINS",6,201,2.99
Escherichia coli,2019,5,sp,"CEPHEMS, FLUOROQUINOLONES, FOLATE PATHWAY ANTAGONISTS, PENICILLINS",30,205,14.63
Escherichia coli,2019,5,sp,"AMINOGLYCOSIDES, CEPHEMS, FLUOROQUINOLONES, FOLATE PATHWAY ANTAGONISTS, PENICILLINS, β-LACTAM COMBINATION AGENTS",26,205,12.68
Escherichia coli,2019,5,sp,"AMINOGLYCOSIDES, CEPHEMS, FLUOROQUINOLONES, FOLATE PATHWAY ANTAGONISTS, PENICILLINS",22,205,10.73
Escherichia coli,2019,5,sp,"CEPHEMS, FLUOROQUINOLONES, PENICILLINS",9,205,4.39
Escherichia coli,2019,5,sp,"FLUOROQUINOLONES, FOLATE PATHWAY ANTAGONISTS, PENICILLINS",6,205,2.93
Escherichia coli,2019,6,sp,"AMINOGLYCOSIDES, CEPHEMS, FLUOROQUINOLONES, FOLATE PATHWAY ANTAGONISTS, PENICILLINS",23,147,15.65
Escherichia coli,2019,6,sp,"CEPHEMS, FLUOROQUINOLONES, FOLATE PATHWAY ANTAGONISTS, PENICILLINS",20,147,13.61
Escherichia coli,2019,6,sp,"AMINOGLYCOSIDES, CEPHEMS, FLUOROQUINOLONES, FOLATE PATHWAY ANTAGONISTS, PENICILLINS, β-LACTAM COMBINATION AGENTS",19,147,12.93
Escherichia coli,2019,6,sp,"CEPHEMS, FLUOROQUINOLONES, PENICILLINS",13,147,8.84
Escherichia coli,2019,6,sp,"FLUOROQUINOLONES, FOLATE PATHWAY ANTAGONISTS, PENICILLINS",4,147,2.72
Escherichia coli,2019,7,sp,"CEPHEMS, FLUOROQUINOLONES, FOLATE PATHWAY ANTAGONISTS, PENICILLINS",31,167,18.56
Escherichia coli,2019,7,sp,"AMINOGLYCOSIDES, CEPHEMS, FLUOROQUINOLONES, FOLATE PATHWAY ANTAGONISTS, PENICILLINS",21,167,12.57
Escherichia coli,2019,7,sp,"FLUOROQUINOLONES, FOLATE PATHWAY ANTAGONISTS, PENICILLINS",10,167,5.99
Escherichia coli,2019,7,sp,"AMINOGLYCOSIDES, CEPHEMS, FLUOROQUINOLONES, FOLATE PATHWAY ANTAGONISTS, PENICILLINS, β-LACTAM COMBINATION AGENTS",9,167,5.39
Escherichia coli,2019,7,sp,"CEPHEMS, FLUOROQUINOLONES, PENICILLINS",9,167,5.39
Escherichia coli,2019,8,sp,"CEPHEMS, FLUOROQUINOLONES, FOLATE PATHWAY ANTAGONISTS, PENICILLINS",28,179,15.64
Escherichia coli,2019,8,sp,"AMINOGLYCOSIDES, CEPHEMS, FLUOROQUINOLONES, FOLATE PATHWAY ANTAGONISTS, PENICILLINS",23,179,12.85
Escherichia coli,2019,8,sp,"AMINOGLYCOSIDES, CEPHEMS, FLUOROQUINOLONES, FOLATE PATHWAY ANTAGONISTS, PENICILLINS, β-LACTAM COMBINATION AGENTS",14,179,7.82
Escherichia coli,2019,8,sp,"CEPHEMS, FLUOROQUINOLONES, PENICILLINS",7,179,3.91
Escherichia coli,2019,8,sp,"FLUOROQUINOLONES, FOLATE PATHWAY ANTAGONISTS, PENICILLINS",7,179,3.91
Escherichia coli,2019,9,sp,"CEPHEMS, FLUOROQUINOLONES, FOLATE PATHWAY ANTAGONISTS, PENICILLINS",28,173,16.18
Escherichia coli,2019,9,sp,"AMINOGLYCOSIDES, CEPHEMS, FLUOROQUINOLONES, FOLATE PATHWAY ANTAGONISTS, PENICILLINS",23,173,13.29
Escherichia coli,2019,9,sp,"AMINOGLYCOSIDES, CEPHEMS, FLUOROQUINOLONES, FOLATE PATHWAY ANTAGONISTS, PENICILLINS, β-LACTAM COMBINATION AGENTS",21,173,12.14
Escherichia coli,2019,9,sp,"FLUOROQUINOLONES, FOLATE PATHWAY ANTAGONISTS, PENICILLINS",11,173,6.36
Escherichia coli,2019,9,sp,"CEPHEMS, FLUOROQUINOLONES, PENICILLINS",10,173,5.78
Escherichia coli,2019,10,sp,"AMINOGLYCOSIDES, CEPHEMS, FLUOROQUINOLONES, FOLATE PATHWAY ANTAGONISTS, PENICILLINS",26,178,14.61
Escherichia coli,2019,10,sp,"CEPHEMS, FLUOROQUINOLONES, FOLATE PATHWAY ANTAGONISTS, PENICILLINS",26,178,14.61
Escherichia coli,2019,10,sp,"CEPHEMS, FLUOROQUINOLONES, PENICILLINS",12,178,6.74
Escherichia coli,2019,10,sp,"AMINOGLYCOSIDES, CEPHEMS, FLUOROQUINOLONES, FOLATE PATHWAY ANTAGONISTS, PENICILLINS, β-LACTAM COMBINATION AGENTS",11,178,6.18
Escherichia coli,2019,10,sp,"FLUOROQUINOLONES, FOLATE PATHWAY ANTAGONISTS, PENICILLINS",11,178,6.18
Escherichia coli,2019,11,sp,"CEPHEMS, FLUOROQUINOLONES, FOLATE PATHWAY ANTAGONISTS, PENICILLINS",28,145,19.31
Escherichia coli,2019,11,sp,"AMINOGLYCOSIDES, CEPHEMS, FLUOROQUINOLONES, FOLATE PATHWAY ANTAGONISTS, PENICILLINS, β-LACTAM COMBINATION AGENTS",18,145,12.41
Escherichia coli,2019,11,sp,"CEPHEMS, FLUOROQUINOLONES, PENICILLINS",10,145,6.9
Escherichia coli,2019,11,sp,"AMINOGLYCOSIDES, CEPHEMS, FLUOROQUINOLONES, FOLATE PATHWAY ANTAGONISTS, PENICILLINS",9,145,6.21
Escherichia coli,2019,11,sp,"FLUOROQUINOLONES, FOLATE PATHWAY ANTAGONISTS, PENICILLINS",5,145,3.45
Escherichia coli,2019,12,sp,"CEPHEMS, FLUOROQUINOLONES, FOLATE PATHWAY ANTAGONISTS, PENICILLINS",21,111,18.92
Escherichia coli,2019,12,sp,"AMINOGLYCOSIDES, CEPHEMS, FLUOROQUINOLONES, FOLATE PATHWAY ANTAGONISTS, PENICILLINS",14,111,12.61
Escherichia coli,2019,12,sp,"AMINOGLYCOSIDES, CEPHEMS, FLUOROQUINOLONES, FOLATE PATHWAY ANTAGONISTS, PENICILLINS, β-LACTAM COMBINATION AGENTS",10,111,9.01
Escherichia coli,2019,12,sp,"FLUOROQUINOLONES, FOLATE PATHWAY ANTAGONISTS, PENICILLINS",6,111,5.41
Escherichia coli,2019,12,sp,"CEPHEMS, FLUOROQUINOLONES, PENICILLINS",3,111,2.7
Escherichia coli,2020,1,sp,"CEPHEMS, FLUOROQUINOLONES, FOLATE PATHWAY ANTAGONISTS, PENICILLINS",29,230,12.61
Escherichia coli,2020,1,sp,"AMINOGLYCOSIDES, CEPHEMS, FLUOROQUINOLONES, FOLATE PATHWAY ANTAGONISTS, PENICILLINS",27,230,11.74
Escherichia coli,2020,1,sp,"AMINOGLYCOSIDES, CEPHEMS, FLUOROQUINOLONES, FOLATE PATHWAY ANTAGONISTS, PENICILLINS, β-LACTAM COMBINATION AGENTS",23,230,10.0
Escherichia coli,2020,1,sp,"CEPHEMS, FLUOROQUINOLONES, PENICILLINS",11,230,4.78
Escherichia coli,2020,1,sp,"FLUOROQUINOLONES, FOLATE PATHWAY ANTAGONISTS, PENICILLINS",9,230,3.91
Escherichia coli,2020,2,sp,"CEPHEMS, FLUOROQUINOLONES, FOLATE PATHWAY ANTAGONISTS, PENICILLINS",34,202,16.83
Escherichia coli,2020,2,sp,"AMINOGLYCOSIDES, CEPHEMS, FLUOROQUINOLONES, FOLATE PATHWAY ANTAGONISTS, PENICILLINS, β-LACTAM COMBINATION AGENTS",22,202,10.89
Escherichia coli,2020,2,sp,"CEPHEMS, FLUOROQUINOLONES, PENICILLINS",20,202,9.9
Escherichia coli,2020,2,sp,"AMINOGLYCOSIDES, CEPHEMS, FLUOROQUINOLONES, FOLATE PATHWAY ANTAGONISTS, PENICILLINS",14,202,6.93
Escherichia coli,2020,2,sp,"FLUOROQUINOLONES, FOLATE PATHWAY ANTAGONISTS, PENICILLINS",4,202,1.98
Escherichia coli,2020,3,sp,"CEPHEMS, FLUOROQUINOLONES, FOLATE PATHWAY ANTAGONISTS, PENICILLINS",30,170,17.65
Escherichia coli,2020,3,sp,"AMINOGLYCOSIDES, CEPHEMS, FLUOROQUINOLONES, FOLATE PATHWAY ANTAGONISTS, PENICILLINS",21,170,12.35
Escherichia coli,2020,3,sp,"CEPHEMS, FLUOROQUINOLONES, PENICILLINS",17,170,10.0
Escherichia coli,2020,3,sp,"AMINOGLYCOSIDES, CEPHEMS, FLUOROQUINOLONES, FOLATE PATHWAY ANTAGONISTS, PENICILLINS, β-LACTAM COMBINATION AGENTS",8,170,4.71
Escherichia coli,2020,3,sp,"FLUOROQUINOLONES, FOLATE PATHWAY ANTAGONISTS, PENICILLINS",7,170,4.12
Escherichia coli,2020,4,sp,"CEPHEMS, FLUOROQUINOLONES, FOLATE PATHWAY ANTAGONISTS, PENICILLINS",21,142,14.79
Escherichia coli,2020,4,sp,"CEPHEMS, FLUOROQUINOLONES, PENICILLINS",11,142,7.75
Escherichia coli,2020,4,sp,"AMINOGLYCOSIDES, CEPHEMS, FLUOROQUINOLONES, FOLATE PATHWAY ANTAGONISTS, PENICILLINS, β-LACTAM COMBINATION AGENTS",9,142,6.34
Escherichia coli,2020,4,sp,"AMINOGLYCOSIDES, CEPHEMS, FLUOROQUINOLONES, FOLATE PATHWAY ANTAGONISTS, PENICILLINS",8,142,5.63
Escherichia coli,2020,4,sp,"FLUOROQUINOLONES, FOLATE PATHWAY ANTAGONISTS, PENICILLINS",5,142,3.52
Escherichia coli,2020,5,sp,"CEPHEMS, FLUOROQUINOLONES, FOLATE PATHWAY ANTAGONISTS, PENICILLINS",28,163,17.18
Escherichia coli,2020,5,sp,"AMINOGLYCOSIDES, CEPHEMS, FLUOROQUINOLONES, FOLATE PATHWAY ANTAGONISTS, PENICILLINS",18,163,11.04
Escherichia coli,2020,5,sp,"CEPHEMS, FLUOROQUINOLONES, PENICILLINS",16,163,9.82
Escherichia coli,2020,5,sp,"FLUOROQUINOLONES, FOLATE PATHWAY ANTAGONISTS, PENICILLINS",12,163,7.36
Escherichia coli,2020,5,sp,"AMINOGLYCOSIDES, CEPHEMS, FLUOROQUINOLONES, FOLATE PATHWAY ANTAGONISTS, PENICILLINS, β-LACTAM COMBINATION AGENTS",10,163,6.13
Escherichia coli,2020,6,sp,"CEPHEMS, FLUOROQUINOLONES, FOLATE PATHWAY ANTAGONISTS, PENICILLINS",24,139,17.27
Escherichia coli,2020,6,sp,"AMINOGLYCOSIDES, CEPHEMS, FLUOROQUINOLONES, FOLATE PATHWAY ANTAGONISTS, PENICILLINS",16,139,11.51
Escherichia coli,2020,6,sp,"CEPHEMS, FLUOROQUINOLONES, PENICILLINS",14,139,10.07
Escherichia coli,2020,6,sp,"AMINOGLYCOSIDES, CEPHEMS, FLUOROQUINOLONES, FOLATE PATHWAY ANTAGONISTS, PENICILLINS, β-LACTAM COMBINATION AGENTS",11,139,7.91
Escherichia coli,2020,6,sp,"FLUOROQUINOLONES, FOLATE PATHWAY ANTAGONISTS, PENICILLINS",9,139,6.47
Escherichia coli,2020,7,sp,"CEPHEMS, FLUOROQUINOLONES, FOLATE PATHWAY ANTAGONISTS, PENICILLINS",23,137,16.79
Escherichia coli,2020,7,sp,"AMINOGLYCOSIDES, CEPHEMS, FLUOROQUINOLONES, FOLATE PATHWAY ANTAGONISTS, PENICILLINS, β-LACTAM COMBINATION AGENTS",18,137,13.14
Escherichia coli,2020,7,sp,"AMINOGLYCOSIDES, CEPHEMS, FLUOROQUINOLONES, FOLATE PATHWAY ANTAGONISTS, PENICILLINS",16,137,11.68
Escherichia coli,2020,7,sp,"FLUOROQUINOLONES, FOLATE PATHWAY ANTAGONISTS, PENICILLINS",7,137,5.11
Escherichia coli,2020,7,sp,"CEPHEMS, FLUOROQUINOLONES, PENICILLINS",6,137,4.38
Escherichia coli,2020,8,sp,"AMINOGLYCOSIDES, CEPHEMS, FLUOROQUINOLONES, FOLATE PATHWAY ANTAGONISTS, PENICILLINS",21,177,11.86
Escherichia coli,2020,8,sp,"CEPHEMS, FLUOROQUINOLONES, FOLATE PATHWAY ANTAGONISTS, PENICILLINS",21,177,11.86
Escherichia coli,2020,8,sp,"AMINOGLYCOSIDES, CEPHEMS, FLUOROQUINOLONES, FOLATE PATHWAY ANTAGONISTS, PENICILLINS, β-LACTAM COMBINATION AGENTS",13,177,7.34
Escherichia coli,2020,8,sp,"CEPHEMS, FLUOROQUINOLONES, PENICILLINS",10,177,5.65
Escherichia coli,2020,8,sp,"FLUOROQUINOLONES, FOLATE PATHWAY ANTAGONISTS, PENICILLINS",6,177,3.39
Escherichia coli,2020,9,sp,"AMINOGLYCOSIDES, CEPHEMS, FLUOROQUINOLONES, FOLATE PATHWAY ANTAGONISTS, PENICILLINS",28,166,16.87
Escherichia coli,2020,9,sp,"CEPHEMS, FLUOROQUINOLONES, FOLATE PATHWAY ANTAGONISTS, PENICILLINS",22,166,13.25
Escherichia coli,2020,9,sp,"AMINOGLYCOSIDES, CEPHEMS, FLUOROQUINOLONES, FOLATE PATHWAY ANTAGONISTS, PENICILLINS, β-LACTAM COMBINATION AGENTS",12,166,7.23
Escherichia coli,2020,9,sp,"FLUOROQUINOLONES, FOLATE PATHWAY ANTAGONISTS, PENICILLINS",10,166,6.02
Escherichia coli,2020,9,sp,"CEPHEMS, FLUOROQUINOLONES, PENICILLINS",9,166,5.42
Escherichia coli,2020,10,sp,"CEPHEMS, FLUOROQUINOLONES, FOLATE PATHWAY ANTAGONISTS, PENICILLINS",29,176,16.48
Escherichia coli,2020,10,sp,"AMINOGLYCOSIDES, CEPHEMS, FLUOROQUINOLONES, FOLATE PATHWAY ANTAGONISTS, PENICILLINS",21,176,11.93
Escherichia coli,2020,10,sp,"AMINOGLYCOSIDES, CEPHEMS, FLUOROQUINOLONES, FOLATE PATHWAY ANTAGONISTS, PENICILLINS, β-LACTAM COMBINATION AGENTS",18,176,10.23
Escherichia coli,2020,10,sp,"CEPHEMS, FLUOROQUINOLONES, PENICILLINS",8,176,4.55
Escherichia coli,2020,10,sp,"FLUOROQUINOLONES, FOLATE PATHWAY ANTAGONISTS, PENICILLINS",6,176,3.41
Escherichia coli,2020,11,sp,"CEPHEMS, FLUOROQUINOLONES, FOLATE PATHWAY ANTAGONISTS, PENICILLINS",24,160,15.0
Escherichia coli,2020,11,sp,"AMINOGLYCOSIDES, CEPHEMS, FLUOROQUINOLONES, FOLATE PATHWAY ANTAGONISTS, PENICILLINS",22,160,13.75
Escherichia coli,2020,11,sp,"AMINOGLYCOSIDES, CEPHEMS, FLUOROQUINOLONES, FOLATE PATHWAY ANTAGONISTS, PENICILLINS, β-LACTAM COMBINATION AGENTS",16,160,10.0
Escherichia coli,2020,11,sp,"CEPHEMS, FLUOROQUINOLONES, PENICILLINS",14,160,8.75
Escherichia coli,2020,11,sp,"FLUOROQUINOLONES, FOLATE PATHWAY ANTAGONISTS, PENICILLINS",5,160,3.12
Escherichia coli,2020,12,sp,"CEPHEMS, FLUOROQUINOLONES, FOLATE PATHWAY ANTAGONISTS, PENICILLINS",23,148,15.54
Escherichia coli,2020,12,sp,"AMINOGLYCOSIDES, CEPHEMS, FLUOROQUINOLONES, FOLATE PATHWAY ANTAGONISTS, PENICILLINS, β-LACTAM COMBINATION AGENTS",13,148,8.78
Escherichia coli,2020,12,sp,"CEPHEMS, FLUOROQUINOLONES, PENICILLINS",12,148,8.11
Escherichia coli,2020,12,sp,"AMINOGLYCOSIDES, CEPHEMS, FLUOROQUINOLONES, FOLATE PATHWAY ANTAGONISTS, PENICILLINS",10,148,6.76
Escherichia coli,2020,12,sp,"FLUOROQUINOLONES, FOLATE PATHWAY ANTAGONISTS, PENICILLINS",7,148,4.73
Escherichia coli,2021,1,sp,"CEPHEMS, FLUOROQUINOLONES, FOLATE PATHWAY ANTAGONISTS, PENICILLINS",29,196,14.8
Escherichia coli,2021,1,sp,"AMINOGLYCOSIDES, CEPHEMS, FLUOROQUINOLONES, FOLATE PATHWAY ANTAGONISTS, PENICILLINS",22,196,11.22
Escherichia coli,2021,1,sp,"CEPHEMS, FLUOROQUINOLONES, PENICILLINS",22,196,11.22
Escherichia coli,2021,1,sp,"AMINOGLYCOSIDES, CEPHEMS, FLUOROQUINOLONES, FOLATE PATHWAY ANTAGONISTS, PENICILLINS, β-LACTAM COMBINATION AGENTS",20,196,10.2
Escherichia coli,2021,1,sp,"FLUOROQUINOLONES, FOLATE PATHWAY ANTAGONISTS, PENICILLINS",7,196,3.57
Escherichia coli,2021,2,sp,"CEPHEMS, FLUOROQUINOLONES, FOLATE PATHWAY ANTAGONISTS, PENICILLINS",33,178,18.54
Escherichia coli,2021,2,sp,"AMINOGLYCOSIDES, CEPHEMS, FLUOROQUINOLONES, FOLATE PATHWAY ANTAGONISTS, PENICILLINS",15,178,8.43
Escherichia coli,2021,2,sp,"AMINOGLYCOSIDES, CEPHEMS, FLUOROQUINOLONES, FOLATE PATHWAY ANTAGONISTS, PENICILLINS, β-LACTAM COMBINATION AGENTS",14,178,7.87
Escherichia coli,2021,2,sp,"CEPHEMS, FLUOROQUINOLONES, PENICILLINS",13,178,7.3
Escherichia coli,2021,2,sp,"FLUOROQUINOLONES, FOLATE PATHWAY ANTAGONISTS, PENICILLINS",7,178,3.93
Escherichia coli,2021,3,sp,"CEPHEMS, FLUOROQUINOLONES, FOLATE PATHWAY ANTAGONISTS, PENICILLINS",30,198,15.15
Escherichia coli,2021,3,sp,"AMINOGLYCOSIDES, CEPHEMS, FLUOROQUINOLONES, FOLATE PATHWAY ANTAGONISTS, PENICILLINS, β-LACTAM COMBINATION AGENTS",22,198,11.11
Escherichia coli,2021,3,sp,"AMINOGLYCOSIDES, CEPHEMS, FLUOROQUINOLONES, FOLATE PATHWAY ANTAGONISTS, PENICILLINS",19,198,9.6
Escherichia coli,2021,3,sp,"CEPHEMS, FLUOROQUINOLONES, PENICILLINS",13,198,6.57
Escherichia coli,2021,3,sp,"FLUOROQUINOLONES, FOLATE PATHWAY ANTAGONISTS, PENICILLINS",12,198,6.06
Escherichia coli,2021,4,sp,"CEPHEMS, FLUOROQUINOLONES, FOLATE PATHWAY ANTAGONISTS, PENICILLINS",30,168,17.86
Escherichia coli,2021,4,sp,"AMINOGLYCOSIDES, CEPHEMS, FLUOROQUINOLONES, FOLATE PATHWAY ANTAGONISTS, PENICILLINS",21,168,12.5
Escherichia coli,2021,4,sp,"AMINOGLYCOSIDES, CEPHEMS, FLUOROQUINOLONES, FOLATE PATHWAY ANTAGONISTS, PENICILLINS, β-LACTAM COMBINATION AGENTS",18,168,10.71
Escherichia coli,2021,4,sp,"CEPHEMS, FLUOROQUINOLONES, PENICILLINS",17,168,10.12
Escherichia coli,2021,4,sp,"FLUOROQUINOLONES, FOLATE PATHWAY ANTAGONISTS, PENICILLINS",2,168,1.19
Escherichia coli,2021,5,sp,"AMINOGLYCOSIDES, CEPHEMS, FLUOROQUINOLONES, FOLATE PATHWAY ANTAGONISTS, PENICILLINS",30,215,13.95
Escherichia coli,2021,5,sp,"CEPHEMS, FLUOROQUINOLONES, FOLATE PATHWAY ANTAGONISTS, PENICILLINS",24,215,11.16
Escherichia coli,2021,5,sp,"CEPHEMS, FLUOROQUINOLONES, PENICILLINS",21,215,9.77
Escherichia coli,2021,5,sp,"AMINOGLYCOSIDES, CEPHEMS, FLUOROQUINOLONES, FOLATE PATHWAY ANTAGONISTS, PENICILLINS, β-LACTAM COMBINATION AGENTS",16,215,7.44
Escherichia coli,2021,5,sp,"FLUOROQUINOLONES, FOLATE PATHWAY ANTAGONISTS, PENICILLINS",5,215,2.33
Escherichia coli,2021,6,sp,"CEPHEMS, FLUOROQUINOLONES, FOLATE PATHWAY ANTAGONISTS, PENICILLINS",24,161,14.91
Escherichia coli,2021,6,sp,"AMINOGLYCOSIDES, CEPHEMS, FLUOROQUINOLONES, FOLATE PATHWAY ANTAGONISTS, PENICILLINS",22,161,13.66
Escherichia coli,2021,6,sp,"AMINOGLYCOSIDES, CEPHEMS, FLUOROQUINOLONES, FOLATE PATHWAY ANTAGONISTS, PENICILLINS, β-LACTAM COMBINATION AGENTS",19,161,11.8
Escherichia coli,2021,6,sp,"CEPHEMS, FLUOROQUINOLONES, PENICILLINS",13,161,8.07
Escherichia coli,2021,6,sp,"FLUOROQUINOLONES, FOLATE PATHWAY ANTAGONISTS, PENICILLINS",4,161,2.48
Escherichia coli,2021,7,sp,"AMINOGLYCOSIDES, CEPHEMS, FLUOROQUINOLONES, FOLATE PATHWAY ANTAGONISTS, PENICILLINS",23,154,14.94
Escherichia coli,2021,7,sp,"CEPHEMS, FLUOROQUINOLONES, FOLATE PATHWAY ANTAGONISTS, PENICILLINS",23,154,14.94
Escherichia coli,2021,7,sp,"CEPHEMS, FLUOROQUINOLONES, PENICILLINS",13,154,8.44
Escherichia coli,2021,7,sp,"AMINOGLYCOSIDES, CEPHEMS, FLUOROQUINOLONES, FOLATE PATHWAY ANTAGONISTS, PENICILLINS, β-LACTAM COMBINATION AGENTS",12,154,7.79
Escherichia coli,2021,7,sp,"FLUOROQUINOLONES, FOLATE PATHWAY ANTAGONISTS, PENICILLINS",5,154,3.25
Escherichia coli,2021,8,sp,"CEPHEMS, FLUOROQUINOLONES, FOLATE PATHWAY ANTAGONISTS, PENICILLINS",25,156,16.03
Escherichia coli,2021,8,sp,"CEPHEMS, FLUOROQUINOLONES, PENICILLINS",14,156,8.97
Escherichia coli,2021,8,sp,"AMINOGLYCOSIDES, CEPHEMS, FLUOROQUINOLONES, FOLATE PATHWAY ANTAGONISTS, PENICILLINS, β-LACTAM COMBINATION AGENTS",12,156,7.69
Escherichia coli,2021,8,sp,"AMINOGLYCOSIDES, CEPHEMS, FLUOROQUINOLONES, FOLATE PATHWAY ANTAGONISTS, PENICILLINS",10,156,6.41
Escherichia coli,2021,8,sp,"FLUOROQUINOLONES, FOLATE PATHWAY ANTAGONISTS, PENICILLINS",6,156,3.85
Escherichia coli,2021,9,sp,"CEPHEMS, FLUOROQUINOLONES, FOLATE PATHWAY ANTAGONISTS, PENICILLINS",28,159,17.61
Escherichia coli,2021,9,sp,"AMINOGLYCOSIDES, CEPHEMS, FLUOROQUINOLONES, FOLATE PATHWAY ANTAGONISTS, PENICILLINS",20,159,12.58
Escherichia coli,2021,9,sp,"CEPHEMS, FLUOROQUINOLONES, PENICILLINS",9,159,5.66
Escherichia coli,2021,9,sp,"AMINOGLYCOSIDES, CEPHEMS, FLUOROQUINOLONES, FOLATE PATHWAY ANTAGONISTS, PENICILLINS, β-LACTAM COMBINATION AGENTS",8,159,5.03
Escherichia coli,2021,9,sp,"FLUOROQUINOLONES, FOLATE PATHWAY ANTAGONISTS, PENICILLINS",6,159,3.77
Escherichia coli,2021,10,sp,"CEPHEMS, FLUOROQUINOLONES, FOLATE PATHWAY ANTAGONISTS, PENICILLINS",30,167,17.96
Escherichia coli,2021,10,sp,"AMINOGLYCOSIDES, CEPHEMS, FLUOROQUINOLONES, FOLATE PATHWAY ANTAGONISTS, PENICILLINS",11,167,6.59
Escherichia coli,2021,10,sp,"CEPHEMS, FLUOROQUINOLONES, PENICILLINS",11,167,6.59
Escherichia coli,2021,10,sp,"AMINOGLYCOSIDES, CEPHEMS, FLUOROQUINOLONES, FOLATE PATHWAY ANTAGONISTS, PENICILLINS, β-LACTAM COMBINATION AGENTS",9,167,5.39
Escherichia coli,2021,10,sp,"FLUOROQUINOLONES, FOLATE PATHWAY ANTAGONISTS, PENICILLINS",8,167,4.79
Escherichia coli,2021,11,sp,"CEPHEMS, FLUOROQUINOLONES, FOLATE PATHWAY ANTAGONISTS, PENICILLINS",26,156,16.67
Escherichia coli,2021,11,sp,"AMINOGLYCOSIDES, CEPHEMS, FLUOROQUINOLONES, FOLATE PATHWAY ANTAGONISTS, PENICILLINS",17,156,10.9
Escherichia coli,2021,11,sp,"CEPHEMS, FLUOROQUINOLONES, PENICILLINS",13,156,8.33
Escherichia coli,2021,11,sp,"AMINOGLYCOSIDES, CEPHEMS, FLUOROQUINOLONES, FOLATE PATHWAY ANTAGONISTS, PENICILLINS, β-LACTAM COMBINATION AGENTS",8,156,5.13
Escherichia coli,2021,11,sp,"FLUOROQUINOLONES, FOLATE PATHWAY ANTAGONISTS, PENICILLINS",6,156,3.85
Escherichia coli,2021,12,sp,"CEPHEMS, FLUOROQUINOLONES, FOLATE PATHWAY ANTAGONISTS, PENICILLINS",30,156,19.23
Escherichia coli,2021,12,sp,"CEPHEMS, FLUOROQUINOLONES, PENICILLINS",19,156,12.18
Escherichia coli,2021,12,sp,"AMINOGLYCOSIDES, CEPHEMS, FLUOROQUINOLONES, FOLATE PATHWAY ANTAGONISTS, PENICILLINS",18,156,11.54
Escherichia coli,2021,12,sp,"AMINOGLYCOSIDES, CEPHEMS, FLUOROQUINOLONES, FOLATE PATHWAY ANTAGONISTS, PENICILLINS, β-LACTAM COMBINATION AGENTS",11,156,7.05
Escherichia coli,2021,12,sp,"FLUOROQUINOLONES, FOLATE PATHWAY ANTAGONISTS, PENICILLINS",6,156,3.85
Escherichia coli,2022,1,sp,"CEPHEMS, FLUOROQUINOLONES, FOLATE PATHWAY ANTAGONISTS, PENICILLINS",24,163,14.72
Escherichia coli,2022,1,sp,"CEPHEMS, FLUOROQUINOLONES, PENICILLINS",20,163,12.27
Escherichia coli,2022,1,sp,"AMINOGLYCOSIDES, CEPHEMS, FLUOROQUINOLONES, FOLATE PATHWAY ANTAGONISTS, PENICILLINS",14,163,8.59
Escherichia coli,2022,1,sp,"AMINOGLYCOSIDES, CEPHEMS, FLUOROQUINOLONES, FOLATE PATHWAY ANTAGONISTS, PENICILLINS, β-LACTAM COMBINATION AGENTS",8,163,4.91
Escherichia coli,2022,1,sp,"FLUOROQUINOLONES, FOLATE PATHWAY ANTAGONISTS, PENICILLINS",7,163,4.29
Escherichia coli,2022,2,sp,"CEPHEMS, FLUOROQUINOLONES, FOLATE PATHWAY ANTAGONISTS, PENICILLINS",28,143,19.58
Escherichia coli,2022,2,sp,"AMINOGLYCOSIDES, CEPHEMS, FLUOROQUINOLONES, FOLATE PATHWAY ANTAGONISTS, PENICILLINS",11,143,7.69
Escherichia coli,2022,2,sp,"AMINOGLYCOSIDES, CEPHEMS, FLUOROQUINOLONES, FOLATE PATHWAY ANTAGONISTS, PENICILLINS, β-LACTAM COMBINATION AGENTS",9,143,6.29
Escherichia coli,2022,2,sp,"CEPHEMS, FLUOROQUINOLONES, PENICILLINS",6,143,4.2
Escherichia coli,2022,2,sp,"FLUOROQUINOLONES, FOLATE PATHWAY ANTAGONISTS, PENICILLINS",5,143,3.5
Escherichia coli,2022,3,sp,"CEPHEMS, FLUOROQUINOLONES, FOLATE PATHWAY ANTAGONISTS, PENICILLINS",22,134,16.42
Escherichia coli,2022,3,sp,"AMINOGLYCOSIDES, CEPHEMS, FLUOROQUINOLONES, FOLATE PATHWAY ANTAGONISTS, PENICILLINS",20,134,14.93
Escherichia coli,2022,3,sp,"CEPHEMS, FLUOROQUINOLONES, PENICILLINS",9,134,6.72
Escherichia coli,2022,3,sp,"FLUOROQUINOLONES, FOLATE PATHWAY ANTAGONISTS, PENICILLINS",7,134,5.22
Escherichia coli,2022,3,sp,"AMINOGLYCOSIDES, CEPHEMS, FLUOROQUINOLONES, FOLATE PATHWAY ANTAGONISTS, PENICILLINS, β-LACTAM COMBINATION AGENTS",3,134,2.24
Escherichia coli,2022,4,sp,"CEPHEMS, FLUOROQUINOLONES, FOLATE PATHWAY ANTAGONISTS, PENICILLINS",15,143,10.49
Escherichia coli,2022,4,sp,"AMINOGLYCOSIDES, CEPHEMS, FLUOROQUINOLONES, FOLATE PATHWAY ANTAGONISTS, PENICILLINS",11,143,7.69
Escherichia coli,2022,4,sp,"AMINOGLYCOSIDES, CEPHEMS, FLUOROQUINOLONES, FOLATE PATHWAY ANTAGONISTS, PENICILLINS, β-LACTAM COMBINATION AGENTS",8,143,5.59
Escherichia coli,2022,4,sp,"CEPHEMS, FLUOROQUINOLONES, PENICILLINS",5,143,3.5
Escherichia coli,2022,4,sp,"FLUOROQUINOLONES, FOLATE PATHWAY ANTAGONISTS, PENICILLINS",4,143,2.8
Escherichia coli,2022,5,sp,"CEPHEMS, FLUOROQUINOLONES, FOLATE PATHWAY ANTAGONISTS, PENICILLINS",20,144,13.89
Escherichia coli,2022,5,sp,"CEPHEMS, FLUOROQUINOLONES, PENICILLINS",9,144,6.25
Escherichia coli,2022,5,sp,"AMINOGLYCOSIDES, CEPHEMS, FLUOROQUINOLONES, FOLATE PATHWAY ANTAGONISTS, PENICILLINS",8,144,5.56
Escherichia coli,2022,5,sp,"FLUOROQUINOLONES, FOLATE PATHWAY ANTAGONISTS, PENICILLINS",8,144,5.56
Escherichia coli,2022,5,sp,"AMINOGLYCOSIDES, CEPHEMS, FLUOROQUINOLONES, FOLATE PATHWAY ANTAGONISTS, PENICILLINS, β-LACTAM COMBINATION AGENTS",7,144,4.86
Escherichia coli,2022,6,sp,"AMINOGLYCOSIDES, CEPHEMS, FLUOROQUINOLONES, FOLATE PATHWAY ANTAGONISTS, PENICILLINS, β-LACTAM COMBINATION AGENTS",12,121,9.92
Escherichia coli,2022,6,sp,"CEPHEMS, FLUOROQUINOLONES, FOLATE PATHWAY ANTAGONISTS, PENICILLINS",12,121,9.92
Escherichia coli,2022,6,sp,"CEPHEMS, FLUOROQUINOLONES, PENICILLINS",9,121,7.44
Escherichia coli,2022,6,sp,"FLUOROQUINOLONES, FOLATE PATHWAY ANTAGONISTS, PENICILLINS",9,121,7.44
Escherichia coli,2022,6,sp,"AMINOGLYCOSIDES, CEPHEMS, FLUOROQUINOLONES, FOLATE PATHWAY ANTAGONISTS, PENICILLINS",4,121,3.31
Escherichia coli,2022,7,sp,"CEPHEMS, FLUOROQUINOLONES, FOLATE PATHWAY ANTAGONISTS, PENICILLINS",13,77,16.88
Escherichia coli,2022,7,sp,"AMINOGLYCOSIDES, CEPHEMS, FLUOROQUINOLONES, FOLATE PATHWAY ANTAGONISTS, PENICILLINS",6,77,7.79
Escherichia coli,2022,7,sp,"FLUOROQUINOLONES, FOLATE PATHWAY ANTAGONISTS, PENICILLINS",6,77,7.79
Escherichia coli,2022,7,sp,"CEPHEMS, FLUOROQUINOLONES, PENICILLINS",5,77,6.49
Escherichia coli,2022,7,sp,"AMINOGLYCOSIDES, CEPHEMS, FLUOROQUINOLONES, FOLATE PATHWAY ANTAGONISTS, PENICILLINS, β-LACTAM COMBINATION AGENTS",2,77,2.6
Escherichia coli,2022,8,sp,"CEPHEMS, FLUOROQUINOLONES, FOLATE PATHWAY ANTAGONISTS, PENICILLINS",14,96,14.58
Escherichia coli,2022,8,sp,"AMINOGLYCOSIDES, CEPHEMS, FLUOROQUINOLONES, FOLATE PATHWAY ANTAGONISTS, PENICILLINS, β-LACTAM COMBINATION AGENTS",5,96,5.21
Escherichia coli,2022,8,sp,"AMINOGLYCOSIDES, CEPHEMS, FLUOROQUINOLONES, FOLATE PATHWAY ANTAGONISTS, PENICILLINS",3,96,3.12
Escherichia coli,2022,8,sp,"CEPHEMS, FLUOROQUINOLONES, PENICILLINS",3,96,3.12
Escherichia coli,2022,8,sp,"FLUOROQUINOLONES, FOLATE PATHWAY ANTAGONISTS, PENICILLINS",3,96,3.12
Escherichia coli,2022,9,sp,"CEPHEMS, FLUOROQUINOLONES, FOLATE PATHWAY ANTAGONISTS, PENICILLINS",14,90,15.56
Escherichia coli,2022,9,sp,"AMINOGLYCOSIDES, CEPHEMS, FLUOROQUINOLONES, FOLATE PATHWAY ANTAGONISTS, PENICILLINS",7,90,7.78
Escherichia coli,2022,9,sp,"FLUOROQUINOLONES, FOLATE PATHWAY ANTAGONISTS, PENICILLINS",7,90,7.78
Escherichia coli,2022,9,sp,"AMINOGLYCOSIDES, CEPHEMS, FLUOROQUINOLONES, FOLATE PATHWAY ANTAGONISTS, PENICILLINS, β-LACTAM COMBINATION AGENTS",6,90,6.67
Escherichia coli,2022,9,sp,"CEPHEMS, FLUOROQUINOLONES, PENICILLINS",4,90,4.44
Escherichia coli,2022,10,sp,"CEPHEMS, FLUOROQUINOLONES, FOLATE PATHWAY ANTAGONISTS, PENICILLINS",12,84,14.29
Escherichia coli,2022,10,sp,"AMINOGLYCOSIDES, CEPHEMS, FLUOROQUINOLONES, FOLATE PATHWAY ANTAGONISTS, PENICILLINS",8,84,9.52
Escherichia coli,2022,10,sp,"AMINOGLYCOSIDES, CEPHEMS, FLUOROQUINOLONES, FOLATE PATHWAY ANTAGONISTS, PENICILLINS, β-LACTAM COMBINATION AGENTS",8,84,9.52
Escherichia coli,2022,10,sp,"CEPHEMS, FLUOROQUINOLONES, PENICILLINS",4,84,4.76
Escherichia coli,2022,10,sp,"FLUOROQUINOLONES, FOLATE PATHWAY ANTAGONISTS, PENICILLINS",3,84,3.57
Escherichia coli,2022,11,sp,"CEPHEMS, FLUOROQUINOLONES, FOLATE PATHWAY ANTAGONISTS, PENICILLINS",14,89,15.73
Escherichia coli,2022,11,sp,"FLUOROQUINOLONES, FOLATE PATHWAY ANTAGONISTS, PENICILLINS",10,89,11.24
Escherichia coli,2022,11,sp,"AMINOGLYCOSIDES, CEPHEMS, FLUOROQUINOLONES, FOLATE PATHWAY ANTAGONISTS, PENICILLINS",8,89,8.99
Escherichia coli,2022,11,sp,"AMINOGLYCOSIDES, CEPHEMS, FLUOROQUINOLONES, FOLATE PATHWAY ANTAGONISTS, PENICILLINS, β-LACTAM COMBINATION AGENTS",7,89,7.87
Escherichia coli,2022,11,sp,"CEPHEMS, FLUOROQUINOLONES, PENICILLINS",3,89,3.37
Escherichia coli,2022,12,sp,"CEPHEMS, FLUOROQUINOLONES, FOLATE PATHWAY ANTAGONISTS, PENICILLINS",11,67,16.42
Escherichia coli,2022,12,sp,"FLUOROQUINOLONES, FOLATE PATHWAY ANTAGONISTS, PENICILLINS",9,67,13.43
Escherichia coli,2022,12,sp,"CEPHEMS, FLUOROQUINOLONES, PENICILLINS",8,67,11.94
Escherichia coli,2022,12,sp,"AMINOGLYCOSIDES, CEPHEMS, FLUOROQUINOLONES, FOLATE PATHWAY ANTAGONISTS, PENICILLINS",6,67,8.96
Escherichia coli,2022,12,sp,"AMINOGLYCOSIDES, CEPHEMS, FLUOROQUINOLONES, FOLATE PATHWAY ANTAGONISTS, PENICILLINS, β-LACTAM COMBINATION AGENTS",3,67,4.48
Escherichia coli,2023,1,sp,"CEPHEMS, FLUOROQUINOLONES, FOLATE PATHWAY ANTAGONISTS, PENICILLINS",28,169,16.57
Escherichia coli,2023,1,sp,"AMINOGLYCOSIDES, CEPHEMS, FLUOROQUINOLONES, FOLATE PATHWAY ANTAGONISTS, PENICILLINS",17,169,10.06
Escherichia coli,2023,1,sp,"CEPHEMS, FLUOROQUINOLONES, PENICILLINS",12,169,7.1
Escherichia coli,2023,1,sp,"AMINOGLYCOSIDES, CEPHEMS, FLUOROQUINOLONES, FOLATE PATHWAY ANTAGONISTS, PENICILLINS, β-LACTAM COMBINATION AGENTS",9,169,5.33
Escherichia coli,2023,1,sp,"FLUOROQUINOLONES, FOLATE PATHWAY ANTAGONISTS, PENICILLINS",6,169,3.55
Escherichia coli,2023,2,sp,"CEPHEMS, FLUOROQUINOLONES, FOLATE PATHWAY ANTAGONISTS, PENICILLINS",23,131,17.56
Escherichia coli,2023,2,sp,"AMINOGLYCOSIDES, CEPHEMS, FLUOROQUINOLONES, FOLATE PATHWAY ANTAGONISTS, PENICILLINS, β-LACTAM COMBINATION AGENTS",12,131,9.16
Escherichia coli,2023,2,sp,"AMINOGLYCOSIDES, CEPHEMS, FLUOROQUINOLONES, FOLATE PATHWAY ANTAGONISTS, PENICILLINS",9,131,6.87
Escherichia coli,2023,2,sp,"FLUOROQUINOLONES, FOLATE PATHWAY ANTAGONISTS, PENICILLINS",7,131,5.34
Escherichia coli,2023,2,sp,"CEPHEMS, FLUOROQUINOLONES, PENICILLINS",6,131,4.58
Escherichia coli,2023,3,sp,"CEPHEMS, FLUOROQUINOLONES, FOLATE PATHWAY ANTAGONISTS, PENICILLINS",28,135,20.74
Escherichia coli,2023,3,sp,"AMINOGLYCOSIDES, CEPHEMS, FLUOROQUINOLONES, FOLATE PATHWAY ANTAGONISTS, PENICILLINS, β-LACTAM COMBINATION AGENTS",13,135,9.63
Escherichia coli,2023,3,sp,"AMINOGLYCOSIDES, CEPHEMS, FLUOROQUINOLONES, FOLATE PATHWAY ANTAGONISTS, PENICILLINS",9,135,6.67
Escherichia coli,2023,3,sp,"CEPHEMS, FLUOROQUINOLONES, PENICILLINS",8,135,5.93
Escherichia coli,2023,3,sp,"FLUOROQUINOLONES, FOLATE PATHWAY ANTAGONISTS, PENICILLINS",7,135,5.19
Escherichia coli,2023,4,sp,"CEPHEMS, FLUOROQUINOLONES, FOLATE PATHWAY ANTAGONISTS, PENICILLINS",30,153,19.61
Escherichia coli,2023,4,sp,"CEPHEMS, FLUOROQUINOLONES, PENICILLINS",15,153,9.8
Escherichia coli,2023,4,sp,"AMINOGLYCOSIDES, CEPHEMS, FLUOROQUINOLONES, FOLATE PATHWAY ANTAGONISTS, PENICILLINS",8,153,5.23
Escherichia coli,2023,4,sp,"AMINOGLYCOSIDES, CEPHEMS, FLUOROQUINOLONES, FOLATE PATHWAY ANTAGONISTS, PENICILLINS, β-LACTAM COMBINATION AGENTS",7,153,4.58
Escherichia coli,2023,4,sp,"FLUOROQUINOLONES, FOLATE PATHWAY ANTAGONISTS, PENICILLINS",7,153,4.58
Escherichia coli,2023,5,sp,"CEPHEMS, FLUOROQUINOLONES, FOLATE PATHWAY ANTAGONISTS, PENICILLINS",19,151,12.58
Escherichia coli,2023,5,sp,"AMINOGLYCOSIDES, CEPHEMS, FLUOROQUINOLONES, FOLATE PATHWAY ANTAGONISTS, PENICILLINS",11,151,7.28
Escherichia coli,2023,5,sp,"AMINOGLYCOSIDES, CEPHEMS, FLUOROQUINOLONES, FOLATE PATHWAY ANTAGONISTS, PENICILLINS, β-LACTAM COMBINATION AGENTS",11,151,7.28
Escherichia coli,2023,5,sp,"CEPHEMS, FLUOROQUINOLONES, PENICILLINS",7,151,4.64
Escherichia coli,2023,5,sp,"FLUOROQUINOLONES, FOLATE PATHWAY ANTAGONISTS, PENICILLINS",7,151,4.64
Escherichia coli,2023,6,sp,"CEPHEMS, FLUOROQUINOLONES, FOLATE PATHWAY ANTAGONISTS, PENICILLINS",19,153,12.42
Escherichia coli,2023,6,sp,"AMINOGLYCOSIDES, CEPHEMS, FLUOROQUINOLONES, FOLATE PATHWAY ANTAGONISTS, PENICILLINS",10,153,6.54
Escherichia coli,2023,6,sp,"FLUOROQUINOLONES, FOLATE PATHWAY ANTAGONISTS, PENICILLINS",9,153,5.88
Escherichia coli,2023,6,sp,"AMINOGLYCOSIDES, CEPHEMS, FLUOROQUINOLONES, FOLATE PATHWAY ANTAGONISTS, PENICILLINS, β-LACTAM COMBINATION AGENTS",6,153,3.92
Escherichia coli,2023,6,sp,"CEPHEMS, FLUOROQUINOLONES, PENICILLINS",5,153,3.27
Escherichia coli,2023,7,sp,"CEPHEMS, FLUOROQUINOLONES, FOLATE PATHWAY ANTAGONISTS, PENICILLINS",22,157,14.01
Escherichia coli,2023,7,sp,"AMINOGLYCOSIDES, CEPHEMS, FLUOROQUINOLONES, FOLATE PATHWAY ANTAGONISTS, PENICILLINS",16,157,10.19
Escherichia coli,2023,7,sp,"AMINOGLYCOSIDES, CEPHEMS, FLUOROQUINOLONES, FOLATE PATHWAY ANTAGONISTS, PENICILLINS, β-LACTAM COMBINATION AGENTS",8,157,5.1
Escherichia coli,2023,7,sp,"CEPHEMS, FLUOROQUINOLONES, PENICILLINS",4,157,2.55
Escherichia coli,2023,7,sp,"FLUOROQUINOLONES, FOLATE PATHWAY ANTAGONISTS, PENICILLINS",4,157,2.55
Escherichia coli,2023,8,sp,"CEPHEMS, FLUOROQUINOLONES, FOLATE PATHWAY ANTAGONISTS, PENICILLINS",19,137,13.87
Escherichia coli,2023,8,sp,"CEPHEMS, FLUOROQUINOLONES, PENICILLINS",15,137,10.95
Escherichia coli,2023,8,sp,"AMINOGLYCOSIDES, CEPHEMS, FLUOROQUINOLONES, FOLATE PATHWAY ANTAGONISTS, PENICILLINS",8,137,5.84
Escherichia coli,2023,8,sp,"AMINOGLYCOSIDES, CEPHEMS, FLUOROQUINOLONES, FOLATE PATHWAY ANTAGONISTS, PENICILLINS, β-LACTAM COMBINATION AGENTS",8,137,5.84
Escherichia coli,2023,8,sp,"FLUOROQUINOLONES, FOLATE PATHWAY ANTAGONISTS, PENICILLINS",5,137,3.65
Escherichia coli,2023,9,sp,"CEPHEMS, FLUOROQUINOLONES, FOLATE PATHWAY ANTAGONISTS, PENICILLINS",18,137,13.14
Escherichia coli,2023,9,sp,"AMINOGLYCOSIDES, CEPHEMS, FLUOROQUINOLONES, FOLATE PATHWAY ANTAGONISTS, PENICILLINS",9,137,6.57
Escherichia coli,2023,9,sp,"CEPHEMS, FLUOROQUINOLONES, PENICILLINS",9,137,6.57
Escherichia coli,2023,9,sp,"AMINOGLYCOSIDES, CEPHEMS, FLUOROQUINOLONES, FOLATE PATHWAY ANTAGONISTS, PENICILLINS, β-LACTAM COMBINATION AGENTS",7,137,5.11
Escherichia coli,2023,9,sp,"FLUOROQUINOLONES, FOLATE PATHWAY ANTAGONISTS, PENICILLINS",6,137,4.38
Escherichia coli,2023,10,sp,"CEPHEMS, FLUOROQUINOLONES, FOLATE PATHWAY ANTAGONISTS, PENICILLINS",24,131,18.32
Escherichia coli,2023,10,sp,"AMINOGLYCOSIDES, CEPHEMS, FLUOROQUINOLONES, FOLATE PATHWAY ANTAGONISTS, PENICILLINS",13,131,9.92
Escherichia coli,2023,10,sp,"AMINOGLYCOSIDES, CEPHEMS, FLUOROQUINOLONES, FOLATE PATHWAY ANTAGONISTS, PENICILLINS, β-LACTAM COMBINATION AGENTS",7,131,5.34
Escherichia coli,2023,10,sp,"CEPHEMS, FLUOROQUINOLONES, PENICILLINS",7,131,5.34
Escherichia coli,2023,10,sp,"FLUOROQUINOLONES, FOLATE PATHWAY ANTAGONISTS, PENICILLINS",7,131,5.34
Escherichia coli,2023,11,sp,"CEPHEMS, FLUOROQUINOLONES, FOLATE PATHWAY ANTAGONISTS, PENICILLINS",20,113,17.7
Escherichia coli,2023,11,sp,"AMINOGLYCOSIDES, CEPHEMS, FLUOROQUINOLONES, FOLATE PATHWAY ANTAGONISTS, PENICILLINS, β-LACTAM COMBINATION AGENTS",8,113,7.08
Escherichia coli,2023,11,sp,"CEPHEMS, FLUOROQUINOLONES, PENICILLINS",8,113,7.08
Escherichia coli,2023,11,sp,"AMINOGLYCOSIDES, CEPHEMS, FLUOROQUINOLONES, FOLATE PATHWAY ANTAGONISTS, PENICILLINS",7,113,6.19
Escherichia coli,2023,11,sp,"FLUOROQUINOLONES, FOLATE PATHWAY ANTAGONISTS, PENICILLINS",4,113,3.54
Escherichia coli,2023,12,sp,"CEPHEMS, FLUOROQUINOLONES, FOLATE PATHWAY ANTAGONISTS, PENICILLINS",15,108,13.89
Escherichia coli,2023,12,sp,"AMINOGLYCOSIDES, CEPHEMS, FLUOROQUINOLONES, FOLATE PATHWAY ANTAGONISTS, PENICILLINS",8,108,7.41
Escherichia coli,2023,12,sp,"AMINOGLYCOSIDES, CEPHEMS, FLUOROQUINOLONES, FOLATE PATHWAY ANTAGONISTS, PENICILLINS, β-LACTAM COMBINATION AGENTS",8,108,7.41
Escherichia coli,2023,12,sp,"CEPHEMS, FLUOROQUINOLONES, PENICILLINS",5,108,4.63
Escherichia coli,2023,12,sp,"FLUOROQUINOLONES, FOLATE PATHWAY ANTAGONISTS, PENICILLINS",3,108,2.78
Escherichia coli,2024,1,sp,"CEPHEMS, FLUOROQUINOLONES, FOLATE PATHWAY ANTAGONISTS, PENICILLINS",23,160,14.37
Escherichia coli,2024,1,sp,"CEPHEMS, FLUOROQUINOLONES, PENICILLINS",18,160,11.25
Escherichia coli,2024,1,sp,"AMINOGLYCOSIDES, CEPHEMS, FLUOROQUINOLONES, FOLATE PATHWAY ANTAGONISTS, PENICILLINS",16,160,10.0
Escherichia coli,2024,1,sp,"AMINOGLYCOSIDES, CEPHEMS, FLUOROQUINOLONES, FOLATE PATHWAY ANTAGONISTS, PENICILLINS, β-LACTAM COMBINATION AGENTS",9,160,5.62
Escherichia coli,2024,1,sp,"FLUOROQUINOLONES, FOLATE PATHWAY ANTAGONISTS, PENICILLINS",5,160,3.12
Escherichia coli,2024,2,sp,"CEPHEMS, FLUOROQUINOLONES, FOLATE PATHWAY ANTAGONISTS, PENICILLINS",34,158,21.52
Escherichia coli,2024,2,sp,"CEPHEMS, FLUOROQUINOLONES, PENICILLINS",15,158,9.49
Escherichia coli,2024,2,sp,"AMINOGLYCOSIDES, CEPHEMS, FLUOROQUINOLONES, FOLATE PATHWAY ANTAGONISTS, PENICILLINS",12,158,7.59
Escherichia coli,2024,2,sp,"AMINOGLYCOSIDES, CEPHEMS, FLUOROQUINOLONES, FOLATE PATHWAY ANTAGONISTS, PENICILLINS, β-LACTAM COMBINATION AGENTS",10,158,6.33
Escherichia coli,2024,2,sp,"FLUOROQUINOLONES, FOLATE PATHWAY ANTAGONISTS, PENICILLINS",6,158,3.8
Escherichia coli,2024,3,sp,"CEPHEMS, FLUOROQUINOLONES, FOLATE PATHWAY ANTAGONISTS, PENICILLINS",19,146,13.01
Escherichia coli,2024,3,sp,"AMINOGLYCOSIDES, CEPHEMS, FLUOROQUINOLONES, FOLATE PATHWAY ANTAGONISTS, PENICILLINS",12,146,8.22
Escherichia coli,2024,3,sp,"CEPHEMS, FLUOROQUINOLONES, PENICILLINS",11,146,7.53
Escherichia coli,2024,3,sp,"FLUOROQUINOLONES, FOLATE PATHWAY ANTAGONISTS, PENICILLINS",11,146,7.53
Escherichia coli,2024,3,sp,"AMINOGLYCOSIDES, CEPHEMS, FLUOROQUINOLONES, FOLATE PATHWAY ANTAGONISTS, PENICILLINS, β-LACTAM COMBINATION AGENTS",5,146,3.42
Escherichia coli,2024,4,sp,"CEPHEMS, FLUOROQUINOLONES, FOLATE PATHWAY ANTAGONISTS, PENICILLINS",24,144,16.67
Escherichia coli,2024,4,sp,"AMINOGLYCOSIDES, CEPHEMS, FLUOROQUINOLONES, FOLATE PATHWAY ANTAGONISTS, PENICILLINS",11,144,7.64
Escherichia coli,2024,4,sp,"CEPHEMS, FLUOROQUINOLONES, PENICILLINS",11,144,7.64
Escherichia coli,2024,4,sp,"FLUOROQUINOLONES, FOLATE PATHWAY ANTAGONISTS, PENICILLINS",8,144,5.56
Escherichia coli,2024,4,sp,"AMINOGLYCOSIDES, CEPHEMS, FLUOROQUINOLONES, FOLATE PATHWAY ANTAGONISTS, PENICILLINS, β-LACTAM COMBINATION AGENTS",7,144,4.86
Escherichia coli,2024,5,sp,"CEPHEMS, FLUOROQUINOLONES, FOLATE PATHWAY ANTAGONISTS, PENICILLINS",29,161,18.01
Escherichia coli,2024,5,sp,"AMINOGLYCOSIDES, CEPHEMS, FLUOROQUINOLONES, FOLATE PATHWAY ANTAGONISTS, PENICILLINS, β-LACTAM COMBINATION AGENTS",12,161,7.45
Escherichia coli,2024,5,sp,"AMINOGLYCOSIDES, CEPHEMS, FLUOROQUINOLONES, FOLATE PATHWAY ANTAGONISTS, PENICILLINS",11,161,6.83
Escherichia coli,2024,5,sp,"CEPHEMS, FLUOROQUINOLONES, PENICILLINS",9,161,5.59
Escherichia coli,2024,5,sp,"FLUOROQUINOLONES, FOLATE PATHWAY ANTAGONISTS, PENICILLINS",6,161,3.73
Escherichia coli,2024,6,sp,"CEPHEMS, FLUOROQUINOLONES, FOLATE PATHWAY ANTAGONISTS, PENICILLINS",26,142,18.31
Escherichia coli,2024,6,sp,"AMINOGLYCOSIDES, CEPHEMS, FLUOROQUINOLONES, FOLATE PATHWAY ANTAGONISTS, PENICILLINS",13,142,9.15
Escherichia coli,2024,6,sp,"AMINOGLYCOSIDES, CEPHEMS, FLUOROQUINOLONES, FOLATE PATHWAY ANTAGONISTS, PENICILLINS, β-LACTAM COMBINATION AGENTS",13,142,9.15
Escherichia coli,2024,6,sp,"FLUOROQUINOLONES, FOLATE PATHWAY ANTAGONISTS, PENICILLINS",4,142,2.82
Escherichia coli,2024,6,sp,"CEPHEMS, FLUOROQUINOLONES, PENICILLINS",3,142,2.11
Escherichia coli,2024,7,sp,"CEPHEMS, FLUOROQUINOLONES, FOLATE PATHWAY ANTAGONISTS, PENICILLINS",19,139,13.67
Escherichia coli,2024,7,sp,"CEPHEMS, FLUOROQUINOLONES, PENICILLINS",12,139,8.63
Escherichia coli,2024,7,sp,"FLUOROQUINOLONES, FOLATE PATHWAY ANTAGONISTS, PENICILLINS",10,139,7.19
Escherichia coli,2024,7,sp,"AMINOGLYCOSIDES, CEPHEMS, FLUOROQUINOLONES, FOLATE PATHWAY ANTAGONISTS, PENICILLINS",8,139,5.76
Escherichia coli,2024,7,sp,"AMINOGLYCOSIDES, CEPHEMS, FLUOROQUINOLONES, FOLATE PATHWAY ANTAGONISTS, PENICILLINS, β-LACTAM COMBINATION AGENTS",3,139,2.16
Escherichia coli,2024,8,sp,"CEPHEMS, FLUOROQUINOLONES, FOLATE PATHWAY ANTAGONISTS, PENICILLINS",24,147,16.33
Escherichia coli,2024,8,sp,"AMINOGLYCOSIDES, CEPHEMS, FLUOROQUINOLONES, FOLATE PATHWAY ANTAGONISTS, PENICILLINS, β-LACTAM COMBINATION AGENTS",13,147,8.84
Escherichia coli,2024,8,sp,"CEPHEMS, FLUOROQUINOLONES, PENICILLINS",11,147,7.48
Escherichia coli,2024,8,sp,"FLUOROQUINOLONES, FOLATE PATHWAY ANTAGONISTS, PENICILLINS",8,147,5.44
Escherichia coli,2024,8,sp,"AMINOGLYCOSIDES, CEPHEMS, FLUOROQUINOLONES, FOLATE PATHWAY ANTAGONISTS, PENICILLINS",7,147,4.76
Escherichia coli,2024,9,sp,"CEPHEMS, FLUOROQUINOLONES, FOLATE PATHWAY ANTAGONISTS, PENICILLINS",20,129,15.5
Escherichia coli,2024,9,sp,"AMINOGLYCOSIDES, CEPHEMS, FLUOROQUINOLONES, FOLATE PATHWAY ANTAGONISTS, PENICILLINS",13,129,10.08
Escherichia coli,2024,9,sp,"CEPHEMS, FLUOROQUINOLONES, PENICILLINS",8,129,6.2
Escherichia coli,2024,9,sp,"AMINOGLYCOSIDES, CEPHEMS, FLUOROQUINOLONES, FOLATE PATHWAY ANTAGONISTS, PENICILLINS, β-LACTAM COMBINATION AGENTS",6,129,4.65
Escherichia coli,2024,9,sp,"FLUOROQUINOLONES, FOLATE PATHWAY ANTAGONISTS, PENICILLINS",6,129,4.65
Escherichia coli,2024,10,sp,"CEPHEMS, FLUOROQUINOLONES, FOLATE PATHWAY ANTAGONISTS, PENICILLINS",20,123,16.26
Escherichia coli,2024,10,sp,"CEPHEMS, FLUOROQUINOLONES, PENICILLINS",11,123,8.94
Escherichia coli,2024,10,sp,"AMINOGLYCOSIDES, CEPHEMS, FLUOROQUINOLONES, FOLATE PATHWAY ANTAGONISTS, PENICILLINS",10,123,8.13
Escherichia coli,2024,10,sp,"AMINOGLYCOSIDES, CEPHEMS, FLUOROQUINOLONES, FOLATE PATHWAY ANTAGONISTS, PENICILLINS, β-LACTAM COMBINATION AGENTS",7,123,5.69
Escherichia coli,2024,10,sp,"FLUOROQUINOLONES, FOLATE PATHWAY ANTAGONISTS, PENICILLINS",5,123,4.07
Escherichia coli,2024,11,sp,"CEPHEMS, FLUOROQUINOLONES, FOLATE PATHWAY ANTAGONISTS, PENICILLINS",25,135,18.52
Escherichia coli,2024,11,sp,"CEPHEMS, FLUOROQUINOLONES, PENICILLINS",13,135,9.63
Escherichia coli,2024,11,sp,"AMINOGLYCOSIDES, CEPHEMS, FLUOROQUINOLONES, FOLATE PATHWAY ANTAGONISTS, PENICILLINS",8,135,5.93
Escherichia coli,2024,11,sp,"FLUOROQUINOLONES, FOLATE PATHWAY ANTAGONISTS, PENICILLINS",6,135,4.44
Escherichia coli,2024,11,sp,"AMINOGLYCOSIDES, CEPHEMS, FLUOROQUINOLONES, FOLATE PATHWAY ANTAGONISTS, PENICILLINS, β-LACTAM COMBINATION AGENTS",5,135,3.7
Escherichia coli,2024,12,sp,"CEPHEMS, FLUOROQUINOLONES, FOLATE PATHWAY ANTAGONISTS, PENICILLINS",17,99,17.17
Escherichia coli,2024,12,sp,"AMINOGLYCOSIDES, CEPHEMS, FLUOROQUINOLONES, FOLATE PATHWAY ANTAGONISTS, PENICILLINS, β-LACTAM COMBINATION AGENTS",8,99,8.08
Escherichia coli,2024,12,sp,"AMINOGLYCOSIDES, CEPHEMS, FLUOROQUINOLONES, FOLATE PATHWAY ANTAGONISTS, PENICILLINS",7,99,7.07
Escherichia coli,2024,12,sp,"CEPHEMS, FLUOROQUINOLONES, PENICILLINS",3,99,3.03
Escherichia coli,2024,12,sp,"FLUOROQUINOLONES, FOLATE PATHWAY ANTAGONISTS, PENICILLINS",2,99,2.02
