year,month,resistant_drug_name,drug_count,total_records_in_month,percentage,organism_full
2016,1,,55,97,56.7,Pseudomonas aeruginosa
2016,1,imipenem,10,97,10.31,Pseudomonas aeruginosa
2016,1,ceftazidime,9,97,9.28,Pseudomonas aeruginosa
2016,1,ciprofloxacin,6,97,6.19,Pseudomonas aeruginosa
2016,1,meropenem,6,97,6.19,Pseudomonas aeruginosa
2016,1,gentamicin,5,97,5.15,Pseudomonas aeruginosa
2016,1,piperacillin/tazobactam,4,97,4.12,Pseudomonas aeruginosa
2016,1,amikacin,2,97,2.06,Pseudomonas aeruginosa
2016,2,,39,163,23.93,Pseudomonas aeruginosa
2016,2,ceftazidime,21,163,12.88,Pseudomonas aeruginosa
2016,2,imipenem,21,163,12.88,Pseudomonas aeruginosa
2016,2,meropenem,19,163,11.66,Pseudomonas aeruginosa
2016,2,ciprofloxacin,17,163,10.43,Pseudomonas aeruginosa
2016,2,gentamicin,17,163,10.43,Pseudomonas aeruginosa
2016,2,piperacillin/tazobactam,15,163,9.2,Pseudomonas aeruginosa
2016,2,amikacin,13,163,7.98,Pseudomonas aeruginosa
2016,2,colistin,1,163,0.61,Pseudomonas aeruginosa
2016,3,,32,182,17.58,Pseudomonas aeruginosa
2016,3,ceftazidime,30,182,16.48,Pseudomonas aeruginosa
2016,3,imipenem,23,182,12.64,Pseudomonas aeruginosa
2016,3,meropenem,21,182,11.54,Pseudomonas aeruginosa
2016,3,gentamicin,18,182,9.89,Pseudomonas aeruginosa
2016,3,ciprofloxacin,17,182,9.34,Pseudomonas aeruginosa
2016,3,amikacin,16,182,8.79,Pseudomonas aeruginosa
2016,3,piperacillin/tazobactam,15,182,8.24,Pseudomonas aeruginosa
2016,3,levofloxacin,8,182,4.4,Pseudomonas aeruginosa
2016,3,cefepime,2,182,1.1,Pseudomonas aeruginosa
2016,4,,28,151,18.54,Pseudomonas aeruginosa
2016,4,ceftazidime,22,151,14.57,Pseudomonas aeruginosa
2016,4,imipenem,20,151,13.25,Pseudomonas aeruginosa
2016,4,ciprofloxacin,17,151,11.26,Pseudomonas aeruginosa
2016,4,gentamicin,16,151,10.6,Pseudomonas aeruginosa
2016,4,meropenem,16,151,10.6,Pseudomonas aeruginosa
2016,4,amikacin,11,151,7.28,Pseudomonas aeruginosa
2016,4,levofloxacin,11,151,7.28,Pseudomonas aeruginosa
2016,4,piperacillin/tazobactam,10,151,6.62,Pseudomonas aeruginosa
2016,5,,23,96,23.96,Pseudomonas aeruginosa
2016,5,imipenem,15,96,15.62,Pseudomonas aeruginosa
2016,5,meropenem,14,96,14.58,Pseudomonas aeruginosa
2016,5,ceftazidime,11,96,11.46,Pseudomonas aeruginosa
2016,5,ciprofloxacin,11,96,11.46,Pseudomonas aeruginosa
2016,5,gentamicin,9,96,9.38,Pseudomonas aeruginosa
2016,5,amikacin,8,96,8.33,Pseudomonas aeruginosa
2016,5,piperacillin/tazobactam,5,96,5.21,Pseudomonas aeruginosa
2016,6,,38,81,46.91,Pseudomonas aeruginosa
2016,6,ceftazidime,8,81,9.88,Pseudomonas aeruginosa
2016,6,ciprofloxacin,7,81,8.64,Pseudomonas aeruginosa
2016,6,gentamicin,5,81,6.17,Pseudomonas aeruginosa
2016,6,imipenem,5,81,6.17,Pseudomonas aeruginosa
2016,6,meropenem,5,81,6.17,Pseudomonas aeruginosa
2016,6,piperacillin/tazobactam,5,81,6.17,Pseudomonas aeruginosa
2016,6,amikacin,4,81,4.94,Pseudomonas aeruginosa
2016,6,levofloxacin,4,81,4.94,Pseudomonas aeruginosa
2016,7,,28,122,22.95,Pseudomonas aeruginosa
2016,7,ceftazidime,14,122,11.48,Pseudomonas aeruginosa
2016,7,ciprofloxacin,14,122,11.48,Pseudomonas aeruginosa
2016,7,levofloxacin,13,122,10.66,Pseudomonas aeruginosa
2016,7,imipenem,12,122,9.84,Pseudomonas aeruginosa
2016,7,meropenem,12,122,9.84,Pseudomonas aeruginosa
2016,7,piperacillin/tazobactam,11,122,9.02,Pseudomonas aeruginosa
2016,7,gentamicin,9,122,7.38,Pseudomonas aeruginosa
2016,7,amikacin,8,122,6.56,Pseudomonas aeruginosa
2016,7,cefepime,1,122,0.82,Pseudomonas aeruginosa
2016,8,,38,192,19.79,Pseudomonas aeruginosa
2016,8,ceftazidime,26,192,13.54,Pseudomonas aeruginosa
2016,8,imipenem,23,192,11.98,Pseudomonas aeruginosa
2016,8,meropenem,22,192,11.46,Pseudomonas aeruginosa
2016,8,ciprofloxacin,18,192,9.38,Pseudomonas aeruginosa
2016,8,gentamicin,18,192,9.38,Pseudomonas aeruginosa
2016,8,piperacillin/tazobactam,17,192,8.85,Pseudomonas aeruginosa
2016,8,levofloxacin,16,192,8.33,Pseudomonas aeruginosa
2016,8,amikacin,11,192,5.73,Pseudomonas aeruginosa
2016,8,colistin,3,192,1.56,Pseudomonas aeruginosa
2016,9,,40,153,26.14,Pseudomonas aeruginosa
2016,9,ceftazidime,21,153,13.73,Pseudomonas aeruginosa
2016,9,meropenem,17,153,11.11,Pseudomonas aeruginosa
2016,9,gentamicin,16,153,10.46,Pseudomonas aeruginosa
2016,9,imipenem,16,153,10.46,Pseudomonas aeruginosa
2016,9,ciprofloxacin,14,153,9.15,Pseudomonas aeruginosa
2016,9,amikacin,11,153,7.19,Pseudomonas aeruginosa
2016,9,piperacillin/tazobactam,11,153,7.19,Pseudomonas aeruginosa
2016,9,levofloxacin,7,153,4.58,Pseudomonas aeruginosa
2016,10,,26,116,22.41,Pseudomonas aeruginosa
2016,10,imipenem,15,116,12.93,Pseudomonas aeruginosa
2016,10,ceftazidime,14,116,12.07,Pseudomonas aeruginosa
2016,10,ciprofloxacin,12,116,10.34,Pseudomonas aeruginosa
2016,10,gentamicin,12,116,10.34,Pseudomonas aeruginosa
2016,10,meropenem,12,116,10.34,Pseudomonas aeruginosa
2016,10,piperacillin/tazobactam,11,116,9.48,Pseudomonas aeruginosa
2016,10,levofloxacin,9,116,7.76,Pseudomonas aeruginosa
2016,10,amikacin,5,116,4.31,Pseudomonas aeruginosa
2016,11,,21,118,17.8,Pseudomonas aeruginosa
2016,11,ceftazidime,20,118,16.95,Pseudomonas aeruginosa
2016,11,ciprofloxacin,15,118,12.71,Pseudomonas aeruginosa
2016,11,imipenem,15,118,12.71,Pseudomonas aeruginosa
2016,11,meropenem,14,118,11.86,Pseudomonas aeruginosa
2016,11,piperacillin/tazobactam,11,118,9.32,Pseudomonas aeruginosa
2016,11,gentamicin,10,118,8.47,Pseudomonas aeruginosa
2016,11,levofloxacin,8,118,6.78,Pseudomonas aeruginosa
2016,11,amikacin,4,118,3.39,Pseudomonas aeruginosa
2016,12,amikacin,1,7,14.29,Pseudomonas aeruginosa
2016,12,cefepime,1,7,14.29,Pseudomonas aeruginosa
2016,12,ceftazidime,1,7,14.29,Pseudomonas aeruginosa
2016,12,ciprofloxacin,1,7,14.29,Pseudomonas aeruginosa
2016,12,imipenem,1,7,14.29,Pseudomonas aeruginosa
2016,12,meropenem,1,7,14.29,Pseudomonas aeruginosa
2016,12,piperacillin/tazobactam,1,7,14.29,Pseudomonas aeruginosa
2017,1,cefepime,2,14,14.29,Pseudomonas aeruginosa
2017,1,ceftazidime,2,14,14.29,Pseudomonas aeruginosa
2017,1,ciprofloxacin,2,14,14.29,Pseudomonas aeruginosa
2017,1,imipenem,2,14,14.29,Pseudomonas aeruginosa
2017,1,meropenem,2,14,14.29,Pseudomonas aeruginosa
2017,1,piperacillin/tazobactam,2,14,14.29,Pseudomonas aeruginosa
2017,1,amikacin,1,14,7.14,Pseudomonas aeruginosa
2017,1,levofloxacin,1,14,7.14,Pseudomonas aeruginosa
2017,2,amikacin,1,6,16.67,Pseudomonas aeruginosa
2017,2,ceftazidime,1,6,16.67,Pseudomonas aeruginosa
2017,2,ciprofloxacin,1,6,16.67,Pseudomonas aeruginosa
2017,2,imipenem,1,6,16.67,Pseudomonas aeruginosa
2017,2,meropenem,1,6,16.67,Pseudomonas aeruginosa
2017,2,piperacillin/tazobactam,1,6,16.67,Pseudomonas aeruginosa
2017,4,ceftazidime,2,9,22.22,Pseudomonas aeruginosa
2017,4,ciprofloxacin,2,9,22.22,Pseudomonas aeruginosa
2017,4,meropenem,2,9,22.22,Pseudomonas aeruginosa
2017,4,piperacillin/tazobactam,2,9,22.22,Pseudomonas aeruginosa
2017,4,imipenem,1,9,11.11,Pseudomonas aeruginosa
2017,5,amikacin,3,17,17.65,Pseudomonas aeruginosa
2017,5,ceftazidime,3,17,17.65,Pseudomonas aeruginosa
2017,5,ciprofloxacin,3,17,17.65,Pseudomonas aeruginosa
2017,5,meropenem,3,17,17.65,Pseudomonas aeruginosa
2017,5,piperacillin/tazobactam,3,17,17.65,Pseudomonas aeruginosa
2017,5,imipenem,2,17,11.76,Pseudomonas aeruginosa
2017,6,ceftazidime,2,10,20.0,Pseudomonas aeruginosa
2017,6,ciprofloxacin,2,10,20.0,Pseudomonas aeruginosa
2017,6,meropenem,2,10,20.0,Pseudomonas aeruginosa
2017,6,piperacillin/tazobactam,2,10,20.0,Pseudomonas aeruginosa
2017,6,amikacin,1,10,10.0,Pseudomonas aeruginosa
2017,6,imipenem,1,10,10.0,Pseudomonas aeruginosa
2017,12,ceftazidime,1,3,33.33,Pseudomonas aeruginosa
2017,12,ciprofloxacin,1,3,33.33,Pseudomonas aeruginosa
2017,12,meropenem,1,3,33.33,Pseudomonas aeruginosa
2018,1,cefepime,1,8,12.5,Pseudomonas aeruginosa
2018,1,ceftazidime,1,8,12.5,Pseudomonas aeruginosa
2018,1,ciprofloxacin,1,8,12.5,Pseudomonas aeruginosa
2018,1,imipenem,1,8,12.5,Pseudomonas aeruginosa
2018,1,levofloxacin,1,8,12.5,Pseudomonas aeruginosa
2018,1,meropenem,1,8,12.5,Pseudomonas aeruginosa
2018,1,piperacillin/tazobactam,1,8,12.5,Pseudomonas aeruginosa
2018,1,,1,8,12.5,Pseudomonas aeruginosa
2018,2,,2,8,25.0,Pseudomonas aeruginosa
2018,2,cefepime,1,8,12.5,Pseudomonas aeruginosa
2018,2,ceftazidime,1,8,12.5,Pseudomonas aeruginosa
2018,2,ciprofloxacin,1,8,12.5,Pseudomonas aeruginosa
2018,2,imipenem,1,8,12.5,Pseudomonas aeruginosa
2018,2,levofloxacin,1,8,12.5,Pseudomonas aeruginosa
2018,2,meropenem,1,8,12.5,Pseudomonas aeruginosa
2018,3,ceftazidime,3,20,15.0,Pseudomonas aeruginosa
2018,3,ciprofloxacin,3,20,15.0,Pseudomonas aeruginosa
2018,3,levofloxacin,3,20,15.0,Pseudomonas aeruginosa
2018,3,meropenem,3,20,15.0,Pseudomonas aeruginosa
2018,3,imipenem,2,20,10.0,Pseudomonas aeruginosa
2018,3,piperacillin/tazobactam,2,20,10.0,Pseudomonas aeruginosa
2018,3,amikacin,1,20,5.0,Pseudomonas aeruginosa
2018,3,cefepime,1,20,5.0,Pseudomonas aeruginosa
2018,3,gentamicin,1,20,5.0,Pseudomonas aeruginosa
2018,3,,1,20,5.0,Pseudomonas aeruginosa
2018,4,,4,9,44.44,Pseudomonas aeruginosa
2018,4,amikacin,1,9,11.11,Pseudomonas aeruginosa
2018,4,ceftazidime,1,9,11.11,Pseudomonas aeruginosa
2018,4,imipenem,1,9,11.11,Pseudomonas aeruginosa
2018,4,levofloxacin,1,9,11.11,Pseudomonas aeruginosa
2018,4,piperacillin/tazobactam,1,9,11.11,Pseudomonas aeruginosa
2018,5,ceftazidime,3,18,16.67,Pseudomonas aeruginosa
2018,5,piperacillin/tazobactam,3,18,16.67,Pseudomonas aeruginosa
2018,5,cefepime,2,18,11.11,Pseudomonas aeruginosa
2018,5,imipenem,2,18,11.11,Pseudomonas aeruginosa
2018,5,meropenem,2,18,11.11,Pseudomonas aeruginosa
2018,5,,2,18,11.11,Pseudomonas aeruginosa
2018,5,amikacin,1,18,5.56,Pseudomonas aeruginosa
2018,5,ciprofloxacin,1,18,5.56,Pseudomonas aeruginosa
2018,5,gentamicin,1,18,5.56,Pseudomonas aeruginosa
2018,5,levofloxacin,1,18,5.56,Pseudomonas aeruginosa
2018,6,ceftazidime,4,26,15.38,Pseudomonas aeruginosa
2018,6,imipenem,4,26,15.38,Pseudomonas aeruginosa
2018,6,piperacillin/tazobactam,4,26,15.38,Pseudomonas aeruginosa
2018,6,meropenem,3,26,11.54,Pseudomonas aeruginosa
2018,6,,3,26,11.54,Pseudomonas aeruginosa
2018,6,cefepime,2,26,7.69,Pseudomonas aeruginosa
2018,6,ciprofloxacin,2,26,7.69,Pseudomonas aeruginosa
2018,6,amikacin,1,26,3.85,Pseudomonas aeruginosa
2018,6,colistin,1,26,3.85,Pseudomonas aeruginosa
2018,6,gentamicin,1,26,3.85,Pseudomonas aeruginosa
2018,6,levofloxacin,1,26,3.85,Pseudomonas aeruginosa
2018,7,imipenem,4,26,15.38,Pseudomonas aeruginosa
2018,7,,4,26,15.38,Pseudomonas aeruginosa
2018,7,ceftazidime,3,26,11.54,Pseudomonas aeruginosa
2018,7,ciprofloxacin,3,26,11.54,Pseudomonas aeruginosa
2018,7,meropenem,3,26,11.54,Pseudomonas aeruginosa
2018,7,amikacin,2,26,7.69,Pseudomonas aeruginosa
2018,7,cefepime,2,26,7.69,Pseudomonas aeruginosa
2018,7,gentamicin,2,26,7.69,Pseudomonas aeruginosa
2018,7,piperacillin/tazobactam,2,26,7.69,Pseudomonas aeruginosa
2018,7,colistin,1,26,3.85,Pseudomonas aeruginosa
2018,8,meropenem,15,97,15.46,Pseudomonas aeruginosa
2018,8,ceftazidime,14,97,14.43,Pseudomonas aeruginosa
2018,8,ciprofloxacin,13,97,13.4,Pseudomonas aeruginosa
2018,8,piperacillin/tazobactam,12,97,12.37,Pseudomonas aeruginosa
2018,8,imipenem,11,97,11.34,Pseudomonas aeruginosa
2018,8,cefepime,7,97,7.22,Pseudomonas aeruginosa
2018,8,gentamicin,7,97,7.22,Pseudomonas aeruginosa
2018,8,,7,97,7.22,Pseudomonas aeruginosa
2018,8,amikacin,5,97,5.15,Pseudomonas aeruginosa
2018,8,levofloxacin,4,97,4.12,Pseudomonas aeruginosa
2018,8,colistin,2,97,2.06,Pseudomonas aeruginosa
2018,9,ciprofloxacin,7,47,14.89,Pseudomonas aeruginosa
2018,9,imipenem,7,47,14.89,Pseudomonas aeruginosa
2018,9,ceftazidime,6,47,12.77,Pseudomonas aeruginosa
2018,9,piperacillin/tazobactam,6,47,12.77,Pseudomonas aeruginosa
2018,9,cefepime,5,47,10.64,Pseudomonas aeruginosa
2018,9,gentamicin,4,47,8.51,Pseudomonas aeruginosa
2018,9,meropenem,4,47,8.51,Pseudomonas aeruginosa
2018,9,,3,47,6.38,Pseudomonas aeruginosa
2018,9,colistin,2,47,4.26,Pseudomonas aeruginosa
2018,9,levofloxacin,2,47,4.26,Pseudomonas aeruginosa
2018,9,amikacin,1,47,2.13,Pseudomonas aeruginosa
2018,10,,8,56,14.29,Pseudomonas aeruginosa
2018,10,ciprofloxacin,7,56,12.5,Pseudomonas aeruginosa
2018,10,ceftazidime,6,56,10.71,Pseudomonas aeruginosa
2018,10,imipenem,6,56,10.71,Pseudomonas aeruginosa
2018,10,meropenem,6,56,10.71,Pseudomonas aeruginosa
2018,10,piperacillin/tazobactam,6,56,10.71,Pseudomonas aeruginosa
2018,10,cefepime,5,56,8.93,Pseudomonas aeruginosa
2018,10,gentamicin,5,56,8.93,Pseudomonas aeruginosa
2018,10,amikacin,4,56,7.14,Pseudomonas aeruginosa
2018,10,levofloxacin,2,56,3.57,Pseudomonas aeruginosa
2018,10,colistin,1,56,1.79,Pseudomonas aeruginosa
2018,11,imipenem,14,70,20.0,Pseudomonas aeruginosa
2018,11,meropenem,12,70,17.14,Pseudomonas aeruginosa
2018,11,ceftazidime,9,70,12.86,Pseudomonas aeruginosa
2018,11,ciprofloxacin,9,70,12.86,Pseudomonas aeruginosa
2018,11,piperacillin/tazobactam,8,70,11.43,Pseudomonas aeruginosa
2018,11,cefepime,4,70,5.71,Pseudomonas aeruginosa
2018,11,gentamicin,4,70,5.71,Pseudomonas aeruginosa
2018,11,amikacin,3,70,4.29,Pseudomonas aeruginosa
2018,11,,3,70,4.29,Pseudomonas aeruginosa
2018,11,colistin,2,70,2.86,Pseudomonas aeruginosa
2018,11,levofloxacin,2,70,2.86,Pseudomonas aeruginosa
2018,12,meropenem,10,61,16.39,Pseudomonas aeruginosa
2018,12,imipenem,9,61,14.75,Pseudomonas aeruginosa
2018,12,,9,61,14.75,Pseudomonas aeruginosa
2018,12,ceftazidime,6,61,9.84,Pseudomonas aeruginosa
2018,12,ciprofloxacin,6,61,9.84,Pseudomonas aeruginosa
2018,12,levofloxacin,5,61,8.2,Pseudomonas aeruginosa
2018,12,piperacillin/tazobactam,5,61,8.2,Pseudomonas aeruginosa
2018,12,amikacin,4,61,6.56,Pseudomonas aeruginosa
2018,12,cefepime,3,61,4.92,Pseudomonas aeruginosa
2018,12,gentamicin,3,61,4.92,Pseudomonas aeruginosa
2018,12,colistin,1,61,1.64,Pseudomonas aeruginosa
2019,1,imipenem,47,332,14.16,Pseudomonas aeruginosa
2019,1,ceftazidime,40,332,12.05,Pseudomonas aeruginosa
2019,1,piperacillin/tazobactam,39,332,11.75,Pseudomonas aeruginosa
2019,1,meropenem,38,332,11.45,Pseudomonas aeruginosa
2019,1,ciprofloxacin,37,332,11.14,Pseudomonas aeruginosa
2019,1,cefepime,29,332,8.73,Pseudomonas aeruginosa
2019,1,levofloxacin,28,332,8.43,Pseudomonas aeruginosa
2019,1,gentamicin,27,332,8.13,Pseudomonas aeruginosa
2019,1,,24,332,7.23,Pseudomonas aeruginosa
2019,1,amikacin,21,332,6.33,Pseudomonas aeruginosa
2019,1,colistin,2,332,0.6,Pseudomonas aeruginosa
2019,2,imipenem,38,214,17.76,Pseudomonas aeruginosa
2019,2,,32,214,14.95,Pseudomonas aeruginosa
2019,2,meropenem,26,214,12.15,Pseudomonas aeruginosa
2019,2,ciprofloxacin,22,214,10.28,Pseudomonas aeruginosa
2019,2,piperacillin/tazobactam,22,214,10.28,Pseudomonas aeruginosa
2019,2,ceftazidime,21,214,9.81,Pseudomonas aeruginosa
2019,2,levofloxacin,19,214,8.88,Pseudomonas aeruginosa
2019,2,cefepime,14,214,6.54,Pseudomonas aeruginosa
2019,2,gentamicin,13,214,6.07,Pseudomonas aeruginosa
2019,2,amikacin,5,214,2.34,Pseudomonas aeruginosa
2019,2,colistin,2,214,0.93,Pseudomonas aeruginosa
2019,3,,47,259,18.15,Pseudomonas aeruginosa
2019,3,imipenem,38,259,14.67,Pseudomonas aeruginosa
2019,3,meropenem,28,259,10.81,Pseudomonas aeruginosa
2019,3,ciprofloxacin,26,259,10.04,Pseudomonas aeruginosa
2019,3,levofloxacin,25,259,9.65,Pseudomonas aeruginosa
2019,3,piperacillin/tazobactam,25,259,9.65,Pseudomonas aeruginosa
2019,3,ceftazidime,24,259,9.27,Pseudomonas aeruginosa
2019,3,cefepime,22,259,8.49,Pseudomonas aeruginosa
2019,3,gentamicin,18,259,6.95,Pseudomonas aeruginosa
2019,3,amikacin,6,259,2.32,Pseudomonas aeruginosa
2019,4,imipenem,51,322,15.84,Pseudomonas aeruginosa
2019,4,meropenem,42,322,13.04,Pseudomonas aeruginosa
2019,4,ceftazidime,39,322,12.11,Pseudomonas aeruginosa
2019,4,ciprofloxacin,37,322,11.49,Pseudomonas aeruginosa
2019,4,piperacillin/tazobactam,36,322,11.18,Pseudomonas aeruginosa
2019,4,cefepime,31,322,9.63,Pseudomonas aeruginosa
2019,4,gentamicin,26,322,8.07,Pseudomonas aeruginosa
2019,4,levofloxacin,26,322,8.07,Pseudomonas aeruginosa
2019,4,,20,322,6.21,Pseudomonas aeruginosa
2019,4,amikacin,11,322,3.42,Pseudomonas aeruginosa
2019,4,colistin,3,322,0.93,Pseudomonas aeruginosa
2019,5,imipenem,65,349,18.62,Pseudomonas aeruginosa
2019,5,ceftazidime,45,349,12.89,Pseudomonas aeruginosa
2019,5,meropenem,43,349,12.32,Pseudomonas aeruginosa
2019,5,piperacillin/tazobactam,38,349,10.89,Pseudomonas aeruginosa
2019,5,ciprofloxacin,37,349,10.6,Pseudomonas aeruginosa
2019,5,gentamicin,35,349,10.03,Pseudomonas aeruginosa
2019,5,,27,349,7.74,Pseudomonas aeruginosa
2019,5,levofloxacin,26,349,7.45,Pseudomonas aeruginosa
2019,5,cefepime,19,349,5.44,Pseudomonas aeruginosa
2019,5,amikacin,11,349,3.15,Pseudomonas aeruginosa
2019,5,colistin,3,349,0.86,Pseudomonas aeruginosa
2019,6,imipenem,65,417,15.59,Pseudomonas aeruginosa
2019,6,meropenem,53,417,12.71,Pseudomonas aeruginosa
2019,6,piperacillin/tazobactam,52,417,12.47,Pseudomonas aeruginosa
2019,6,ceftazidime,49,417,11.75,Pseudomonas aeruginosa
2019,6,ciprofloxacin,45,417,10.79,Pseudomonas aeruginosa
2019,6,gentamicin,44,417,10.55,Pseudomonas aeruginosa
2019,6,levofloxacin,38,417,9.11,Pseudomonas aeruginosa
2019,6,,29,417,6.95,Pseudomonas aeruginosa
2019,6,cefepime,20,417,4.8,Pseudomonas aeruginosa
2019,6,amikacin,18,417,4.32,Pseudomonas aeruginosa
2019,6,colistin,4,417,0.96,Pseudomonas aeruginosa
2019,7,imipenem,76,507,14.99,Pseudomonas aeruginosa
2019,7,ceftazidime,69,507,13.61,Pseudomonas aeruginosa
2019,7,ciprofloxacin,68,507,13.41,Pseudomonas aeruginosa
2019,7,piperacillin/tazobactam,66,507,13.02,Pseudomonas aeruginosa
2019,7,meropenem,59,507,11.64,Pseudomonas aeruginosa
2019,7,levofloxacin,53,507,10.45,Pseudomonas aeruginosa
2019,7,gentamicin,49,507,9.66,Pseudomonas aeruginosa
2019,7,,28,507,5.52,Pseudomonas aeruginosa
2019,7,amikacin,19,507,3.75,Pseudomonas aeruginosa
2019,7,cefepime,19,507,3.75,Pseudomonas aeruginosa
2019,7,colistin,1,507,0.2,Pseudomonas aeruginosa
2019,8,imipenem,88,496,17.74,Pseudomonas aeruginosa
2019,8,ceftazidime,68,496,13.71,Pseudomonas aeruginosa
2019,8,piperacillin/tazobactam,62,496,12.5,Pseudomonas aeruginosa
2019,8,ciprofloxacin,58,496,11.69,Pseudomonas aeruginosa
2019,8,meropenem,57,496,11.49,Pseudomonas aeruginosa
2019,8,gentamicin,46,496,9.27,Pseudomonas aeruginosa
2019,8,levofloxacin,43,496,8.67,Pseudomonas aeruginosa
2019,8,cefepime,23,496,4.64,Pseudomonas aeruginosa
2019,8,amikacin,22,496,4.44,Pseudomonas aeruginosa
2019,8,,21,496,4.23,Pseudomonas aeruginosa
2019,8,colistin,8,496,1.61,Pseudomonas aeruginosa
2019,9,imipenem,68,405,16.79,Pseudomonas aeruginosa
2019,9,ceftazidime,52,405,12.84,Pseudomonas aeruginosa
2019,9,ciprofloxacin,52,405,12.84,Pseudomonas aeruginosa
2019,9,piperacillin/tazobactam,52,405,12.84,Pseudomonas aeruginosa
2019,9,meropenem,49,405,12.1,Pseudomonas aeruginosa
2019,9,gentamicin,34,405,8.4,Pseudomonas aeruginosa
2019,9,levofloxacin,33,405,8.15,Pseudomonas aeruginosa
2019,9,,28,405,6.91,Pseudomonas aeruginosa
2019,9,cefepime,16,405,3.95,Pseudomonas aeruginosa
2019,9,amikacin,14,405,3.46,Pseudomonas aeruginosa
2019,9,colistin,7,405,1.73,Pseudomonas aeruginosa
2019,10,imipenem,53,314,16.88,Pseudomonas aeruginosa
2019,10,ciprofloxacin,40,314,12.74,Pseudomonas aeruginosa
2019,10,ceftazidime,38,314,12.1,Pseudomonas aeruginosa
2019,10,meropenem,38,314,12.1,Pseudomonas aeruginosa
2019,10,piperacillin/tazobactam,35,314,11.15,Pseudomonas aeruginosa
2019,10,,28,314,8.92,Pseudomonas aeruginosa
2019,10,gentamicin,26,314,8.28,Pseudomonas aeruginosa
2019,10,levofloxacin,24,314,7.64,Pseudomonas aeruginosa
2019,10,cefepime,18,314,5.73,Pseudomonas aeruginosa
2019,10,amikacin,14,314,4.46,Pseudomonas aeruginosa
2019,11,imipenem,50,255,19.61,Pseudomonas aeruginosa
2019,11,,38,255,14.9,Pseudomonas aeruginosa
2019,11,ceftazidime,33,255,12.94,Pseudomonas aeruginosa
2019,11,piperacillin/tazobactam,32,255,12.55,Pseudomonas aeruginosa
2019,11,meropenem,25,255,9.8,Pseudomonas aeruginosa
2019,11,ciprofloxacin,23,255,9.02,Pseudomonas aeruginosa
2019,11,gentamicin,17,255,6.67,Pseudomonas aeruginosa
2019,11,levofloxacin,14,255,5.49,Pseudomonas aeruginosa
2019,11,cefepime,12,255,4.71,Pseudomonas aeruginosa
2019,11,amikacin,8,255,3.14,Pseudomonas aeruginosa
2019,11,colistin,3,255,1.18,Pseudomonas aeruginosa
2019,12,,52,327,15.9,Pseudomonas aeruginosa
2019,12,imipenem,50,327,15.29,Pseudomonas aeruginosa
2019,12,piperacillin/tazobactam,35,327,10.7,Pseudomonas aeruginosa
2019,12,ceftazidime,34,327,10.4,Pseudomonas aeruginosa
2019,12,meropenem,33,327,10.09,Pseudomonas aeruginosa
2019,12,ciprofloxacin,32,327,9.79,Pseudomonas aeruginosa
2019,12,cefepime,26,327,7.95,Pseudomonas aeruginosa
2019,12,gentamicin,25,327,7.65,Pseudomonas aeruginosa
2019,12,levofloxacin,21,327,6.42,Pseudomonas aeruginosa
2019,12,amikacin,18,327,5.5,Pseudomonas aeruginosa
2019,12,colistin,1,327,0.31,Pseudomonas aeruginosa
2020,1,,593,2841,20.87,Pseudomonas aeruginosa
2020,1,imipenem,397,2841,13.97,Pseudomonas aeruginosa
2020,1,ciprofloxacin,288,2841,10.14,Pseudomonas aeruginosa
2020,1,meropenem,285,2841,10.03,Pseudomonas aeruginosa
2020,1,levofloxacin,264,2841,9.29,Pseudomonas aeruginosa
2020,1,piperacillin/tazobactam,261,2841,9.19,Pseudomonas aeruginosa
2020,1,ceftazidime,251,2841,8.83,Pseudomonas aeruginosa
2020,1,gentamicin,192,2841,6.76,Pseudomonas aeruginosa
2020,1,cefepime,152,2841,5.35,Pseudomonas aeruginosa
2020,1,amikacin,117,2841,4.12,Pseudomonas aeruginosa
2020,1,colistin,41,2841,1.44,Pseudomonas aeruginosa
2020,2,,574,2292,25.04,Pseudomonas aeruginosa
2020,2,ciprofloxacin,266,2292,11.61,Pseudomonas aeruginosa
2020,2,imipenem,241,2292,10.51,Pseudomonas aeruginosa
2020,2,levofloxacin,223,2292,9.73,Pseudomonas aeruginosa
2020,2,ceftazidime,194,2292,8.46,Pseudomonas aeruginosa
2020,2,meropenem,194,2292,8.46,Pseudomonas aeruginosa
2020,2,piperacillin/tazobactam,188,2292,8.2,Pseudomonas aeruginosa
2020,2,cefepime,142,2292,6.2,Pseudomonas aeruginosa
2020,2,gentamicin,138,2292,6.02,Pseudomonas aeruginosa
2020,2,amikacin,71,2292,3.1,Pseudomonas aeruginosa
2020,2,colistin,61,2292,2.66,Pseudomonas aeruginosa
2020,3,,502,1781,28.19,Pseudomonas aeruginosa
2020,3,imipenem,207,1781,11.62,Pseudomonas aeruginosa
2020,3,ciprofloxacin,187,1781,10.5,Pseudomonas aeruginosa
2020,3,levofloxacin,150,1781,8.42,Pseudomonas aeruginosa
2020,3,meropenem,144,1781,8.09,Pseudomonas aeruginosa
2020,3,ceftazidime,142,1781,7.97,Pseudomonas aeruginosa
2020,3,piperacillin/tazobactam,142,1781,7.97,Pseudomonas aeruginosa
2020,3,cefepime,110,1781,6.18,Pseudomonas aeruginosa
2020,3,gentamicin,96,1781,5.39,Pseudomonas aeruginosa
2020,3,amikacin,57,1781,3.2,Pseudomonas aeruginosa
2020,3,colistin,44,1781,2.47,Pseudomonas aeruginosa
2020,4,,396,1325,29.89,Pseudomonas aeruginosa
2020,4,imipenem,153,1325,11.55,Pseudomonas aeruginosa
2020,4,ciprofloxacin,139,1325,10.49,Pseudomonas aeruginosa
2020,4,levofloxacin,112,1325,8.45,Pseudomonas aeruginosa
2020,4,meropenem,106,1325,8.0,Pseudomonas aeruginosa
2020,4,piperacillin/tazobactam,104,1325,7.85,Pseudomonas aeruginosa
2020,4,ceftazidime,100,1325,7.55,Pseudomonas aeruginosa
2020,4,cefepime,74,1325,5.58,Pseudomonas aeruginosa
2020,4,gentamicin,72,1325,5.43,Pseudomonas aeruginosa
2020,4,colistin,35,1325,2.64,Pseudomonas aeruginosa
2020,4,amikacin,34,1325,2.57,Pseudomonas aeruginosa
2020,5,,476,1654,28.78,Pseudomonas aeruginosa
2020,5,imipenem,192,1654,11.61,Pseudomonas aeruginosa
2020,5,ciprofloxacin,182,1654,11.0,Pseudomonas aeruginosa
2020,5,levofloxacin,142,1654,8.59,Pseudomonas aeruginosa
2020,5,piperacillin/tazobactam,134,1654,8.1,Pseudomonas aeruginosa
2020,5,meropenem,131,1654,7.92,Pseudomonas aeruginosa
2020,5,ceftazidime,129,1654,7.8,Pseudomonas aeruginosa
2020,5,cefepime,100,1654,6.05,Pseudomonas aeruginosa
2020,5,gentamicin,83,1654,5.02,Pseudomonas aeruginosa
2020,5,amikacin,47,1654,2.84,Pseudomonas aeruginosa
2020,5,colistin,38,1654,2.3,Pseudomonas aeruginosa
2020,6,,520,1741,29.87,Pseudomonas aeruginosa
2020,6,imipenem,187,1741,10.74,Pseudomonas aeruginosa
2020,6,ciprofloxacin,174,1741,9.99,Pseudomonas aeruginosa
2020,6,meropenem,148,1741,8.5,Pseudomonas aeruginosa
2020,6,ceftazidime,143,1741,8.21,Pseudomonas aeruginosa
2020,6,piperacillin/tazobactam,139,1741,7.98,Pseudomonas aeruginosa
2020,6,levofloxacin,138,1741,7.93,Pseudomonas aeruginosa
2020,6,cefepime,102,1741,5.86,Pseudomonas aeruginosa
2020,6,gentamicin,94,1741,5.4,Pseudomonas aeruginosa
2020,6,amikacin,60,1741,3.45,Pseudomonas aeruginosa
2020,6,colistin,36,1741,2.07,Pseudomonas aeruginosa
2020,7,,552,2040,27.06,Pseudomonas aeruginosa
2020,7,ciprofloxacin,235,2040,11.52,Pseudomonas aeruginosa
2020,7,imipenem,212,2040,10.39,Pseudomonas aeruginosa
2020,7,levofloxacin,194,2040,9.51,Pseudomonas aeruginosa
2020,7,piperacillin/tazobactam,168,2040,8.24,Pseudomonas aeruginosa
2020,7,meropenem,165,2040,8.09,Pseudomonas aeruginosa
2020,7,ceftazidime,157,2040,7.7,Pseudomonas aeruginosa
2020,7,gentamicin,117,2040,5.74,Pseudomonas aeruginosa
2020,7,cefepime,106,2040,5.2,Pseudomonas aeruginosa
2020,7,amikacin,75,2040,3.68,Pseudomonas aeruginosa
2020,7,colistin,59,2040,2.89,Pseudomonas aeruginosa
2020,8,,615,2035,30.22,Pseudomonas aeruginosa
2020,8,ciprofloxacin,216,2035,10.61,Pseudomonas aeruginosa
2020,8,imipenem,204,2035,10.02,Pseudomonas aeruginosa
2020,8,levofloxacin,194,2035,9.53,Pseudomonas aeruginosa
2020,8,piperacillin/tazobactam,160,2035,7.86,Pseudomonas aeruginosa
2020,8,ceftazidime,156,2035,7.67,Pseudomonas aeruginosa
2020,8,meropenem,155,2035,7.62,Pseudomonas aeruginosa
2020,8,gentamicin,115,2035,5.65,Pseudomonas aeruginosa
2020,8,cefepime,110,2035,5.41,Pseudomonas aeruginosa
2020,8,amikacin,68,2035,3.34,Pseudomonas aeruginosa
2020,8,colistin,42,2035,2.06,Pseudomonas aeruginosa
2020,9,,548,2056,26.65,Pseudomonas aeruginosa
2020,9,ciprofloxacin,226,2056,10.99,Pseudomonas aeruginosa
2020,9,imipenem,225,2056,10.94,Pseudomonas aeruginosa
2020,9,ceftazidime,178,2056,8.66,Pseudomonas aeruginosa
2020,9,meropenem,176,2056,8.56,Pseudomonas aeruginosa
2020,9,levofloxacin,174,2056,8.46,Pseudomonas aeruginosa
2020,9,piperacillin/tazobactam,168,2056,8.17,Pseudomonas aeruginosa
2020,9,gentamicin,119,2056,5.79,Pseudomonas aeruginosa
2020,9,cefepime,109,2056,5.3,Pseudomonas aeruginosa
2020,9,amikacin,79,2056,3.84,Pseudomonas aeruginosa
2020,9,colistin,54,2056,2.63,Pseudomonas aeruginosa
2020,10,,694,2558,27.13,Pseudomonas aeruginosa
2020,10,ciprofloxacin,296,2558,11.57,Pseudomonas aeruginosa
2020,10,imipenem,247,2558,9.66,Pseudomonas aeruginosa
2020,10,levofloxacin,225,2558,8.8,Pseudomonas aeruginosa
2020,10,ceftazidime,215,2558,8.41,Pseudomonas aeruginosa
2020,10,piperacillin/tazobactam,211,2558,8.25,Pseudomonas aeruginosa
2020,10,meropenem,204,2558,7.97,Pseudomonas aeruginosa
2020,10,gentamicin,160,2558,6.25,Pseudomonas aeruginosa
2020,10,cefepime,138,2558,5.39,Pseudomonas aeruginosa
2020,10,amikacin,100,2558,3.91,Pseudomonas aeruginosa
2020,10,colistin,68,2558,2.66,Pseudomonas aeruginosa
2020,11,,600,2123,28.26,Pseudomonas aeruginosa
2020,11,ciprofloxacin,234,2123,11.02,Pseudomonas aeruginosa
2020,11,imipenem,197,2123,9.28,Pseudomonas aeruginosa
2020,11,levofloxacin,195,2123,9.19,Pseudomonas aeruginosa
2020,11,ceftazidime,189,2123,8.9,Pseudomonas aeruginosa
2020,11,piperacillin/tazobactam,187,2123,8.81,Pseudomonas aeruginosa
2020,11,meropenem,172,2123,8.1,Pseudomonas aeruginosa
2020,11,gentamicin,116,2123,5.46,Pseudomonas aeruginosa
2020,11,cefepime,113,2123,5.32,Pseudomonas aeruginosa
2020,11,amikacin,73,2123,3.44,Pseudomonas aeruginosa
2020,11,colistin,47,2123,2.21,Pseudomonas aeruginosa
2020,12,,603,1998,30.18,Pseudomonas aeruginosa
2020,12,ciprofloxacin,218,1998,10.91,Pseudomonas aeruginosa
2020,12,imipenem,212,1998,10.61,Pseudomonas aeruginosa
2020,12,levofloxacin,174,1998,8.71,Pseudomonas aeruginosa
2020,12,ceftazidime,163,1998,8.16,Pseudomonas aeruginosa
2020,12,piperacillin/tazobactam,159,1998,7.96,Pseudomonas aeruginosa
2020,12,meropenem,153,1998,7.66,Pseudomonas aeruginosa
2020,12,gentamicin,105,1998,5.26,Pseudomonas aeruginosa
2020,12,cefepime,95,1998,4.75,Pseudomonas aeruginosa
2020,12,amikacin,59,1998,2.95,Pseudomonas aeruginosa
2020,12,colistin,57,1998,2.85,Pseudomonas aeruginosa
2021,1,,768,3102,24.76,Pseudomonas aeruginosa
2021,1,imipenem,391,3102,12.6,Pseudomonas aeruginosa
2021,1,piperacillin/tazobactam,310,3102,9.99,Pseudomonas aeruginosa
2021,1,ciprofloxacin,299,3102,9.64,Pseudomonas aeruginosa
2021,1,meropenem,298,3102,9.61,Pseudomonas aeruginosa
2021,1,ceftazidime,292,3102,9.41,Pseudomonas aeruginosa
2021,1,levofloxacin,263,3102,8.48,Pseudomonas aeruginosa
2021,1,gentamicin,175,3102,5.64,Pseudomonas aeruginosa
2021,1,cefepime,171,3102,5.51,Pseudomonas aeruginosa
2021,1,amikacin,116,3102,3.74,Pseudomonas aeruginosa
2021,1,colistin,19,3102,0.61,Pseudomonas aeruginosa
2021,2,,722,2924,24.69,Pseudomonas aeruginosa
2021,2,imipenem,337,2924,11.53,Pseudomonas aeruginosa
2021,2,piperacillin/tazobactam,294,2924,10.05,Pseudomonas aeruginosa
2021,2,meropenem,286,2924,9.78,Pseudomonas aeruginosa
2021,2,ciprofloxacin,284,2924,9.71,Pseudomonas aeruginosa
2021,2,ceftazidime,280,2924,9.58,Pseudomonas aeruginosa
2021,2,levofloxacin,253,2924,8.65,Pseudomonas aeruginosa
2021,2,gentamicin,177,2924,6.05,Pseudomonas aeruginosa
2021,2,cefepime,166,2924,5.68,Pseudomonas aeruginosa
2021,2,amikacin,111,2924,3.8,Pseudomonas aeruginosa
2021,2,colistin,14,2924,0.48,Pseudomonas aeruginosa
2021,3,,826,2853,28.95,Pseudomonas aeruginosa
2021,3,imipenem,329,2853,11.53,Pseudomonas aeruginosa
2021,3,ciprofloxacin,270,2853,9.46,Pseudomonas aeruginosa
2021,3,meropenem,262,2853,9.18,Pseudomonas aeruginosa
2021,3,levofloxacin,253,2853,8.87,Pseudomonas aeruginosa
2021,3,piperacillin/tazobactam,246,2853,8.62,Pseudomonas aeruginosa
2021,3,ceftazidime,245,2853,8.59,Pseudomonas aeruginosa
2021,3,gentamicin,161,2853,5.64,Pseudomonas aeruginosa
2021,3,cefepime,155,2853,5.43,Pseudomonas aeruginosa
2021,3,amikacin,95,2853,3.33,Pseudomonas aeruginosa
2021,3,colistin,11,2853,0.39,Pseudomonas aeruginosa
2021,4,,700,2721,25.73,Pseudomonas aeruginosa
2021,4,imipenem,315,2721,11.58,Pseudomonas aeruginosa
2021,4,ciprofloxacin,269,2721,9.89,Pseudomonas aeruginosa
2021,4,piperacillin/tazobactam,262,2721,9.63,Pseudomonas aeruginosa
2021,4,ceftazidime,246,2721,9.04,Pseudomonas aeruginosa
2021,4,meropenem,245,2721,9.0,Pseudomonas aeruginosa
2021,4,levofloxacin,232,2721,8.53,Pseudomonas aeruginosa
2021,4,gentamicin,166,2721,6.1,Pseudomonas aeruginosa
2021,4,cefepime,162,2721,5.95,Pseudomonas aeruginosa
2021,4,amikacin,101,2721,3.71,Pseudomonas aeruginosa
2021,4,colistin,23,2721,0.85,Pseudomonas aeruginosa
2021,5,,671,2818,23.81,Pseudomonas aeruginosa
2021,5,imipenem,344,2818,12.21,Pseudomonas aeruginosa
2021,5,piperacillin/tazobactam,279,2818,9.9,Pseudomonas aeruginosa
2021,5,meropenem,272,2818,9.65,Pseudomonas aeruginosa
2021,5,ciprofloxacin,269,2818,9.55,Pseudomonas aeruginosa
2021,5,ceftazidime,266,2818,9.44,Pseudomonas aeruginosa
2021,5,levofloxacin,219,2818,7.77,Pseudomonas aeruginosa
2021,5,gentamicin,184,2818,6.53,Pseudomonas aeruginosa
2021,5,cefepime,183,2818,6.49,Pseudomonas aeruginosa
2021,5,amikacin,107,2818,3.8,Pseudomonas aeruginosa
2021,5,colistin,24,2818,0.85,Pseudomonas aeruginosa
2021,6,,838,2980,28.12,Pseudomonas aeruginosa
2021,6,imipenem,321,2980,10.77,Pseudomonas aeruginosa
2021,6,ciprofloxacin,287,2980,9.63,Pseudomonas aeruginosa
2021,6,piperacillin/tazobactam,286,2980,9.6,Pseudomonas aeruginosa
2021,6,ceftazidime,278,2980,9.33,Pseudomonas aeruginosa
2021,6,meropenem,256,2980,8.59,Pseudomonas aeruginosa
2021,6,levofloxacin,245,2980,8.22,Pseudomonas aeruginosa
2021,6,cefepime,178,2980,5.97,Pseudomonas aeruginosa
2021,6,gentamicin,164,2980,5.5,Pseudomonas aeruginosa
2021,6,amikacin,106,2980,3.56,Pseudomonas aeruginosa
2021,6,colistin,21,2980,0.7,Pseudomonas aeruginosa
2021,7,,744,2712,27.43,Pseudomonas aeruginosa
2021,7,imipenem,305,2712,11.25,Pseudomonas aeruginosa
2021,7,piperacillin/tazobactam,253,2712,9.33,Pseudomonas aeruginosa
2021,7,ciprofloxacin,245,2712,9.03,Pseudomonas aeruginosa
2021,7,ceftazidime,244,2712,9.0,Pseudomonas aeruginosa
2021,7,meropenem,244,2712,9.0,Pseudomonas aeruginosa
2021,7,levofloxacin,221,2712,8.15,Pseudomonas aeruginosa
2021,7,gentamicin,170,2712,6.27,Pseudomonas aeruginosa
2021,7,cefepime,165,2712,6.08,Pseudomonas aeruginosa
2021,7,amikacin,94,2712,3.47,Pseudomonas aeruginosa
2021,7,colistin,27,2712,1.0,Pseudomonas aeruginosa
2021,8,,778,2832,27.47,Pseudomonas aeruginosa
2021,8,imipenem,366,2832,12.92,Pseudomonas aeruginosa
2021,8,piperacillin/tazobactam,272,2832,9.6,Pseudomonas aeruginosa
2021,8,ciprofloxacin,265,2832,9.36,Pseudomonas aeruginosa
2021,8,meropenem,254,2832,8.97,Pseudomonas aeruginosa
2021,8,ceftazidime,236,2832,8.33,Pseudomonas aeruginosa
2021,8,levofloxacin,212,2832,7.49,Pseudomonas aeruginosa
2021,8,cefepime,160,2832,5.65,Pseudomonas aeruginosa
2021,8,gentamicin,157,2832,5.54,Pseudomonas aeruginosa
2021,8,amikacin,97,2832,3.43,Pseudomonas aeruginosa
2021,8,colistin,35,2832,1.24,Pseudomonas aeruginosa
2021,9,,818,2819,29.02,Pseudomonas aeruginosa
2021,9,imipenem,357,2819,12.66,Pseudomonas aeruginosa
2021,9,ciprofloxacin,259,2819,9.19,Pseudomonas aeruginosa
2021,9,piperacillin/tazobactam,255,2819,9.05,Pseudomonas aeruginosa
2021,9,meropenem,252,2819,8.94,Pseudomonas aeruginosa
2021,9,ceftazidime,227,2819,8.05,Pseudomonas aeruginosa
2021,9,levofloxacin,219,2819,7.77,Pseudomonas aeruginosa
2021,9,cefepime,164,2819,5.82,Pseudomonas aeruginosa
2021,9,gentamicin,148,2819,5.25,Pseudomonas aeruginosa
2021,9,amikacin,93,2819,3.3,Pseudomonas aeruginosa
2021,9,colistin,27,2819,0.96,Pseudomonas aeruginosa
2021,10,,801,2884,27.77,Pseudomonas aeruginosa
2021,10,imipenem,311,2884,10.78,Pseudomonas aeruginosa
2021,10,ciprofloxacin,302,2884,10.47,Pseudomonas aeruginosa
2021,10,piperacillin/tazobactam,260,2884,9.02,Pseudomonas aeruginosa
2021,10,meropenem,257,2884,8.91,Pseudomonas aeruginosa
2021,10,levofloxacin,248,2884,8.6,Pseudomonas aeruginosa
2021,10,ceftazidime,245,2884,8.5,Pseudomonas aeruginosa
2021,10,cefepime,164,2884,5.69,Pseudomonas aeruginosa
2021,10,gentamicin,157,2884,5.44,Pseudomonas aeruginosa
2021,10,amikacin,100,2884,3.47,Pseudomonas aeruginosa
2021,10,colistin,39,2884,1.35,Pseudomonas aeruginosa
2021,11,,802,3067,26.15,Pseudomonas aeruginosa
2021,11,imipenem,340,3067,11.09,Pseudomonas aeruginosa
2021,11,ciprofloxacin,316,3067,10.3,Pseudomonas aeruginosa
2021,11,meropenem,283,3067,9.23,Pseudomonas aeruginosa
2021,11,piperacillin/tazobactam,277,3067,9.03,Pseudomonas aeruginosa
2021,11,ceftazidime,274,3067,8.93,Pseudomonas aeruginosa
2021,11,levofloxacin,247,3067,8.05,Pseudomonas aeruginosa
2021,11,cefepime,181,3067,5.9,Pseudomonas aeruginosa
2021,11,gentamicin,176,3067,5.74,Pseudomonas aeruginosa
2021,11,amikacin,127,3067,4.14,Pseudomonas aeruginosa
2021,11,colistin,44,3067,1.43,Pseudomonas aeruginosa
2021,12,,820,2891,28.36,Pseudomonas aeruginosa
2021,12,imipenem,303,2891,10.48,Pseudomonas aeruginosa
2021,12,ciprofloxacin,277,2891,9.58,Pseudomonas aeruginosa
2021,12,meropenem,274,2891,9.48,Pseudomonas aeruginosa
2021,12,piperacillin/tazobactam,251,2891,8.68,Pseudomonas aeruginosa
2021,12,levofloxacin,249,2891,8.61,Pseudomonas aeruginosa
2021,12,ceftazidime,237,2891,8.2,Pseudomonas aeruginosa
2021,12,cefepime,176,2891,6.09,Pseudomonas aeruginosa
2021,12,gentamicin,174,2891,6.02,Pseudomonas aeruginosa
2021,12,amikacin,103,2891,3.56,Pseudomonas aeruginosa
2021,12,colistin,27,2891,0.93,Pseudomonas aeruginosa
2022,1,,186,1019,18.25,Pseudomonas aeruginosa
2022,1,imipenem,125,1019,12.27,Pseudomonas aeruginosa
2022,1,meropenem,112,1019,10.99,Pseudomonas aeruginosa
2022,1,ciprofloxacin,106,1019,10.4,Pseudomonas aeruginosa
2022,1,ceftazidime,105,1019,10.3,Pseudomonas aeruginosa
2022,1,levofloxacin,93,1019,9.13,Pseudomonas aeruginosa
2022,1,piperacillin/tazobactam,92,1019,9.03,Pseudomonas aeruginosa
2022,1,cefepime,74,1019,7.26,Pseudomonas aeruginosa
2022,1,gentamicin,73,1019,7.16,Pseudomonas aeruginosa
2022,1,amikacin,42,1019,4.12,Pseudomonas aeruginosa
2022,1,colistin,11,1019,1.08,Pseudomonas aeruginosa
2022,2,,145,753,19.26,Pseudomonas aeruginosa
2022,2,imipenem,86,753,11.42,Pseudomonas aeruginosa
2022,2,ciprofloxacin,81,753,10.76,Pseudomonas aeruginosa
2022,2,meropenem,81,753,10.76,Pseudomonas aeruginosa
2022,2,ceftazidime,77,753,10.23,Pseudomonas aeruginosa
2022,2,levofloxacin,67,753,8.9,Pseudomonas aeruginosa
2022,2,piperacillin/tazobactam,67,753,8.9,Pseudomonas aeruginosa
2022,2,cefepime,58,753,7.7,Pseudomonas aeruginosa
2022,2,gentamicin,56,753,7.44,Pseudomonas aeruginosa
2022,2,amikacin,31,753,4.12,Pseudomonas aeruginosa
2022,2,colistin,4,753,0.53,Pseudomonas aeruginosa
2022,3,,181,873,20.73,Pseudomonas aeruginosa
2022,3,imipenem,102,873,11.68,Pseudomonas aeruginosa
2022,3,meropenem,98,873,11.23,Pseudomonas aeruginosa
2022,3,ciprofloxacin,87,873,9.97,Pseudomonas aeruginosa
2022,3,ceftazidime,86,873,9.85,Pseudomonas aeruginosa
2022,3,piperacillin/tazobactam,79,873,9.05,Pseudomonas aeruginosa
2022,3,levofloxacin,70,873,8.02,Pseudomonas aeruginosa
2022,3,gentamicin,64,873,7.33,Pseudomonas aeruginosa
2022,3,cefepime,58,873,6.64,Pseudomonas aeruginosa
2022,3,amikacin,39,873,4.47,Pseudomonas aeruginosa
2022,3,colistin,9,873,1.03,Pseudomonas aeruginosa
2022,4,,167,906,18.43,Pseudomonas aeruginosa
2022,4,imipenem,105,906,11.59,Pseudomonas aeruginosa
2022,4,ciprofloxacin,97,906,10.71,Pseudomonas aeruginosa
2022,4,meropenem,97,906,10.71,Pseudomonas aeruginosa
2022,4,ceftazidime,92,906,10.15,Pseudomonas aeruginosa
2022,4,levofloxacin,84,906,9.27,Pseudomonas aeruginosa
2022,4,piperacillin/tazobactam,76,906,8.39,Pseudomonas aeruginosa
2022,4,cefepime,71,906,7.84,Pseudomonas aeruginosa
2022,4,gentamicin,68,906,7.51,Pseudomonas aeruginosa
2022,4,amikacin,35,906,3.86,Pseudomonas aeruginosa
2022,4,colistin,14,906,1.55,Pseudomonas aeruginosa
2022,5,,184,1014,18.15,Pseudomonas aeruginosa
2022,5,ciprofloxacin,116,1014,11.44,Pseudomonas aeruginosa
2022,5,imipenem,111,1014,10.95,Pseudomonas aeruginosa
2022,5,meropenem,108,1014,10.65,Pseudomonas aeruginosa
2022,5,ceftazidime,102,1014,10.06,Pseudomonas aeruginosa
2022,5,levofloxacin,94,1014,9.27,Pseudomonas aeruginosa
2022,5,piperacillin/tazobactam,87,1014,8.58,Pseudomonas aeruginosa
2022,5,cefepime,83,1014,8.19,Pseudomonas aeruginosa
2022,5,gentamicin,77,1014,7.59,Pseudomonas aeruginosa
2022,5,amikacin,44,1014,4.34,Pseudomonas aeruginosa
2022,5,colistin,8,1014,0.79,Pseudomonas aeruginosa
2022,6,,210,916,22.93,Pseudomonas aeruginosa
2022,6,imipenem,105,916,11.46,Pseudomonas aeruginosa
2022,6,meropenem,98,916,10.7,Pseudomonas aeruginosa
2022,6,ciprofloxacin,89,916,9.72,Pseudomonas aeruginosa
2022,6,ceftazidime,80,916,8.73,Pseudomonas aeruginosa
2022,6,piperacillin/tazobactam,78,916,8.52,Pseudomonas aeruginosa
2022,6,levofloxacin,77,916,8.41,Pseudomonas aeruginosa
2022,6,cefepime,66,916,7.21,Pseudomonas aeruginosa
2022,6,gentamicin,62,916,6.77,Pseudomonas aeruginosa
2022,6,amikacin,42,916,4.59,Pseudomonas aeruginosa
2022,6,colistin,9,916,0.98,Pseudomonas aeruginosa
2022,7,,170,719,23.64,Pseudomonas aeruginosa
2022,7,imipenem,74,719,10.29,Pseudomonas aeruginosa
2022,7,piperacillin/tazobactam,72,719,10.01,Pseudomonas aeruginosa
2022,7,ciprofloxacin,70,719,9.74,Pseudomonas aeruginosa
2022,7,meropenem,70,719,9.74,Pseudomonas aeruginosa
2022,7,ceftazidime,68,719,9.46,Pseudomonas aeruginosa
2022,7,levofloxacin,65,719,9.04,Pseudomonas aeruginosa
2022,7,gentamicin,51,719,7.09,Pseudomonas aeruginosa
2022,7,cefepime,44,719,6.12,Pseudomonas aeruginosa
2022,7,amikacin,30,719,4.17,Pseudomonas aeruginosa
2022,7,colistin,5,719,0.7,Pseudomonas aeruginosa
2022,8,,180,796,22.61,Pseudomonas aeruginosa
2022,8,meropenem,84,796,10.55,Pseudomonas aeruginosa
2022,8,imipenem,81,796,10.18,Pseudomonas aeruginosa
2022,8,ceftazidime,80,796,10.05,Pseudomonas aeruginosa
2022,8,ciprofloxacin,79,796,9.92,Pseudomonas aeruginosa
2022,8,piperacillin/tazobactam,73,796,9.17,Pseudomonas aeruginosa
2022,8,levofloxacin,70,796,8.79,Pseudomonas aeruginosa
2022,8,gentamicin,58,796,7.29,Pseudomonas aeruginosa
2022,8,cefepime,53,796,6.66,Pseudomonas aeruginosa
2022,8,amikacin,28,796,3.52,Pseudomonas aeruginosa
2022,8,colistin,10,796,1.26,Pseudomonas aeruginosa
2022,9,,178,764,23.3,Pseudomonas aeruginosa
2022,9,imipenem,78,764,10.21,Pseudomonas aeruginosa
2022,9,meropenem,77,764,10.08,Pseudomonas aeruginosa
2022,9,ciprofloxacin,75,764,9.82,Pseudomonas aeruginosa
2022,9,ceftazidime,73,764,9.55,Pseudomonas aeruginosa
2022,9,levofloxacin,67,764,8.77,Pseudomonas aeruginosa
2022,9,piperacillin/tazobactam,65,764,8.51,Pseudomonas aeruginosa
2022,9,gentamicin,51,764,6.68,Pseudomonas aeruginosa
2022,9,cefepime,46,764,6.02,Pseudomonas aeruginosa
2022,9,amikacin,36,764,4.71,Pseudomonas aeruginosa
2022,9,colistin,18,764,2.36,Pseudomonas aeruginosa
2022,10,,213,731,29.14,Pseudomonas aeruginosa
2022,10,imipenem,72,731,9.85,Pseudomonas aeruginosa
2022,10,ciprofloxacin,71,731,9.71,Pseudomonas aeruginosa
2022,10,meropenem,70,731,9.58,Pseudomonas aeruginosa
2022,10,ceftazidime,61,731,8.34,Pseudomonas aeruginosa
2022,10,piperacillin/tazobactam,55,731,7.52,Pseudomonas aeruginosa
2022,10,levofloxacin,54,731,7.39,Pseudomonas aeruginosa
2022,10,gentamicin,49,731,6.7,Pseudomonas aeruginosa
2022,10,cefepime,44,731,6.02,Pseudomonas aeruginosa
2022,10,amikacin,36,731,4.92,Pseudomonas aeruginosa
2022,10,colistin,6,731,0.82,Pseudomonas aeruginosa
2022,11,,192,612,31.37,Pseudomonas aeruginosa
2022,11,ciprofloxacin,67,612,10.95,Pseudomonas aeruginosa
2022,11,imipenem,60,612,9.8,Pseudomonas aeruginosa
2022,11,meropenem,59,612,9.64,Pseudomonas aeruginosa
2022,11,ceftazidime,50,612,8.17,Pseudomonas aeruginosa
2022,11,piperacillin/tazobactam,46,612,7.52,Pseudomonas aeruginosa
2022,11,levofloxacin,39,612,6.37,Pseudomonas aeruginosa
2022,11,gentamicin,34,612,5.56,Pseudomonas aeruginosa
2022,11,cefepime,30,612,4.9,Pseudomonas aeruginosa
2022,11,amikacin,21,612,3.43,Pseudomonas aeruginosa
2022,11,colistin,14,612,2.29,Pseudomonas aeruginosa
2022,12,,191,715,26.71,Pseudomonas aeruginosa
2022,12,ciprofloxacin,71,715,9.93,Pseudomonas aeruginosa
2022,12,ceftazidime,70,715,9.79,Pseudomonas aeruginosa
2022,12,imipenem,70,715,9.79,Pseudomonas aeruginosa
2022,12,meropenem,70,715,9.79,Pseudomonas aeruginosa
2022,12,piperacillin/tazobactam,60,715,8.39,Pseudomonas aeruginosa
2022,12,levofloxacin,57,715,7.97,Pseudomonas aeruginosa
2022,12,gentamicin,49,715,6.85,Pseudomonas aeruginosa
2022,12,cefepime,48,715,6.71,Pseudomonas aeruginosa
2022,12,amikacin,21,715,2.94,Pseudomonas aeruginosa
2022,12,colistin,8,715,1.12,Pseudomonas aeruginosa
2023,1,,367,1795,20.45,Pseudomonas aeruginosa
2023,1,imipenem,208,1795,11.59,Pseudomonas aeruginosa
2023,1,meropenem,202,1795,11.25,Pseudomonas aeruginosa
2023,1,ciprofloxacin,190,1795,10.58,Pseudomonas aeruginosa
2023,1,ceftazidime,175,1795,9.75,Pseudomonas aeruginosa
2023,1,piperacillin/tazobactam,174,1795,9.69,Pseudomonas aeruginosa
2023,1,levofloxacin,156,1795,8.69,Pseudomonas aeruginosa
2023,1,cefepime,121,1795,6.74,Pseudomonas aeruginosa
2023,1,gentamicin,119,1795,6.63,Pseudomonas aeruginosa
2023,1,amikacin,68,1795,3.79,Pseudomonas aeruginosa
2023,1,colistin,15,1795,0.84,Pseudomonas aeruginosa
2023,2,,303,1272,23.82,Pseudomonas aeruginosa
2023,2,imipenem,154,1272,12.11,Pseudomonas aeruginosa
2023,2,meropenem,129,1272,10.14,Pseudomonas aeruginosa
2023,2,ciprofloxacin,122,1272,9.59,Pseudomonas aeruginosa
2023,2,piperacillin/tazobactam,121,1272,9.51,Pseudomonas aeruginosa
2023,2,ceftazidime,119,1272,9.36,Pseudomonas aeruginosa
2023,2,levofloxacin,99,1272,7.78,Pseudomonas aeruginosa
2023,2,cefepime,87,1272,6.84,Pseudomonas aeruginosa
2023,2,gentamicin,70,1272,5.5,Pseudomonas aeruginosa
2023,2,amikacin,51,1272,4.01,Pseudomonas aeruginosa
2023,2,colistin,17,1272,1.34,Pseudomonas aeruginosa
2023,3,,343,1375,24.95,Pseudomonas aeruginosa
2023,3,imipenem,148,1375,10.76,Pseudomonas aeruginosa
2023,3,ciprofloxacin,140,1375,10.18,Pseudomonas aeruginosa
2023,3,meropenem,139,1375,10.11,Pseudomonas aeruginosa
2023,3,ceftazidime,128,1375,9.31,Pseudomonas aeruginosa
2023,3,levofloxacin,116,1375,8.44,Pseudomonas aeruginosa
2023,3,piperacillin/tazobactam,113,1375,8.22,Pseudomonas aeruginosa
2023,3,gentamicin,94,1375,6.84,Pseudomonas aeruginosa
2023,3,cefepime,87,1375,6.33,Pseudomonas aeruginosa
2023,3,amikacin,52,1375,3.78,Pseudomonas aeruginosa
2023,3,colistin,15,1375,1.09,Pseudomonas aeruginosa
2023,4,,274,1259,21.76,Pseudomonas aeruginosa
2023,4,imipenem,137,1259,10.88,Pseudomonas aeruginosa
2023,4,ciprofloxacin,135,1259,10.72,Pseudomonas aeruginosa
2023,4,meropenem,134,1259,10.64,Pseudomonas aeruginosa
2023,4,ceftazidime,128,1259,10.17,Pseudomonas aeruginosa
2023,4,piperacillin/tazobactam,122,1259,9.69,Pseudomonas aeruginosa
2023,4,levofloxacin,114,1259,9.05,Pseudomonas aeruginosa
2023,4,gentamicin,79,1259,6.27,Pseudomonas aeruginosa
2023,4,cefepime,76,1259,6.04,Pseudomonas aeruginosa
2023,4,amikacin,47,1259,3.73,Pseudomonas aeruginosa
2023,4,colistin,13,1259,1.03,Pseudomonas aeruginosa
2023,5,,269,1126,23.89,Pseudomonas aeruginosa
2023,5,imipenem,119,1126,10.57,Pseudomonas aeruginosa
2023,5,meropenem,119,1126,10.57,Pseudomonas aeruginosa
2023,5,ciprofloxacin,117,1126,10.39,Pseudomonas aeruginosa
2023,5,ceftazidime,105,1126,9.33,Pseudomonas aeruginosa
2023,5,piperacillin/tazobactam,99,1126,8.79,Pseudomonas aeruginosa
2023,5,levofloxacin,91,1126,8.08,Pseudomonas aeruginosa
2023,5,cefepime,78,1126,6.93,Pseudomonas aeruginosa
2023,5,gentamicin,73,1126,6.48,Pseudomonas aeruginosa
2023,5,amikacin,44,1126,3.91,Pseudomonas aeruginosa
2023,5,colistin,12,1126,1.07,Pseudomonas aeruginosa
2023,6,,236,1009,23.39,Pseudomonas aeruginosa
2023,6,imipenem,121,1009,11.99,Pseudomonas aeruginosa
2023,6,ciprofloxacin,112,1009,11.1,Pseudomonas aeruginosa
2023,6,meropenem,106,1009,10.51,Pseudomonas aeruginosa
2023,6,ceftazidime,90,1009,8.92,Pseudomonas aeruginosa
2023,6,piperacillin/tazobactam,85,1009,8.42,Pseudomonas aeruginosa
2023,6,levofloxacin,84,1009,8.33,Pseudomonas aeruginosa
2023,6,gentamicin,68,1009,6.74,Pseudomonas aeruginosa
2023,6,cefepime,63,1009,6.24,Pseudomonas aeruginosa
2023,6,amikacin,34,1009,3.37,Pseudomonas aeruginosa
2023,6,colistin,10,1009,0.99,Pseudomonas aeruginosa
2023,7,,200,866,23.09,Pseudomonas aeruginosa
2023,7,imipenem,100,866,11.55,Pseudomonas aeruginosa
2023,7,ciprofloxacin,96,866,11.09,Pseudomonas aeruginosa
2023,7,meropenem,93,866,10.74,Pseudomonas aeruginosa
2023,7,levofloxacin,80,866,9.24,Pseudomonas aeruginosa
2023,7,ceftazidime,78,866,9.01,Pseudomonas aeruginosa
2023,7,piperacillin/tazobactam,73,866,8.43,Pseudomonas aeruginosa
2023,7,cefepime,59,866,6.81,Pseudomonas aeruginosa
2023,7,gentamicin,55,866,6.35,Pseudomonas aeruginosa
2023,7,amikacin,27,866,3.12,Pseudomonas aeruginosa
2023,7,colistin,5,866,0.58,Pseudomonas aeruginosa
2023,8,,256,749,34.18,Pseudomonas aeruginosa
2023,8,imipenem,81,749,10.81,Pseudomonas aeruginosa
2023,8,meropenem,76,749,10.15,Pseudomonas aeruginosa
2023,8,ciprofloxacin,69,749,9.21,Pseudomonas aeruginosa
2023,8,ceftazidime,62,749,8.28,Pseudomonas aeruginosa
2023,8,piperacillin/tazobactam,61,749,8.14,Pseudomonas aeruginosa
2023,8,levofloxacin,48,749,6.41,Pseudomonas aeruginosa
2023,8,cefepime,37,749,4.94,Pseudomonas aeruginosa
2023,8,gentamicin,34,749,4.54,Pseudomonas aeruginosa
2023,8,amikacin,19,749,2.54,Pseudomonas aeruginosa
2023,8,colistin,6,749,0.8,Pseudomonas aeruginosa
2023,9,,239,984,24.29,Pseudomonas aeruginosa
2023,9,imipenem,108,984,10.98,Pseudomonas aeruginosa
2023,9,meropenem,104,984,10.57,Pseudomonas aeruginosa
2023,9,ciprofloxacin,93,984,9.45,Pseudomonas aeruginosa
2023,9,ceftazidime,91,984,9.25,Pseudomonas aeruginosa
2023,9,piperacillin/tazobactam,90,984,9.15,Pseudomonas aeruginosa
2023,9,levofloxacin,79,984,8.03,Pseudomonas aeruginosa
2023,9,cefepime,64,984,6.5,Pseudomonas aeruginosa
2023,9,gentamicin,58,984,5.89,Pseudomonas aeruginosa
2023,9,amikacin,42,984,4.27,Pseudomonas aeruginosa
2023,9,colistin,16,984,1.63,Pseudomonas aeruginosa
2023,10,,201,912,22.04,Pseudomonas aeruginosa
2023,10,meropenem,100,912,10.96,Pseudomonas aeruginosa
2023,10,piperacillin/tazobactam,98,912,10.75,Pseudomonas aeruginosa
2023,10,imipenem,96,912,10.53,Pseudomonas aeruginosa
2023,10,ciprofloxacin,94,912,10.31,Pseudomonas aeruginosa
2023,10,ceftazidime,81,912,8.88,Pseudomonas aeruginosa
2023,10,levofloxacin,73,912,8.0,Pseudomonas aeruginosa
2023,10,cefepime,57,912,6.25,Pseudomonas aeruginosa
2023,10,gentamicin,51,912,5.59,Pseudomonas aeruginosa
2023,10,amikacin,39,912,4.28,Pseudomonas aeruginosa
2023,10,colistin,22,912,2.41,Pseudomonas aeruginosa
2023,11,,166,848,19.58,Pseudomonas aeruginosa
2023,11,imipenem,98,848,11.56,Pseudomonas aeruginosa
2023,11,meropenem,98,848,11.56,Pseudomonas aeruginosa
2023,11,ciprofloxacin,91,848,10.73,Pseudomonas aeruginosa
2023,11,ceftazidime,82,848,9.67,Pseudomonas aeruginosa
2023,11,piperacillin/tazobactam,75,848,8.84,Pseudomonas aeruginosa
2023,11,levofloxacin,70,848,8.25,Pseudomonas aeruginosa
2023,11,cefepime,55,848,6.49,Pseudomonas aeruginosa
2023,11,gentamicin,48,848,5.66,Pseudomonas aeruginosa
2023,11,amikacin,39,848,4.6,Pseudomonas aeruginosa
2023,11,colistin,26,848,3.07,Pseudomonas aeruginosa
2023,12,,191,818,23.35,Pseudomonas aeruginosa
2023,12,imipenem,94,818,11.49,Pseudomonas aeruginosa
2023,12,meropenem,85,818,10.39,Pseudomonas aeruginosa
2023,12,ciprofloxacin,84,818,10.27,Pseudomonas aeruginosa
2023,12,ceftazidime,78,818,9.54,Pseudomonas aeruginosa
2023,12,piperacillin/tazobactam,68,818,8.31,Pseudomonas aeruginosa
2023,12,levofloxacin,66,818,8.07,Pseudomonas aeruginosa
2023,12,gentamicin,54,818,6.6,Pseudomonas aeruginosa
2023,12,cefepime,52,818,6.36,Pseudomonas aeruginosa
2023,12,amikacin,34,818,4.16,Pseudomonas aeruginosa
2023,12,colistin,12,818,1.47,Pseudomonas aeruginosa
2024,1,,768,3177,24.17,Pseudomonas aeruginosa
2024,1,imipenem,375,3177,11.8,Pseudomonas aeruginosa
2024,1,meropenem,326,3177,10.26,Pseudomonas aeruginosa
2024,1,piperacillin/tazobactam,304,3177,9.57,Pseudomonas aeruginosa
2024,1,ceftazidime,301,3177,9.47,Pseudomonas aeruginosa
2024,1,ciprofloxacin,296,3177,9.32,Pseudomonas aeruginosa
2024,1,levofloxacin,250,3177,7.87,Pseudomonas aeruginosa
2024,1,cefepime,206,3177,6.48,Pseudomonas aeruginosa
2024,1,gentamicin,168,3177,5.29,Pseudomonas aeruginosa
2024,1,amikacin,126,3177,3.97,Pseudomonas aeruginosa
2024,1,colistin,57,3177,1.79,Pseudomonas aeruginosa
2024,2,,761,2606,29.2,Pseudomonas aeruginosa
2024,2,imipenem,270,2606,10.36,Pseudomonas aeruginosa
2024,2,piperacillin/tazobactam,260,2606,9.98,Pseudomonas aeruginosa
2024,2,ceftazidime,248,2606,9.52,Pseudomonas aeruginosa
2024,2,ciprofloxacin,237,2606,9.09,Pseudomonas aeruginosa
2024,2,meropenem,234,2606,8.98,Pseudomonas aeruginosa
2024,2,levofloxacin,182,2606,6.98,Pseudomonas aeruginosa
2024,2,cefepime,156,2606,5.99,Pseudomonas aeruginosa
2024,2,gentamicin,116,2606,4.45,Pseudomonas aeruginosa
2024,2,amikacin,104,2606,3.99,Pseudomonas aeruginosa
2024,2,colistin,38,2606,1.46,Pseudomonas aeruginosa
2024,3,,783,2381,32.89,Pseudomonas aeruginosa
2024,3,imipenem,238,2381,10.0,Pseudomonas aeruginosa
2024,3,ciprofloxacin,220,2381,9.24,Pseudomonas aeruginosa
2024,3,meropenem,217,2381,9.11,Pseudomonas aeruginosa
2024,3,ceftazidime,206,2381,8.65,Pseudomonas aeruginosa
2024,3,piperacillin/tazobactam,201,2381,8.44,Pseudomonas aeruginosa
2024,3,levofloxacin,153,2381,6.43,Pseudomonas aeruginosa
2024,3,cefepime,142,2381,5.96,Pseudomonas aeruginosa
2024,3,gentamicin,111,2381,4.66,Pseudomonas aeruginosa
2024,3,amikacin,74,2381,3.11,Pseudomonas aeruginosa
2024,3,colistin,36,2381,1.51,Pseudomonas aeruginosa
2024,4,,698,2395,29.14,Pseudomonas aeruginosa
2024,4,piperacillin/tazobactam,231,2395,9.65,Pseudomonas aeruginosa
2024,4,imipenem,229,2395,9.56,Pseudomonas aeruginosa
2024,4,ciprofloxacin,215,2395,8.98,Pseudomonas aeruginosa
2024,4,meropenem,207,2395,8.64,Pseudomonas aeruginosa
2024,4,ceftazidime,206,2395,8.6,Pseudomonas aeruginosa
2024,4,levofloxacin,198,2395,8.27,Pseudomonas aeruginosa
2024,4,cefepime,148,2395,6.18,Pseudomonas aeruginosa
2024,4,gentamicin,121,2395,5.05,Pseudomonas aeruginosa
2024,4,amikacin,95,2395,3.97,Pseudomonas aeruginosa
2024,4,colistin,47,2395,1.96,Pseudomonas aeruginosa
2024,5,,869,2519,34.5,Pseudomonas aeruginosa
2024,5,piperacillin/tazobactam,228,2519,9.05,Pseudomonas aeruginosa
2024,5,imipenem,226,2519,8.97,Pseudomonas aeruginosa
2024,5,meropenem,216,2519,8.57,Pseudomonas aeruginosa
2024,5,ceftazidime,207,2519,8.22,Pseudomonas aeruginosa
2024,5,ciprofloxacin,198,2519,7.86,Pseudomonas aeruginosa
2024,5,levofloxacin,185,2519,7.34,Pseudomonas aeruginosa
2024,5,cefepime,137,2519,5.44,Pseudomonas aeruginosa
2024,5,amikacin,106,2519,4.21,Pseudomonas aeruginosa
2024,5,gentamicin,106,2519,4.21,Pseudomonas aeruginosa
2024,5,colistin,41,2519,1.63,Pseudomonas aeruginosa
2024,6,,871,2562,34.0,Pseudomonas aeruginosa
2024,6,imipenem,230,2562,8.98,Pseudomonas aeruginosa
2024,6,piperacillin/tazobactam,229,2562,8.94,Pseudomonas aeruginosa
2024,6,meropenem,218,2562,8.51,Pseudomonas aeruginosa
2024,6,ceftazidime,215,2562,8.39,Pseudomonas aeruginosa
2024,6,ciprofloxacin,212,2562,8.27,Pseudomonas aeruginosa
2024,6,levofloxacin,178,2562,6.95,Pseudomonas aeruginosa
2024,6,cefepime,142,2562,5.54,Pseudomonas aeruginosa
2024,6,gentamicin,108,2562,4.22,Pseudomonas aeruginosa
2024,6,amikacin,98,2562,3.83,Pseudomonas aeruginosa
2024,6,colistin,61,2562,2.38,Pseudomonas aeruginosa
2024,7,,845,2611,32.36,Pseudomonas aeruginosa
2024,7,piperacillin/tazobactam,266,2611,10.19,Pseudomonas aeruginosa
2024,7,imipenem,264,2611,10.11,Pseudomonas aeruginosa
2024,7,meropenem,234,2611,8.96,Pseudomonas aeruginosa
2024,7,ceftazidime,224,2611,8.58,Pseudomonas aeruginosa
2024,7,ciprofloxacin,224,2611,8.58,Pseudomonas aeruginosa
2024,7,levofloxacin,189,2611,7.24,Pseudomonas aeruginosa
2024,7,cefepime,130,2611,4.98,Pseudomonas aeruginosa
2024,7,amikacin,107,2611,4.1,Pseudomonas aeruginosa
2024,7,gentamicin,93,2611,3.56,Pseudomonas aeruginosa
2024,7,colistin,35,2611,1.34,Pseudomonas aeruginosa
2024,8,,929,2770,33.54,Pseudomonas aeruginosa
2024,8,imipenem,266,2770,9.6,Pseudomonas aeruginosa
2024,8,piperacillin/tazobactam,263,2770,9.49,Pseudomonas aeruginosa
2024,8,meropenem,254,2770,9.17,Pseudomonas aeruginosa
2024,8,ciprofloxacin,234,2770,8.45,Pseudomonas aeruginosa
2024,8,ceftazidime,226,2770,8.16,Pseudomonas aeruginosa
2024,8,levofloxacin,194,2770,7.0,Pseudomonas aeruginosa
2024,8,cefepime,145,2770,5.23,Pseudomonas aeruginosa
2024,8,amikacin,113,2770,4.08,Pseudomonas aeruginosa
2024,8,gentamicin,105,2770,3.79,Pseudomonas aeruginosa
2024,8,colistin,41,2770,1.48,Pseudomonas aeruginosa
2024,9,,916,2800,32.71,Pseudomonas aeruginosa
2024,9,piperacillin/tazobactam,290,2800,10.36,Pseudomonas aeruginosa
2024,9,ceftazidime,261,2800,9.32,Pseudomonas aeruginosa
2024,9,imipenem,256,2800,9.14,Pseudomonas aeruginosa
2024,9,meropenem,252,2800,9.0,Pseudomonas aeruginosa
2024,9,ciprofloxacin,250,2800,8.93,Pseudomonas aeruginosa
2024,9,levofloxacin,211,2800,7.54,Pseudomonas aeruginosa
2024,9,cefepime,129,2800,4.61,Pseudomonas aeruginosa
2024,9,amikacin,98,2800,3.5,Pseudomonas aeruginosa
2024,9,gentamicin,98,2800,3.5,Pseudomonas aeruginosa
2024,9,colistin,39,2800,1.39,Pseudomonas aeruginosa
2024,10,,995,3149,31.6,Pseudomonas aeruginosa
2024,10,imipenem,308,3149,9.78,Pseudomonas aeruginosa
2024,10,piperacillin/tazobactam,307,3149,9.75,Pseudomonas aeruginosa
2024,10,ciprofloxacin,290,3149,9.21,Pseudomonas aeruginosa
2024,10,meropenem,288,3149,9.15,Pseudomonas aeruginosa
2024,10,ceftazidime,279,3149,8.86,Pseudomonas aeruginosa
2024,10,levofloxacin,241,3149,7.65,Pseudomonas aeruginosa
2024,10,cefepime,151,3149,4.8,Pseudomonas aeruginosa
2024,10,gentamicin,136,3149,4.32,Pseudomonas aeruginosa
2024,10,amikacin,129,3149,4.1,Pseudomonas aeruginosa
2024,10,colistin,25,3149,0.79,Pseudomonas aeruginosa
2024,11,,808,2476,32.63,Pseudomonas aeruginosa
2024,11,imipenem,241,2476,9.73,Pseudomonas aeruginosa
2024,11,piperacillin/tazobactam,235,2476,9.49,Pseudomonas aeruginosa
2024,11,ciprofloxacin,231,2476,9.33,Pseudomonas aeruginosa
2024,11,meropenem,223,2476,9.01,Pseudomonas aeruginosa
2024,11,ceftazidime,219,2476,8.84,Pseudomonas aeruginosa
2024,11,levofloxacin,179,2476,7.23,Pseudomonas aeruginosa
2024,11,cefepime,114,2476,4.6,Pseudomonas aeruginosa
2024,11,amikacin,105,2476,4.24,Pseudomonas aeruginosa
2024,11,gentamicin,87,2476,3.51,Pseudomonas aeruginosa
2024,11,colistin,34,2476,1.37,Pseudomonas aeruginosa
2024,12,,822,2101,39.12,Pseudomonas aeruginosa
2024,12,piperacillin/tazobactam,192,2101,9.14,Pseudomonas aeruginosa
2024,12,imipenem,182,2101,8.66,Pseudomonas aeruginosa
2024,12,ceftazidime,176,2101,8.38,Pseudomonas aeruginosa
2024,12,meropenem,174,2101,8.28,Pseudomonas aeruginosa
2024,12,ciprofloxacin,171,2101,8.14,Pseudomonas aeruginosa
2024,12,levofloxacin,128,2101,6.09,Pseudomonas aeruginosa
2024,12,cefepime,95,2101,4.52,Pseudomonas aeruginosa
2024,12,gentamicin,72,2101,3.43,Pseudomonas aeruginosa
2024,12,amikacin,65,2101,3.09,Pseudomonas aeruginosa
2024,12,colistin,24,2101,1.14,Pseudomonas aeruginosa
