organism_full,year,month,region,Resistant_Drug_Classes,pattern_count,total_rows_in_region_month,percentage
Acinetobacter baumannii,2015,1,6.0,"AMINOGLYCOSIDES, CARBAPENEMS, CEPHEMS, FLUOROQUINOLONES, FOLATE PATHWAY ANTAGONISTS, β-LACTAM COMBINATION AGENTS",53,74,71.62
Acinetobacter baumannii,2015,1,6.0,"AMINOGLYCOSIDES, CARBAPENEMS, CEPHEMS, FLUOROQUINOLONES, β-LACTAM COMBINATION AGENTS",10,74,13.51
Acinetobacter baumannii,2015,1,6.0,"CARBAPENEMS, CEPHEMS, FLUOROQUINOLONES, FOLATE PATHWAY ANTAGONISTS, β-LACTAM COMBINATION AGENTS",5,74,6.76
Acinetobacter baumannii,2015,1,6.0,"CARBAPENEMS, CEPHEMS, FLUOROQUINOLONES, β-LACTAM COMBINATION AGENTS",1,74,1.35
Acinetobacter baumannii,2015,2,6.0,"AMINOGLYCOSIDES, CARBAPENEMS, CEPHEMS, FLUOROQUINOLONES, FOLATE PATHWAY ANTAGONISTS, β-LACTAM COMBINATION AGENTS",60,72,83.33
Acinetobacter baumannii,2015,2,6.0,"CARBAPENEMS, CEPHEMS, FLUOROQUINOLONES, β-LACTAM COMBINATION AGENTS",5,72,6.94
Acinetobacter baumannii,2015,2,6.0,"CARBAPENEMS, CEPHEMS, FLUOROQUINOLONES, FOLATE PATHWAY ANTAGONISTS, β-LACTAM COMBINATION AGENTS",3,72,4.17
Acinetobacter baumannii,2015,2,6.0,"AMINOGLYCOSIDES, CARBAPENEMS, CEPHEMS, FLUOROQUINOLONES, β-LACTAM COMBINATION AGENTS",2,72,2.78
Acinetobacter baumannii,2015,3,6.0,"AMINOGLYCOSIDES, CARBAPENEMS, CEPHEMS, FLUOROQUINOLONES, FOLATE PATHWAY ANTAGONISTS, β-LACTAM COMBINATION AGENTS",52,72,72.22
Acinetobacter baumannii,2015,3,6.0,"AMINOGLYCOSIDES, CARBAPENEMS, CEPHEMS, FLUOROQUINOLONES, β-LACTAM COMBINATION AGENTS",10,72,13.89
Acinetobacter baumannii,2015,3,6.0,"CARBAPENEMS, CEPHEMS, FLUOROQUINOLONES, β-LACTAM COMBINATION AGENTS",5,72,6.94
Acinetobacter baumannii,2015,3,6.0,"CARBAPENEMS, CEPHEMS, FLUOROQUINOLONES, FOLATE PATHWAY ANTAGONISTS, β-LACTAM COMBINATION AGENTS",3,72,4.17
Acinetobacter baumannii,2015,4,6.0,"AMINOGLYCOSIDES, CARBAPENEMS, CEPHEMS, FLUOROQUINOLONES, FOLATE PATHWAY ANTAGONISTS, β-LACTAM COMBINATION AGENTS",48,69,69.57
Acinetobacter baumannii,2015,4,6.0,"AMINOGLYCOSIDES, CARBAPENEMS, CEPHEMS, FLUOROQUINOLONES, β-LACTAM COMBINATION AGENTS",13,69,18.84
Acinetobacter baumannii,2015,4,6.0,"CARBAPENEMS, CEPHEMS, FLUOROQUINOLONES, β-LACTAM COMBINATION AGENTS",5,69,7.25
Acinetobacter baumannii,2015,4,6.0,"CARBAPENEMS, CEPHEMS, FLUOROQUINOLONES, FOLATE PATHWAY ANTAGONISTS, β-LACTAM COMBINATION AGENTS",2,69,2.9
Acinetobacter baumannii,2015,5,6.0,"AMINOGLYCOSIDES, CARBAPENEMS, CEPHEMS, FLUOROQUINOLONES, FOLATE PATHWAY ANTAGONISTS, β-LACTAM COMBINATION AGENTS",47,77,61.04
Acinetobacter baumannii,2015,5,6.0,"AMINOGLYCOSIDES, CARBAPENEMS, CEPHEMS, FLUOROQUINOLONES, β-LACTAM COMBINATION AGENTS",12,77,15.58
Acinetobacter baumannii,2015,5,6.0,"CARBAPENEMS, CEPHEMS, FLUOROQUINOLONES, β-LACTAM COMBINATION AGENTS",11,77,14.29
Acinetobacter baumannii,2015,5,6.0,"CARBAPENEMS, CEPHEMS, FLUOROQUINOLONES, FOLATE PATHWAY ANTAGONISTS, β-LACTAM COMBINATION AGENTS",5,77,6.49
Acinetobacter baumannii,2015,6,6.0,"AMINOGLYCOSIDES, CARBAPENEMS, CEPHEMS, FLUOROQUINOLONES, FOLATE PATHWAY ANTAGONISTS, β-LACTAM COMBINATION AGENTS",63,85,74.12
Acinetobacter baumannii,2015,6,6.0,"AMINOGLYCOSIDES, CARBAPENEMS, CEPHEMS, FLUOROQUINOLONES, β-LACTAM COMBINATION AGENTS",11,85,12.94
Acinetobacter baumannii,2015,6,6.0,"CARBAPENEMS, CEPHEMS, FLUOROQUINOLONES, FOLATE PATHWAY ANTAGONISTS, β-LACTAM COMBINATION AGENTS",7,85,8.24
Acinetobacter baumannii,2015,6,6.0,"CARBAPENEMS, CEPHEMS, FLUOROQUINOLONES, β-LACTAM COMBINATION AGENTS",1,85,1.18
Acinetobacter baumannii,2015,7,6.0,"AMINOGLYCOSIDES, CARBAPENEMS, CEPHEMS, FLUOROQUINOLONES, FOLATE PATHWAY ANTAGONISTS, β-LACTAM COMBINATION AGENTS",58,72,80.56
Acinetobacter baumannii,2015,7,6.0,"AMINOGLYCOSIDES, CARBAPENEMS, CEPHEMS, FLUOROQUINOLONES, β-LACTAM COMBINATION AGENTS",8,72,11.11
Acinetobacter baumannii,2015,7,6.0,"CARBAPENEMS, CEPHEMS, FLUOROQUINOLONES, β-LACTAM COMBINATION AGENTS",4,72,5.56
Acinetobacter baumannii,2015,7,6.0,"CARBAPENEMS, CEPHEMS, FLUOROQUINOLONES, FOLATE PATHWAY ANTAGONISTS, β-LACTAM COMBINATION AGENTS",2,72,2.78
Acinetobacter baumannii,2015,8,6.0,"AMINOGLYCOSIDES, CARBAPENEMS, CEPHEMS, FLUOROQUINOLONES, FOLATE PATHWAY ANTAGONISTS, β-LACTAM COMBINATION AGENTS",49,74,66.22
Acinetobacter baumannii,2015,8,6.0,"AMINOGLYCOSIDES, CARBAPENEMS, CEPHEMS, FLUOROQUINOLONES, β-LACTAM COMBINATION AGENTS",9,74,12.16
Acinetobacter baumannii,2015,8,6.0,"CARBAPENEMS, CEPHEMS, FLUOROQUINOLONES, β-LACTAM COMBINATION AGENTS",6,74,8.11
Acinetobacter baumannii,2015,8,6.0,"CARBAPENEMS, CEPHEMS, FLUOROQUINOLONES, FOLATE PATHWAY ANTAGONISTS, β-LACTAM COMBINATION AGENTS",5,74,6.76
Acinetobacter baumannii,2015,8,6.0,"CARBAPENEMS, CEPHEMS, FOLATE PATHWAY ANTAGONISTS, β-LACTAM COMBINATION AGENTS",1,74,1.35
Acinetobacter baumannii,2015,9,6.0,"AMINOGLYCOSIDES, CARBAPENEMS, CEPHEMS, FLUOROQUINOLONES, FOLATE PATHWAY ANTAGONISTS, β-LACTAM COMBINATION AGENTS",52,83,62.65
Acinetobacter baumannii,2015,9,6.0,"AMINOGLYCOSIDES, CARBAPENEMS, CEPHEMS, FLUOROQUINOLONES, β-LACTAM COMBINATION AGENTS",14,83,16.87
Acinetobacter baumannii,2015,9,6.0,"CARBAPENEMS, CEPHEMS, FLUOROQUINOLONES, β-LACTAM COMBINATION AGENTS",7,83,8.43
Acinetobacter baumannii,2015,9,6.0,"CARBAPENEMS, CEPHEMS, FLUOROQUINOLONES, FOLATE PATHWAY ANTAGONISTS, β-LACTAM COMBINATION AGENTS",2,83,2.41
Acinetobacter baumannii,2015,9,6.0,"CARBAPENEMS, CEPHEMS, FOLATE PATHWAY ANTAGONISTS, β-LACTAM COMBINATION AGENTS",2,83,2.41
Acinetobacter baumannii,2015,10,6.0,"AMINOGLYCOSIDES, CARBAPENEMS, CEPHEMS, FLUOROQUINOLONES, FOLATE PATHWAY ANTAGONISTS, β-LACTAM COMBINATION AGENTS",43,66,65.15
Acinetobacter baumannii,2015,10,6.0,"AMINOGLYCOSIDES, CARBAPENEMS, CEPHEMS, FLUOROQUINOLONES, β-LACTAM COMBINATION AGENTS",15,66,22.73
Acinetobacter baumannii,2015,10,6.0,"CARBAPENEMS, CEPHEMS, FLUOROQUINOLONES, β-LACTAM COMBINATION AGENTS",4,66,6.06
Acinetobacter baumannii,2015,10,6.0,"CARBAPENEMS, CEPHEMS, FLUOROQUINOLONES, FOLATE PATHWAY ANTAGONISTS, β-LACTAM COMBINATION AGENTS",1,66,1.52
Acinetobacter baumannii,2015,11,6.0,"AMINOGLYCOSIDES, CARBAPENEMS, CEPHEMS, FLUOROQUINOLONES, FOLATE PATHWAY ANTAGONISTS, β-LACTAM COMBINATION AGENTS",48,74,64.86
Acinetobacter baumannii,2015,11,6.0,"AMINOGLYCOSIDES, CARBAPENEMS, CEPHEMS, FLUOROQUINOLONES, β-LACTAM COMBINATION AGENTS",15,74,20.27
Acinetobacter baumannii,2015,11,6.0,"CARBAPENEMS, CEPHEMS, FLUOROQUINOLONES, β-LACTAM COMBINATION AGENTS",8,74,10.81
Acinetobacter baumannii,2015,11,6.0,"CARBAPENEMS, CEPHEMS, FLUOROQUINOLONES, FOLATE PATHWAY ANTAGONISTS, β-LACTAM COMBINATION AGENTS",3,74,4.05
Acinetobacter baumannii,2015,12,6.0,"AMINOGLYCOSIDES, CARBAPENEMS, CEPHEMS, FLUOROQUINOLONES, FOLATE PATHWAY ANTAGONISTS, β-LACTAM COMBINATION AGENTS",53,80,66.25
Acinetobacter baumannii,2015,12,6.0,"AMINOGLYCOSIDES, CARBAPENEMS, CEPHEMS, FLUOROQUINOLONES, β-LACTAM COMBINATION AGENTS",10,80,12.5
Acinetobacter baumannii,2015,12,6.0,"CARBAPENEMS, CEPHEMS, FLUOROQUINOLONES, β-LACTAM COMBINATION AGENTS",10,80,12.5
Acinetobacter baumannii,2015,12,6.0,"CARBAPENEMS, CEPHEMS, FLUOROQUINOLONES, FOLATE PATHWAY ANTAGONISTS, β-LACTAM COMBINATION AGENTS",1,80,1.25
Acinetobacter baumannii,2016,1,6.0,"AMINOGLYCOSIDES, CARBAPENEMS, CEPHEMS, FLUOROQUINOLONES, FOLATE PATHWAY ANTAGONISTS, β-LACTAM COMBINATION AGENTS",47,100,47.0
Acinetobacter baumannii,2016,1,6.0,"AMINOGLYCOSIDES, CARBAPENEMS, CEPHEMS, FLUOROQUINOLONES, β-LACTAM COMBINATION AGENTS",25,100,25.0
Acinetobacter baumannii,2016,1,6.0,"CARBAPENEMS, CEPHEMS, FLUOROQUINOLONES, FOLATE PATHWAY ANTAGONISTS, β-LACTAM COMBINATION AGENTS",15,100,15.0
Acinetobacter baumannii,2016,1,6.0,"CARBAPENEMS, CEPHEMS, FLUOROQUINOLONES, β-LACTAM COMBINATION AGENTS",4,100,4.0
Acinetobacter baumannii,2016,1,6.0,"CARBAPENEMS, CEPHEMS, FOLATE PATHWAY ANTAGONISTS, β-LACTAM COMBINATION AGENTS",3,100,3.0
Acinetobacter baumannii,2016,2,6.0,"AMINOGLYCOSIDES, CARBAPENEMS, CEPHEMS, FLUOROQUINOLONES, FOLATE PATHWAY ANTAGONISTS, β-LACTAM COMBINATION AGENTS",56,92,60.87
Acinetobacter baumannii,2016,2,6.0,"AMINOGLYCOSIDES, CARBAPENEMS, CEPHEMS, FLUOROQUINOLONES, β-LACTAM COMBINATION AGENTS",20,92,21.74
Acinetobacter baumannii,2016,2,6.0,"CARBAPENEMS, CEPHEMS, FLUOROQUINOLONES, FOLATE PATHWAY ANTAGONISTS, β-LACTAM COMBINATION AGENTS",6,92,6.52
Acinetobacter baumannii,2016,2,6.0,"CARBAPENEMS, CEPHEMS, FLUOROQUINOLONES, β-LACTAM COMBINATION AGENTS",4,92,4.35
Acinetobacter baumannii,2016,2,6.0,"CARBAPENEMS, CEPHEMS, FOLATE PATHWAY ANTAGONISTS, β-LACTAM COMBINATION AGENTS",1,92,1.09
Acinetobacter baumannii,2016,3,6.0,"AMINOGLYCOSIDES, CARBAPENEMS, CEPHEMS, FLUOROQUINOLONES, FOLATE PATHWAY ANTAGONISTS, β-LACTAM COMBINATION AGENTS",80,118,67.8
Acinetobacter baumannii,2016,3,6.0,"CARBAPENEMS, CEPHEMS, FLUOROQUINOLONES, FOLATE PATHWAY ANTAGONISTS, β-LACTAM COMBINATION AGENTS",18,118,15.25
Acinetobacter baumannii,2016,3,6.0,"AMINOGLYCOSIDES, CARBAPENEMS, CEPHEMS, FLUOROQUINOLONES, β-LACTAM COMBINATION AGENTS",15,118,12.71
Acinetobacter baumannii,2016,3,6.0,"CARBAPENEMS, CEPHEMS, FLUOROQUINOLONES, β-LACTAM COMBINATION AGENTS",3,118,2.54
Acinetobacter baumannii,2016,4,6.0,"AMINOGLYCOSIDES, CARBAPENEMS, CEPHEMS, FLUOROQUINOLONES, FOLATE PATHWAY ANTAGONISTS, β-LACTAM COMBINATION AGENTS",54,83,65.06
Acinetobacter baumannii,2016,4,6.0,"AMINOGLYCOSIDES, CARBAPENEMS, CEPHEMS, FLUOROQUINOLONES, β-LACTAM COMBINATION AGENTS",14,83,16.87
Acinetobacter baumannii,2016,4,6.0,"CARBAPENEMS, CEPHEMS, FLUOROQUINOLONES, FOLATE PATHWAY ANTAGONISTS, β-LACTAM COMBINATION AGENTS",10,83,12.05
Acinetobacter baumannii,2016,4,6.0,"CARBAPENEMS, CEPHEMS, FLUOROQUINOLONES, β-LACTAM COMBINATION AGENTS",2,83,2.41
Acinetobacter baumannii,2016,4,6.0,"CARBAPENEMS, CEPHEMS, FOLATE PATHWAY ANTAGONISTS, β-LACTAM COMBINATION AGENTS",1,83,1.2
Acinetobacter baumannii,2016,5,6.0,"AMINOGLYCOSIDES, CARBAPENEMS, CEPHEMS, FLUOROQUINOLONES, FOLATE PATHWAY ANTAGONISTS, β-LACTAM COMBINATION AGENTS",49,76,64.47
Acinetobacter baumannii,2016,5,6.0,"AMINOGLYCOSIDES, CARBAPENEMS, CEPHEMS, FLUOROQUINOLONES, β-LACTAM COMBINATION AGENTS",13,76,17.11
Acinetobacter baumannii,2016,5,6.0,"CARBAPENEMS, CEPHEMS, FLUOROQUINOLONES, FOLATE PATHWAY ANTAGONISTS, β-LACTAM COMBINATION AGENTS",8,76,10.53
Acinetobacter baumannii,2016,5,6.0,"CARBAPENEMS, CEPHEMS, FLUOROQUINOLONES, β-LACTAM COMBINATION AGENTS",4,76,5.26
Acinetobacter baumannii,2016,5,6.0,"CARBAPENEMS, CEPHEMS, FOLATE PATHWAY ANTAGONISTS, β-LACTAM COMBINATION AGENTS",1,76,1.32
Acinetobacter baumannii,2016,6,6.0,"AMINOGLYCOSIDES, CARBAPENEMS, CEPHEMS, FLUOROQUINOLONES, FOLATE PATHWAY ANTAGONISTS, β-LACTAM COMBINATION AGENTS",49,81,60.49
Acinetobacter baumannii,2016,6,6.0,"AMINOGLYCOSIDES, CARBAPENEMS, CEPHEMS, FLUOROQUINOLONES, β-LACTAM COMBINATION AGENTS",13,81,16.05
Acinetobacter baumannii,2016,6,6.0,"CARBAPENEMS, CEPHEMS, FLUOROQUINOLONES, FOLATE PATHWAY ANTAGONISTS, β-LACTAM COMBINATION AGENTS",10,81,12.35
Acinetobacter baumannii,2016,6,6.0,"CARBAPENEMS, CEPHEMS, FLUOROQUINOLONES, β-LACTAM COMBINATION AGENTS",4,81,4.94
Acinetobacter baumannii,2016,7,6.0,"AMINOGLYCOSIDES, CARBAPENEMS, CEPHEMS, FLUOROQUINOLONES, FOLATE PATHWAY ANTAGONISTS, β-LACTAM COMBINATION AGENTS",60,116,51.72
Acinetobacter baumannii,2016,7,6.0,"AMINOGLYCOSIDES, CARBAPENEMS, CEPHEMS, FLUOROQUINOLONES, β-LACTAM COMBINATION AGENTS",26,116,22.41
Acinetobacter baumannii,2016,7,6.0,"CARBAPENEMS, CEPHEMS, FLUOROQUINOLONES, FOLATE PATHWAY ANTAGONISTS, β-LACTAM COMBINATION AGENTS",15,116,12.93
Acinetobacter baumannii,2016,7,6.0,"CARBAPENEMS, CEPHEMS, FLUOROQUINOLONES, β-LACTAM COMBINATION AGENTS",9,116,7.76
Acinetobacter baumannii,2016,8,6.0,"AMINOGLYCOSIDES, CARBAPENEMS, CEPHEMS, FLUOROQUINOLONES, FOLATE PATHWAY ANTAGONISTS, β-LACTAM COMBINATION AGENTS",56,93,60.22
Acinetobacter baumannii,2016,8,6.0,"AMINOGLYCOSIDES, CARBAPENEMS, CEPHEMS, FLUOROQUINOLONES, β-LACTAM COMBINATION AGENTS",17,93,18.28
Acinetobacter baumannii,2016,8,6.0,"CARBAPENEMS, CEPHEMS, FLUOROQUINOLONES, β-LACTAM COMBINATION AGENTS",14,93,15.05
Acinetobacter baumannii,2016,8,6.0,"CARBAPENEMS, CEPHEMS, FLUOROQUINOLONES, FOLATE PATHWAY ANTAGONISTS, β-LACTAM COMBINATION AGENTS",2,93,2.15
Acinetobacter baumannii,2016,8,6.0,"CARBAPENEMS, CEPHEMS, FOLATE PATHWAY ANTAGONISTS, β-LACTAM COMBINATION AGENTS",1,93,1.08
Acinetobacter baumannii,2016,9,6.0,"AMINOGLYCOSIDES, CARBAPENEMS, CEPHEMS, FLUOROQUINOLONES, FOLATE PATHWAY ANTAGONISTS, β-LACTAM COMBINATION AGENTS",50,90,55.56
Acinetobacter baumannii,2016,9,6.0,"CARBAPENEMS, CEPHEMS, FLUOROQUINOLONES, FOLATE PATHWAY ANTAGONISTS, β-LACTAM COMBINATION AGENTS",13,90,14.44
Acinetobacter baumannii,2016,9,6.0,"CARBAPENEMS, CEPHEMS, FLUOROQUINOLONES, β-LACTAM COMBINATION AGENTS",11,90,12.22
Acinetobacter baumannii,2016,9,6.0,"AMINOGLYCOSIDES, CARBAPENEMS, CEPHEMS, FLUOROQUINOLONES, β-LACTAM COMBINATION AGENTS",10,90,11.11
Acinetobacter baumannii,2016,9,6.0,"CARBAPENEMS, CEPHEMS, FOLATE PATHWAY ANTAGONISTS, β-LACTAM COMBINATION AGENTS",1,90,1.11
Acinetobacter baumannii,2016,10,6.0,"AMINOGLYCOSIDES, CARBAPENEMS, CEPHEMS, FLUOROQUINOLONES, FOLATE PATHWAY ANTAGONISTS, β-LACTAM COMBINATION AGENTS",63,102,61.76
Acinetobacter baumannii,2016,10,6.0,"CARBAPENEMS, CEPHEMS, FLUOROQUINOLONES, β-LACTAM COMBINATION AGENTS",16,102,15.69
Acinetobacter baumannii,2016,10,6.0,"CARBAPENEMS, CEPHEMS, FLUOROQUINOLONES, FOLATE PATHWAY ANTAGONISTS, β-LACTAM COMBINATION AGENTS",10,102,9.8
Acinetobacter baumannii,2016,10,6.0,"AMINOGLYCOSIDES, CARBAPENEMS, CEPHEMS, FLUOROQUINOLONES, β-LACTAM COMBINATION AGENTS",8,102,7.84
Acinetobacter baumannii,2016,10,6.0,"CARBAPENEMS, CEPHEMS, FOLATE PATHWAY ANTAGONISTS, β-LACTAM COMBINATION AGENTS",1,102,0.98
Acinetobacter baumannii,2016,11,6.0,"AMINOGLYCOSIDES, CARBAPENEMS, CEPHEMS, FLUOROQUINOLONES, FOLATE PATHWAY ANTAGONISTS, β-LACTAM COMBINATION AGENTS",43,75,57.33
Acinetobacter baumannii,2016,11,6.0,"CARBAPENEMS, CEPHEMS, FLUOROQUINOLONES, β-LACTAM COMBINATION AGENTS",11,75,14.67
Acinetobacter baumannii,2016,11,6.0,"AMINOGLYCOSIDES, CARBAPENEMS, CEPHEMS, FLUOROQUINOLONES, β-LACTAM COMBINATION AGENTS",9,75,12.0
Acinetobacter baumannii,2016,11,6.0,"CARBAPENEMS, CEPHEMS, FLUOROQUINOLONES, FOLATE PATHWAY ANTAGONISTS, β-LACTAM COMBINATION AGENTS",5,75,6.67
Acinetobacter baumannii,2016,12,6.0,"AMINOGLYCOSIDES, CARBAPENEMS, CEPHEMS, FLUOROQUINOLONES, FOLATE PATHWAY ANTAGONISTS, β-LACTAM COMBINATION AGENTS",54,91,59.34
Acinetobacter baumannii,2016,12,6.0,"AMINOGLYCOSIDES, CARBAPENEMS, CEPHEMS, FLUOROQUINOLONES, β-LACTAM COMBINATION AGENTS",12,91,13.19
Acinetobacter baumannii,2016,12,6.0,"CARBAPENEMS, CEPHEMS, FLUOROQUINOLONES, β-LACTAM COMBINATION AGENTS",9,91,9.89
Acinetobacter baumannii,2016,12,6.0,"CARBAPENEMS, CEPHEMS, FLUOROQUINOLONES, FOLATE PATHWAY ANTAGONISTS, β-LACTAM COMBINATION AGENTS",7,91,7.69
Acinetobacter baumannii,2016,12,6.0,"CARBAPENEMS, CEPHEMS, FOLATE PATHWAY ANTAGONISTS, β-LACTAM COMBINATION AGENTS",5,91,5.49
Acinetobacter baumannii,2017,1,6.0,"AMINOGLYCOSIDES, CARBAPENEMS, CEPHEMS, FLUOROQUINOLONES, FOLATE PATHWAY ANTAGONISTS, β-LACTAM COMBINATION AGENTS",144,233,61.8
Acinetobacter baumannii,2017,1,6.0,"AMINOGLYCOSIDES, CARBAPENEMS, CEPHEMS, FLUOROQUINOLONES, β-LACTAM COMBINATION AGENTS",54,233,23.18
Acinetobacter baumannii,2017,1,6.0,"CARBAPENEMS, CEPHEMS, FLUOROQUINOLONES, β-LACTAM COMBINATION AGENTS",14,233,6.01
Acinetobacter baumannii,2017,1,6.0,"CARBAPENEMS, CEPHEMS, FLUOROQUINOLONES, FOLATE PATHWAY ANTAGONISTS, β-LACTAM COMBINATION AGENTS",11,233,4.72
Acinetobacter baumannii,2017,1,6.0,"CARBAPENEMS, CEPHEMS, FOLATE PATHWAY ANTAGONISTS, β-LACTAM COMBINATION AGENTS",1,233,0.43
Acinetobacter baumannii,2017,2,6.0,"AMINOGLYCOSIDES, CARBAPENEMS, CEPHEMS, FLUOROQUINOLONES, FOLATE PATHWAY ANTAGONISTS, β-LACTAM COMBINATION AGENTS",110,180,61.11
Acinetobacter baumannii,2017,2,6.0,"AMINOGLYCOSIDES, CARBAPENEMS, CEPHEMS, FLUOROQUINOLONES, β-LACTAM COMBINATION AGENTS",39,180,21.67
Acinetobacter baumannii,2017,2,6.0,"CARBAPENEMS, CEPHEMS, FLUOROQUINOLONES, β-LACTAM COMBINATION AGENTS",11,180,6.11
Acinetobacter baumannii,2017,2,6.0,"CARBAPENEMS, CEPHEMS, FLUOROQUINOLONES, FOLATE PATHWAY ANTAGONISTS, β-LACTAM COMBINATION AGENTS",10,180,5.56
Acinetobacter baumannii,2017,2,6.0,"CARBAPENEMS, CEPHEMS, FOLATE PATHWAY ANTAGONISTS, β-LACTAM COMBINATION AGENTS",2,180,1.11
Acinetobacter baumannii,2017,3,6.0,"AMINOGLYCOSIDES, CARBAPENEMS, CEPHEMS, FLUOROQUINOLONES, FOLATE PATHWAY ANTAGONISTS, β-LACTAM COMBINATION AGENTS",75,130,57.69
Acinetobacter baumannii,2017,3,6.0,"AMINOGLYCOSIDES, CARBAPENEMS, CEPHEMS, FLUOROQUINOLONES, β-LACTAM COMBINATION AGENTS",25,130,19.23
Acinetobacter baumannii,2017,3,6.0,"CARBAPENEMS, CEPHEMS, FLUOROQUINOLONES, β-LACTAM COMBINATION AGENTS",14,130,10.77
Acinetobacter baumannii,2017,3,6.0,"CARBAPENEMS, CEPHEMS, FLUOROQUINOLONES, FOLATE PATHWAY ANTAGONISTS, β-LACTAM COMBINATION AGENTS",9,130,6.92
Acinetobacter baumannii,2017,4,6.0,"AMINOGLYCOSIDES, CARBAPENEMS, CEPHEMS, FLUOROQUINOLONES, FOLATE PATHWAY ANTAGONISTS, β-LACTAM COMBINATION AGENTS",120,218,55.05
Acinetobacter baumannii,2017,4,6.0,"AMINOGLYCOSIDES, CARBAPENEMS, CEPHEMS, FLUOROQUINOLONES, β-LACTAM COMBINATION AGENTS",44,218,20.18
Acinetobacter baumannii,2017,4,6.0,"CARBAPENEMS, CEPHEMS, FLUOROQUINOLONES, β-LACTAM COMBINATION AGENTS",29,218,13.3
Acinetobacter baumannii,2017,4,6.0,"CARBAPENEMS, CEPHEMS, FLUOROQUINOLONES, FOLATE PATHWAY ANTAGONISTS, β-LACTAM COMBINATION AGENTS",11,218,5.05
Acinetobacter baumannii,2017,4,6.0,"CARBAPENEMS, CEPHEMS, FOLATE PATHWAY ANTAGONISTS, β-LACTAM COMBINATION AGENTS",1,218,0.46
Acinetobacter baumannii,2017,5,6.0,"AMINOGLYCOSIDES, CARBAPENEMS, CEPHEMS, FLUOROQUINOLONES, FOLATE PATHWAY ANTAGONISTS, β-LACTAM COMBINATION AGENTS",116,212,54.72
Acinetobacter baumannii,2017,5,6.0,"AMINOGLYCOSIDES, CARBAPENEMS, CEPHEMS, FLUOROQUINOLONES, β-LACTAM COMBINATION AGENTS",43,212,20.28
Acinetobacter baumannii,2017,5,6.0,"CARBAPENEMS, CEPHEMS, FLUOROQUINOLONES, β-LACTAM COMBINATION AGENTS",29,212,13.68
Acinetobacter baumannii,2017,5,6.0,"CARBAPENEMS, CEPHEMS, FLUOROQUINOLONES, FOLATE PATHWAY ANTAGONISTS, β-LACTAM COMBINATION AGENTS",10,212,4.72
Acinetobacter baumannii,2017,5,6.0,"CARBAPENEMS, CEPHEMS, FOLATE PATHWAY ANTAGONISTS, β-LACTAM COMBINATION AGENTS",1,212,0.47
Acinetobacter baumannii,2017,6,6.0,"AMINOGLYCOSIDES, CARBAPENEMS, CEPHEMS, FLUOROQUINOLONES, FOLATE PATHWAY ANTAGONISTS, β-LACTAM COMBINATION AGENTS",101,185,54.59
Acinetobacter baumannii,2017,6,6.0,"AMINOGLYCOSIDES, CARBAPENEMS, CEPHEMS, FLUOROQUINOLONES, β-LACTAM COMBINATION AGENTS",55,185,29.73
Acinetobacter baumannii,2017,6,6.0,"CARBAPENEMS, CEPHEMS, FLUOROQUINOLONES, β-LACTAM COMBINATION AGENTS",10,185,5.41
Acinetobacter baumannii,2017,6,6.0,"CARBAPENEMS, CEPHEMS, FLUOROQUINOLONES, FOLATE PATHWAY ANTAGONISTS, β-LACTAM COMBINATION AGENTS",9,185,4.86
Acinetobacter baumannii,2017,6,6.0,"CARBAPENEMS, CEPHEMS, FOLATE PATHWAY ANTAGONISTS, β-LACTAM COMBINATION AGENTS",1,185,0.54
Acinetobacter baumannii,2017,7,6.0,"AMINOGLYCOSIDES, CARBAPENEMS, CEPHEMS, FLUOROQUINOLONES, FOLATE PATHWAY ANTAGONISTS, β-LACTAM COMBINATION AGENTS",105,203,51.72
Acinetobacter baumannii,2017,7,6.0,"AMINOGLYCOSIDES, CARBAPENEMS, CEPHEMS, FLUOROQUINOLONES, β-LACTAM COMBINATION AGENTS",55,203,27.09
Acinetobacter baumannii,2017,7,6.0,"CARBAPENEMS, CEPHEMS, FLUOROQUINOLONES, β-LACTAM COMBINATION AGENTS",14,203,6.9
Acinetobacter baumannii,2017,7,6.0,"CARBAPENEMS, CEPHEMS, FLUOROQUINOLONES, FOLATE PATHWAY ANTAGONISTS, β-LACTAM COMBINATION AGENTS",10,203,4.93
Acinetobacter baumannii,2017,7,6.0,"CARBAPENEMS, CEPHEMS, FOLATE PATHWAY ANTAGONISTS, β-LACTAM COMBINATION AGENTS",6,203,2.96
Acinetobacter baumannii,2017,8,6.0,"AMINOGLYCOSIDES, CARBAPENEMS, CEPHEMS, FLUOROQUINOLONES, FOLATE PATHWAY ANTAGONISTS, β-LACTAM COMBINATION AGENTS",120,232,51.72
Acinetobacter baumannii,2017,8,6.0,"AMINOGLYCOSIDES, CARBAPENEMS, CEPHEMS, FLUOROQUINOLONES, β-LACTAM COMBINATION AGENTS",62,232,26.72
Acinetobacter baumannii,2017,8,6.0,"CARBAPENEMS, CEPHEMS, FLUOROQUINOLONES, β-LACTAM COMBINATION AGENTS",23,232,9.91
Acinetobacter baumannii,2017,8,6.0,"CARBAPENEMS, CEPHEMS, FLUOROQUINOLONES, FOLATE PATHWAY ANTAGONISTS, β-LACTAM COMBINATION AGENTS",7,232,3.02
Acinetobacter baumannii,2017,8,6.0,"CARBAPENEMS, CEPHEMS, FOLATE PATHWAY ANTAGONISTS, β-LACTAM COMBINATION AGENTS",4,232,1.72
Acinetobacter baumannii,2017,9,6.0,"AMINOGLYCOSIDES, CARBAPENEMS, CEPHEMS, FLUOROQUINOLONES, FOLATE PATHWAY ANTAGONISTS, β-LACTAM COMBINATION AGENTS",136,236,57.63
Acinetobacter baumannii,2017,9,6.0,"AMINOGLYCOSIDES, CARBAPENEMS, CEPHEMS, FLUOROQUINOLONES, β-LACTAM COMBINATION AGENTS",64,236,27.12
Acinetobacter baumannii,2017,9,6.0,"CARBAPENEMS, CEPHEMS, FLUOROQUINOLONES, β-LACTAM COMBINATION AGENTS",10,236,4.24
Acinetobacter baumannii,2017,9,6.0,"CARBAPENEMS, CEPHEMS, FLUOROQUINOLONES, FOLATE PATHWAY ANTAGONISTS, β-LACTAM COMBINATION AGENTS",6,236,2.54
Acinetobacter baumannii,2017,9,6.0,"CARBAPENEMS, CEPHEMS, FOLATE PATHWAY ANTAGONISTS, β-LACTAM COMBINATION AGENTS",2,236,0.85
Acinetobacter baumannii,2017,10,6.0,"AMINOGLYCOSIDES, CARBAPENEMS, CEPHEMS, FLUOROQUINOLONES, FOLATE PATHWAY ANTAGONISTS, β-LACTAM COMBINATION AGENTS",111,189,58.73
Acinetobacter baumannii,2017,10,6.0,"AMINOGLYCOSIDES, CARBAPENEMS, CEPHEMS, FLUOROQUINOLONES, β-LACTAM COMBINATION AGENTS",46,189,24.34
Acinetobacter baumannii,2017,10,6.0,"CARBAPENEMS, CEPHEMS, FLUOROQUINOLONES, β-LACTAM COMBINATION AGENTS",14,189,7.41
Acinetobacter baumannii,2017,10,6.0,"CARBAPENEMS, CEPHEMS, FLUOROQUINOLONES, FOLATE PATHWAY ANTAGONISTS, β-LACTAM COMBINATION AGENTS",8,189,4.23
Acinetobacter baumannii,2017,10,6.0,"CARBAPENEMS, CEPHEMS, FOLATE PATHWAY ANTAGONISTS, β-LACTAM COMBINATION AGENTS",1,189,0.53
Acinetobacter baumannii,2017,11,6.0,"AMINOGLYCOSIDES, CARBAPENEMS, CEPHEMS, FLUOROQUINOLONES, FOLATE PATHWAY ANTAGONISTS, β-LACTAM COMBINATION AGENTS",103,168,61.31
Acinetobacter baumannii,2017,11,6.0,"AMINOGLYCOSIDES, CARBAPENEMS, CEPHEMS, FLUOROQUINOLONES, β-LACTAM COMBINATION AGENTS",31,168,18.45
Acinetobacter baumannii,2017,11,6.0,"CARBAPENEMS, CEPHEMS, FLUOROQUINOLONES, β-LACTAM COMBINATION AGENTS",15,168,8.93
Acinetobacter baumannii,2017,11,6.0,"CARBAPENEMS, CEPHEMS, FLUOROQUINOLONES, FOLATE PATHWAY ANTAGONISTS, β-LACTAM COMBINATION AGENTS",11,168,6.55
Acinetobacter baumannii,2017,12,6.0,"AMINOGLYCOSIDES, CARBAPENEMS, CEPHEMS, FLUOROQUINOLONES, FOLATE PATHWAY ANTAGONISTS, β-LACTAM COMBINATION AGENTS",60,106,56.6
Acinetobacter baumannii,2017,12,6.0,"AMINOGLYCOSIDES, CARBAPENEMS, CEPHEMS, FLUOROQUINOLONES, β-LACTAM COMBINATION AGENTS",19,106,17.92
Acinetobacter baumannii,2017,12,6.0,"CARBAPENEMS, CEPHEMS, FLUOROQUINOLONES, β-LACTAM COMBINATION AGENTS",10,106,9.43
Acinetobacter baumannii,2017,12,6.0,"CARBAPENEMS, CEPHEMS, FLUOROQUINOLONES, FOLATE PATHWAY ANTAGONISTS, β-LACTAM COMBINATION AGENTS",7,106,6.6
Acinetobacter baumannii,2018,1,6.0,"AMINOGLYCOSIDES, CARBAPENEMS, CEPHEMS, FLUOROQUINOLONES, FOLATE PATHWAY ANTAGONISTS, β-LACTAM COMBINATION AGENTS",67,125,53.6
Acinetobacter baumannii,2018,1,6.0,"AMINOGLYCOSIDES, CARBAPENEMS, CEPHEMS, FLUOROQUINOLONES, β-LACTAM COMBINATION AGENTS",31,125,24.8
Acinetobacter baumannii,2018,1,6.0,"CARBAPENEMS, CEPHEMS, FLUOROQUINOLONES, β-LACTAM COMBINATION AGENTS",16,125,12.8
Acinetobacter baumannii,2018,1,6.0,"CARBAPENEMS, CEPHEMS, FLUOROQUINOLONES, FOLATE PATHWAY ANTAGONISTS, β-LACTAM COMBINATION AGENTS",4,125,3.2
Acinetobacter baumannii,2018,2,6.0,"AMINOGLYCOSIDES, CARBAPENEMS, CEPHEMS, FLUOROQUINOLONES, FOLATE PATHWAY ANTAGONISTS, β-LACTAM COMBINATION AGENTS",74,138,53.62
Acinetobacter baumannii,2018,2,6.0,"AMINOGLYCOSIDES, CARBAPENEMS, CEPHEMS, FLUOROQUINOLONES, β-LACTAM COMBINATION AGENTS",43,138,31.16
Acinetobacter baumannii,2018,2,6.0,"CARBAPENEMS, CEPHEMS, FLUOROQUINOLONES, β-LACTAM COMBINATION AGENTS",8,138,5.8
Acinetobacter baumannii,2018,2,6.0,"CARBAPENEMS, CEPHEMS, FLUOROQUINOLONES, FOLATE PATHWAY ANTAGONISTS, β-LACTAM COMBINATION AGENTS",3,138,2.17
Acinetobacter baumannii,2018,2,6.0,"CARBAPENEMS, CEPHEMS, FOLATE PATHWAY ANTAGONISTS, β-LACTAM COMBINATION AGENTS",2,138,1.45
Acinetobacter baumannii,2018,3,6.0,"AMINOGLYCOSIDES, CARBAPENEMS, CEPHEMS, FLUOROQUINOLONES, FOLATE PATHWAY ANTAGONISTS, β-LACTAM COMBINATION AGENTS",120,209,57.42
Acinetobacter baumannii,2018,3,6.0,"AMINOGLYCOSIDES, CARBAPENEMS, CEPHEMS, FLUOROQUINOLONES, β-LACTAM COMBINATION AGENTS",61,209,29.19
Acinetobacter baumannii,2018,3,6.0,"CARBAPENEMS, CEPHEMS, FLUOROQUINOLONES, β-LACTAM COMBINATION AGENTS",7,209,3.35
Acinetobacter baumannii,2018,3,6.0,"CARBAPENEMS, CEPHEMS, FLUOROQUINOLONES, FOLATE PATHWAY ANTAGONISTS, β-LACTAM COMBINATION AGENTS",6,209,2.87
Acinetobacter baumannii,2018,4,6.0,"AMINOGLYCOSIDES, CARBAPENEMS, CEPHEMS, FLUOROQUINOLONES, FOLATE PATHWAY ANTAGONISTS, β-LACTAM COMBINATION AGENTS",117,219,53.42
Acinetobacter baumannii,2018,4,6.0,"AMINOGLYCOSIDES, CARBAPENEMS, CEPHEMS, FLUOROQUINOLONES, β-LACTAM COMBINATION AGENTS",52,219,23.74
Acinetobacter baumannii,2018,4,6.0,"CARBAPENEMS, CEPHEMS, FLUOROQUINOLONES, β-LACTAM COMBINATION AGENTS",29,219,13.24
Acinetobacter baumannii,2018,4,6.0,"CARBAPENEMS, CEPHEMS, FLUOROQUINOLONES, FOLATE PATHWAY ANTAGONISTS, β-LACTAM COMBINATION AGENTS",8,219,3.65
Acinetobacter baumannii,2018,4,6.0,"CARBAPENEMS, CEPHEMS, FOLATE PATHWAY ANTAGONISTS, β-LACTAM COMBINATION AGENTS",1,219,0.46
Acinetobacter baumannii,2018,5,6.0,"AMINOGLYCOSIDES, CARBAPENEMS, CEPHEMS, FLUOROQUINOLONES, FOLATE PATHWAY ANTAGONISTS, β-LACTAM COMBINATION AGENTS",140,243,57.61
Acinetobacter baumannii,2018,5,6.0,"AMINOGLYCOSIDES, CARBAPENEMS, CEPHEMS, FLUOROQUINOLONES, β-LACTAM COMBINATION AGENTS",46,243,18.93
Acinetobacter baumannii,2018,5,6.0,"CARBAPENEMS, CEPHEMS, FLUOROQUINOLONES, β-LACTAM COMBINATION AGENTS",32,243,13.17
Acinetobacter baumannii,2018,5,6.0,"CARBAPENEMS, CEPHEMS, FLUOROQUINOLONES, FOLATE PATHWAY ANTAGONISTS, β-LACTAM COMBINATION AGENTS",9,243,3.7
Acinetobacter baumannii,2018,5,6.0,"CARBAPENEMS, CEPHEMS, FOLATE PATHWAY ANTAGONISTS, β-LACTAM COMBINATION AGENTS",1,243,0.41
Acinetobacter baumannii,2018,6,6.0,"AMINOGLYCOSIDES, CARBAPENEMS, CEPHEMS, FLUOROQUINOLONES, FOLATE PATHWAY ANTAGONISTS, β-LACTAM COMBINATION AGENTS",122,194,62.89
Acinetobacter baumannii,2018,6,6.0,"AMINOGLYCOSIDES, CARBAPENEMS, CEPHEMS, FLUOROQUINOLONES, β-LACTAM COMBINATION AGENTS",37,194,19.07
Acinetobacter baumannii,2018,6,6.0,"CARBAPENEMS, CEPHEMS, FLUOROQUINOLONES, β-LACTAM COMBINATION AGENTS",19,194,9.79
Acinetobacter baumannii,2018,6,6.0,"CARBAPENEMS, CEPHEMS, FLUOROQUINOLONES, FOLATE PATHWAY ANTAGONISTS, β-LACTAM COMBINATION AGENTS",9,194,4.64
Acinetobacter baumannii,2018,6,6.0,"CARBAPENEMS, CEPHEMS, FOLATE PATHWAY ANTAGONISTS, β-LACTAM COMBINATION AGENTS",2,194,1.03
Acinetobacter baumannii,2018,7,6.0,"AMINOGLYCOSIDES, CARBAPENEMS, CEPHEMS, FLUOROQUINOLONES, FOLATE PATHWAY ANTAGONISTS, β-LACTAM COMBINATION AGENTS",110,202,54.46
Acinetobacter baumannii,2018,7,6.0,"AMINOGLYCOSIDES, CARBAPENEMS, CEPHEMS, FLUOROQUINOLONES, β-LACTAM COMBINATION AGENTS",54,202,26.73
Acinetobacter baumannii,2018,7,6.0,"CARBAPENEMS, CEPHEMS, FLUOROQUINOLONES, β-LACTAM COMBINATION AGENTS",23,202,11.39
Acinetobacter baumannii,2018,7,6.0,"CARBAPENEMS, CEPHEMS, FLUOROQUINOLONES, FOLATE PATHWAY ANTAGONISTS, β-LACTAM COMBINATION AGENTS",7,202,3.47
Acinetobacter baumannii,2018,7,6.0,"CARBAPENEMS, CEPHEMS, FOLATE PATHWAY ANTAGONISTS, β-LACTAM COMBINATION AGENTS",1,202,0.5
Acinetobacter baumannii,2018,8,6.0,"AMINOGLYCOSIDES, CARBAPENEMS, CEPHEMS, FLUOROQUINOLONES, FOLATE PATHWAY ANTAGONISTS, β-LACTAM COMBINATION AGENTS",134,213,62.91
Acinetobacter baumannii,2018,8,6.0,"AMINOGLYCOSIDES, CARBAPENEMS, CEPHEMS, FLUOROQUINOLONES, β-LACTAM COMBINATION AGENTS",48,213,22.54
Acinetobacter baumannii,2018,8,6.0,"CARBAPENEMS, CEPHEMS, FLUOROQUINOLONES, β-LACTAM COMBINATION AGENTS",8,213,3.76
Acinetobacter baumannii,2018,8,6.0,"CARBAPENEMS, CEPHEMS, FLUOROQUINOLONES, FOLATE PATHWAY ANTAGONISTS, β-LACTAM COMBINATION AGENTS",6,213,2.82
Acinetobacter baumannii,2018,8,6.0,"CARBAPENEMS, CEPHEMS, FOLATE PATHWAY ANTAGONISTS, β-LACTAM COMBINATION AGENTS",2,213,0.94
Acinetobacter baumannii,2018,9,6.0,"AMINOGLYCOSIDES, CARBAPENEMS, CEPHEMS, FLUOROQUINOLONES, FOLATE PATHWAY ANTAGONISTS, β-LACTAM COMBINATION AGENTS",103,196,52.55
Acinetobacter baumannii,2018,9,6.0,"AMINOGLYCOSIDES, CARBAPENEMS, CEPHEMS, FLUOROQUINOLONES, β-LACTAM COMBINATION AGENTS",35,196,17.86
Acinetobacter baumannii,2018,9,6.0,"CARBAPENEMS, CEPHEMS, FLUOROQUINOLONES, β-LACTAM COMBINATION AGENTS",29,196,14.8
Acinetobacter baumannii,2018,9,6.0,"CARBAPENEMS, CEPHEMS, FLUOROQUINOLONES, FOLATE PATHWAY ANTAGONISTS, β-LACTAM COMBINATION AGENTS",10,196,5.1
Acinetobacter baumannii,2018,10,6.0,"AMINOGLYCOSIDES, CARBAPENEMS, CEPHEMS, FLUOROQUINOLONES, FOLATE PATHWAY ANTAGONISTS, β-LACTAM COMBINATION AGENTS",135,214,63.08
Acinetobacter baumannii,2018,10,6.0,"AMINOGLYCOSIDES, CARBAPENEMS, CEPHEMS, FLUOROQUINOLONES, β-LACTAM COMBINATION AGENTS",33,214,15.42
Acinetobacter baumannii,2018,10,6.0,"CARBAPENEMS, CEPHEMS, FLUOROQUINOLONES, β-LACTAM COMBINATION AGENTS",23,214,10.75
Acinetobacter baumannii,2018,10,6.0,"CARBAPENEMS, CEPHEMS, FLUOROQUINOLONES, FOLATE PATHWAY ANTAGONISTS, β-LACTAM COMBINATION AGENTS",7,214,3.27
Acinetobacter baumannii,2018,10,6.0,"CARBAPENEMS, CEPHEMS, FOLATE PATHWAY ANTAGONISTS, β-LACTAM COMBINATION AGENTS",1,214,0.47
Acinetobacter baumannii,2018,11,6.0,"AMINOGLYCOSIDES, CARBAPENEMS, CEPHEMS, FLUOROQUINOLONES, FOLATE PATHWAY ANTAGONISTS, β-LACTAM COMBINATION AGENTS",130,186,69.89
Acinetobacter baumannii,2018,11,6.0,"AMINOGLYCOSIDES, CARBAPENEMS, CEPHEMS, FLUOROQUINOLONES, β-LACTAM COMBINATION AGENTS",20,186,10.75
Acinetobacter baumannii,2018,11,6.0,"CARBAPENEMS, CEPHEMS, FLUOROQUINOLONES, β-LACTAM COMBINATION AGENTS",20,186,10.75
Acinetobacter baumannii,2018,11,6.0,"CARBAPENEMS, CEPHEMS, FLUOROQUINOLONES, FOLATE PATHWAY ANTAGONISTS, β-LACTAM COMBINATION AGENTS",7,186,3.76
Acinetobacter baumannii,2018,11,6.0,"CARBAPENEMS, CEPHEMS, FOLATE PATHWAY ANTAGONISTS, β-LACTAM COMBINATION AGENTS",1,186,0.54
Acinetobacter baumannii,2018,12,6.0,"AMINOGLYCOSIDES, CARBAPENEMS, CEPHEMS, FLUOROQUINOLONES, FOLATE PATHWAY ANTAGONISTS, β-LACTAM COMBINATION AGENTS",93,162,57.41
Acinetobacter baumannii,2018,12,6.0,"AMINOGLYCOSIDES, CARBAPENEMS, CEPHEMS, FLUOROQUINOLONES, β-LACTAM COMBINATION AGENTS",26,162,16.05
Acinetobacter baumannii,2018,12,6.0,"CARBAPENEMS, CEPHEMS, FLUOROQUINOLONES, β-LACTAM COMBINATION AGENTS",21,162,12.96
Acinetobacter baumannii,2018,12,6.0,"CARBAPENEMS, CEPHEMS, FLUOROQUINOLONES, FOLATE PATHWAY ANTAGONISTS, β-LACTAM COMBINATION AGENTS",10,162,6.17
Acinetobacter baumannii,2018,12,6.0,"CARBAPENEMS, CEPHEMS, FOLATE PATHWAY ANTAGONISTS, β-LACTAM COMBINATION AGENTS",2,162,1.23
Acinetobacter baumannii,2019,1,6.0,"AMINOGLYCOSIDES, CARBAPENEMS, CEPHEMS, FLUOROQUINOLONES, FOLATE PATHWAY ANTAGONISTS, β-LACTAM COMBINATION AGENTS",119,192,61.98
Acinetobacter baumannii,2019,1,6.0,"AMINOGLYCOSIDES, CARBAPENEMS, CEPHEMS, FLUOROQUINOLONES, β-LACTAM COMBINATION AGENTS",29,192,15.1
Acinetobacter baumannii,2019,1,6.0,"CARBAPENEMS, CEPHEMS, FLUOROQUINOLONES, β-LACTAM COMBINATION AGENTS",21,192,10.94
Acinetobacter baumannii,2019,1,6.0,"CARBAPENEMS, CEPHEMS, FLUOROQUINOLONES, FOLATE PATHWAY ANTAGONISTS, β-LACTAM COMBINATION AGENTS",8,192,4.17
Acinetobacter baumannii,2019,1,6.0,"CARBAPENEMS, CEPHEMS, FOLATE PATHWAY ANTAGONISTS, β-LACTAM COMBINATION AGENTS",7,192,3.65
Acinetobacter baumannii,2019,2,6.0,"AMINOGLYCOSIDES, CARBAPENEMS, CEPHEMS, FLUOROQUINOLONES, FOLATE PATHWAY ANTAGONISTS, β-LACTAM COMBINATION AGENTS",104,192,54.17
Acinetobacter baumannii,2019,2,6.0,"AMINOGLYCOSIDES, CARBAPENEMS, CEPHEMS, FLUOROQUINOLONES, β-LACTAM COMBINATION AGENTS",42,192,21.88
Acinetobacter baumannii,2019,2,6.0,"CARBAPENEMS, CEPHEMS, FLUOROQUINOLONES, β-LACTAM COMBINATION AGENTS",20,192,10.42
Acinetobacter baumannii,2019,2,6.0,"CARBAPENEMS, CEPHEMS, FLUOROQUINOLONES, FOLATE PATHWAY ANTAGONISTS, β-LACTAM COMBINATION AGENTS",6,192,3.12
Acinetobacter baumannii,2019,2,6.0,"CARBAPENEMS, CEPHEMS, FOLATE PATHWAY ANTAGONISTS, β-LACTAM COMBINATION AGENTS",3,192,1.56
Acinetobacter baumannii,2019,3,6.0,"AMINOGLYCOSIDES, CARBAPENEMS, CEPHEMS, FLUOROQUINOLONES, FOLATE PATHWAY ANTAGONISTS, β-LACTAM COMBINATION AGENTS",116,191,60.73
Acinetobacter baumannii,2019,3,6.0,"AMINOGLYCOSIDES, CARBAPENEMS, CEPHEMS, FLUOROQUINOLONES, β-LACTAM COMBINATION AGENTS",32,191,16.75
Acinetobacter baumannii,2019,3,6.0,"CARBAPENEMS, CEPHEMS, FLUOROQUINOLONES, β-LACTAM COMBINATION AGENTS",12,191,6.28
Acinetobacter baumannii,2019,3,6.0,"CARBAPENEMS, CEPHEMS, FLUOROQUINOLONES, FOLATE PATHWAY ANTAGONISTS, β-LACTAM COMBINATION AGENTS",6,191,3.14
Acinetobacter baumannii,2019,3,6.0,"CARBAPENEMS, CEPHEMS, FOLATE PATHWAY ANTAGONISTS, β-LACTAM COMBINATION AGENTS",1,191,0.52
Acinetobacter baumannii,2019,4,6.0,"AMINOGLYCOSIDES, CARBAPENEMS, CEPHEMS, FLUOROQUINOLONES, FOLATE PATHWAY ANTAGONISTS, β-LACTAM COMBINATION AGENTS",109,166,65.66
Acinetobacter baumannii,2019,4,6.0,"AMINOGLYCOSIDES, CARBAPENEMS, CEPHEMS, FLUOROQUINOLONES, β-LACTAM COMBINATION AGENTS",18,166,10.84
Acinetobacter baumannii,2019,4,6.0,"CARBAPENEMS, CEPHEMS, FLUOROQUINOLONES, β-LACTAM COMBINATION AGENTS",16,166,9.64
Acinetobacter baumannii,2019,4,6.0,"CARBAPENEMS, CEPHEMS, FLUOROQUINOLONES, FOLATE PATHWAY ANTAGONISTS, β-LACTAM COMBINATION AGENTS",6,166,3.61
Acinetobacter baumannii,2019,4,6.0,"CARBAPENEMS, CEPHEMS, FOLATE PATHWAY ANTAGONISTS, β-LACTAM COMBINATION AGENTS",4,166,2.41
Acinetobacter baumannii,2019,5,6.0,"AMINOGLYCOSIDES, CARBAPENEMS, CEPHEMS, FLUOROQUINOLONES, FOLATE PATHWAY ANTAGONISTS, β-LACTAM COMBINATION AGENTS",118,178,66.29
Acinetobacter baumannii,2019,5,6.0,"AMINOGLYCOSIDES, CARBAPENEMS, CEPHEMS, FLUOROQUINOLONES, β-LACTAM COMBINATION AGENTS",23,178,12.92
Acinetobacter baumannii,2019,5,6.0,"CARBAPENEMS, CEPHEMS, FLUOROQUINOLONES, β-LACTAM COMBINATION AGENTS",12,178,6.74
Acinetobacter baumannii,2019,5,6.0,"CARBAPENEMS, CEPHEMS, FLUOROQUINOLONES, FOLATE PATHWAY ANTAGONISTS, β-LACTAM COMBINATION AGENTS",7,178,3.93
Acinetobacter baumannii,2019,5,6.0,"CARBAPENEMS, CEPHEMS, FOLATE PATHWAY ANTAGONISTS, β-LACTAM COMBINATION AGENTS",1,178,0.56
Acinetobacter baumannii,2019,6,6.0,"AMINOGLYCOSIDES, CARBAPENEMS, CEPHEMS, FLUOROQUINOLONES, FOLATE PATHWAY ANTAGONISTS, β-LACTAM COMBINATION AGENTS",84,139,60.43
Acinetobacter baumannii,2019,6,6.0,"AMINOGLYCOSIDES, CARBAPENEMS, CEPHEMS, FLUOROQUINOLONES, β-LACTAM COMBINATION AGENTS",24,139,17.27
Acinetobacter baumannii,2019,6,6.0,"CARBAPENEMS, CEPHEMS, FLUOROQUINOLONES, FOLATE PATHWAY ANTAGONISTS, β-LACTAM COMBINATION AGENTS",7,139,5.04
Acinetobacter baumannii,2019,6,6.0,"CARBAPENEMS, CEPHEMS, FLUOROQUINOLONES, β-LACTAM COMBINATION AGENTS",4,139,2.88
Acinetobacter baumannii,2019,6,6.0,"CARBAPENEMS, CEPHEMS, FOLATE PATHWAY ANTAGONISTS, β-LACTAM COMBINATION AGENTS",1,139,0.72
Acinetobacter baumannii,2019,7,6.0,"AMINOGLYCOSIDES, CARBAPENEMS, CEPHEMS, FLUOROQUINOLONES, FOLATE PATHWAY ANTAGONISTS, β-LACTAM COMBINATION AGENTS",108,163,66.26
Acinetobacter baumannii,2019,7,6.0,"CARBAPENEMS, CEPHEMS, FLUOROQUINOLONES, β-LACTAM COMBINATION AGENTS",23,163,14.11
Acinetobacter baumannii,2019,7,6.0,"AMINOGLYCOSIDES, CARBAPENEMS, CEPHEMS, FLUOROQUINOLONES, β-LACTAM COMBINATION AGENTS",21,163,12.88
Acinetobacter baumannii,2019,7,6.0,"CARBAPENEMS, CEPHEMS, FLUOROQUINOLONES, FOLATE PATHWAY ANTAGONISTS, β-LACTAM COMBINATION AGENTS",5,163,3.07
Acinetobacter baumannii,2019,8,6.0,"AMINOGLYCOSIDES, CARBAPENEMS, CEPHEMS, FLUOROQUINOLONES, FOLATE PATHWAY ANTAGONISTS, β-LACTAM COMBINATION AGENTS",93,138,67.39
Acinetobacter baumannii,2019,8,6.0,"AMINOGLYCOSIDES, CARBAPENEMS, CEPHEMS, FLUOROQUINOLONES, β-LACTAM COMBINATION AGENTS",21,138,15.22
Acinetobacter baumannii,2019,8,6.0,"CARBAPENEMS, CEPHEMS, FLUOROQUINOLONES, β-LACTAM COMBINATION AGENTS",8,138,5.8
Acinetobacter baumannii,2019,8,6.0,"CARBAPENEMS, CEPHEMS, FOLATE PATHWAY ANTAGONISTS, β-LACTAM COMBINATION AGENTS",3,138,2.17
Acinetobacter baumannii,2019,8,6.0,"CARBAPENEMS, CEPHEMS, FLUOROQUINOLONES, FOLATE PATHWAY ANTAGONISTS, β-LACTAM COMBINATION AGENTS",1,138,0.72
Acinetobacter baumannii,2019,9,6.0,"AMINOGLYCOSIDES, CARBAPENEMS, CEPHEMS, FLUOROQUINOLONES, FOLATE PATHWAY ANTAGONISTS, β-LACTAM COMBINATION AGENTS",72,105,68.57
Acinetobacter baumannii,2019,9,6.0,"AMINOGLYCOSIDES, CARBAPENEMS, CEPHEMS, FLUOROQUINOLONES, β-LACTAM COMBINATION AGENTS",15,105,14.29
Acinetobacter baumannii,2019,9,6.0,"CARBAPENEMS, CEPHEMS, FLUOROQUINOLONES, β-LACTAM COMBINATION AGENTS",3,105,2.86
Acinetobacter baumannii,2019,9,6.0,"CARBAPENEMS, CEPHEMS, FLUOROQUINOLONES, FOLATE PATHWAY ANTAGONISTS, β-LACTAM COMBINATION AGENTS",1,105,0.95
Acinetobacter baumannii,2019,9,6.0,"CARBAPENEMS, CEPHEMS, FOLATE PATHWAY ANTAGONISTS, β-LACTAM COMBINATION AGENTS",1,105,0.95
Acinetobacter baumannii,2019,10,6.0,"AMINOGLYCOSIDES, CARBAPENEMS, CEPHEMS, FLUOROQUINOLONES, FOLATE PATHWAY ANTAGONISTS, β-LACTAM COMBINATION AGENTS",80,140,57.14
Acinetobacter baumannii,2019,10,6.0,"AMINOGLYCOSIDES, CARBAPENEMS, CEPHEMS, FLUOROQUINOLONES, β-LACTAM COMBINATION AGENTS",32,140,22.86
Acinetobacter baumannii,2019,10,6.0,"CARBAPENEMS, CEPHEMS, FLUOROQUINOLONES, FOLATE PATHWAY ANTAGONISTS, β-LACTAM COMBINATION AGENTS",9,140,6.43
Acinetobacter baumannii,2019,10,6.0,"CARBAPENEMS, CEPHEMS, FLUOROQUINOLONES, β-LACTAM COMBINATION AGENTS",7,140,5.0
Acinetobacter baumannii,2019,11,6.0,"AMINOGLYCOSIDES, CARBAPENEMS, CEPHEMS, FLUOROQUINOLONES, FOLATE PATHWAY ANTAGONISTS, β-LACTAM COMBINATION AGENTS",53,92,57.61
Acinetobacter baumannii,2019,11,6.0,"AMINOGLYCOSIDES, CARBAPENEMS, CEPHEMS, FLUOROQUINOLONES, β-LACTAM COMBINATION AGENTS",21,92,22.83
Acinetobacter baumannii,2019,11,6.0,"CARBAPENEMS, CEPHEMS, FLUOROQUINOLONES, FOLATE PATHWAY ANTAGONISTS, β-LACTAM COMBINATION AGENTS",8,92,8.7
Acinetobacter baumannii,2019,11,6.0,"CARBAPENEMS, CEPHEMS, FLUOROQUINOLONES, β-LACTAM COMBINATION AGENTS",5,92,5.43
Acinetobacter baumannii,2019,12,6.0,"AMINOGLYCOSIDES, CARBAPENEMS, CEPHEMS, FLUOROQUINOLONES, FOLATE PATHWAY ANTAGONISTS, β-LACTAM COMBINATION AGENTS",52,80,65.0
Acinetobacter baumannii,2019,12,6.0,"AMINOGLYCOSIDES, CARBAPENEMS, CEPHEMS, FLUOROQUINOLONES, β-LACTAM COMBINATION AGENTS",18,80,22.5
Acinetobacter baumannii,2019,12,6.0,"CARBAPENEMS, CEPHEMS, FLUOROQUINOLONES, FOLATE PATHWAY ANTAGONISTS, β-LACTAM COMBINATION AGENTS",6,80,7.5
Acinetobacter baumannii,2019,12,6.0,"CARBAPENEMS, CEPHEMS, FLUOROQUINOLONES, β-LACTAM COMBINATION AGENTS",1,80,1.25
Acinetobacter baumannii,2020,1,6.0,"AMINOGLYCOSIDES, CARBAPENEMS, CEPHEMS, FLUOROQUINOLONES, FOLATE PATHWAY ANTAGONISTS, β-LACTAM COMBINATION AGENTS",146,223,65.47
Acinetobacter baumannii,2020,1,6.0,"AMINOGLYCOSIDES, CARBAPENEMS, CEPHEMS, FLUOROQUINOLONES, β-LACTAM COMBINATION AGENTS",36,223,16.14
Acinetobacter baumannii,2020,1,6.0,"CARBAPENEMS, CEPHEMS, FLUOROQUINOLONES, FOLATE PATHWAY ANTAGONISTS, β-LACTAM COMBINATION AGENTS",28,223,12.56
Acinetobacter baumannii,2020,1,6.0,"CARBAPENEMS, CEPHEMS, FLUOROQUINOLONES, β-LACTAM COMBINATION AGENTS",8,223,3.59
Acinetobacter baumannii,2020,2,6.0,"AMINOGLYCOSIDES, CARBAPENEMS, CEPHEMS, FLUOROQUINOLONES, FOLATE PATHWAY ANTAGONISTS, β-LACTAM COMBINATION AGENTS",91,154,59.09
Acinetobacter baumannii,2020,2,6.0,"AMINOGLYCOSIDES, CARBAPENEMS, CEPHEMS, FLUOROQUINOLONES, β-LACTAM COMBINATION AGENTS",28,154,18.18
Acinetobacter baumannii,2020,2,6.0,"CARBAPENEMS, CEPHEMS, FLUOROQUINOLONES, FOLATE PATHWAY ANTAGONISTS, β-LACTAM COMBINATION AGENTS",23,154,14.94
Acinetobacter baumannii,2020,2,6.0,"CARBAPENEMS, CEPHEMS, FLUOROQUINOLONES, β-LACTAM COMBINATION AGENTS",4,154,2.6
Acinetobacter baumannii,2020,2,6.0,"CARBAPENEMS, CEPHEMS, FOLATE PATHWAY ANTAGONISTS, β-LACTAM COMBINATION AGENTS",2,154,1.3
Acinetobacter baumannii,2020,3,6.0,"AMINOGLYCOSIDES, CARBAPENEMS, CEPHEMS, FLUOROQUINOLONES, FOLATE PATHWAY ANTAGONISTS, β-LACTAM COMBINATION AGENTS",95,161,59.01
Acinetobacter baumannii,2020,3,6.0,"AMINOGLYCOSIDES, CARBAPENEMS, CEPHEMS, FLUOROQUINOLONES, β-LACTAM COMBINATION AGENTS",51,161,31.68
Acinetobacter baumannii,2020,3,6.0,"CARBAPENEMS, CEPHEMS, FLUOROQUINOLONES, FOLATE PATHWAY ANTAGONISTS, β-LACTAM COMBINATION AGENTS",4,161,2.48
Acinetobacter baumannii,2020,3,6.0,"CARBAPENEMS, CEPHEMS, FLUOROQUINOLONES, β-LACTAM COMBINATION AGENTS",4,161,2.48
Acinetobacter baumannii,2020,4,6.0,"AMINOGLYCOSIDES, CARBAPENEMS, CEPHEMS, FLUOROQUINOLONES, FOLATE PATHWAY ANTAGONISTS, β-LACTAM COMBINATION AGENTS",87,135,64.44
Acinetobacter baumannii,2020,4,6.0,"AMINOGLYCOSIDES, CARBAPENEMS, CEPHEMS, FLUOROQUINOLONES, β-LACTAM COMBINATION AGENTS",29,135,21.48
Acinetobacter baumannii,2020,4,6.0,"CARBAPENEMS, CEPHEMS, FLUOROQUINOLONES, β-LACTAM COMBINATION AGENTS",9,135,6.67
Acinetobacter baumannii,2020,4,6.0,"CARBAPENEMS, CEPHEMS, FLUOROQUINOLONES, FOLATE PATHWAY ANTAGONISTS, β-LACTAM COMBINATION AGENTS",3,135,2.22
Acinetobacter baumannii,2020,4,6.0,"CARBAPENEMS, CEPHEMS, FOLATE PATHWAY ANTAGONISTS, β-LACTAM COMBINATION AGENTS",2,135,1.48
Acinetobacter baumannii,2020,5,6.0,"AMINOGLYCOSIDES, CARBAPENEMS, CEPHEMS, FLUOROQUINOLONES, FOLATE PATHWAY ANTAGONISTS, β-LACTAM COMBINATION AGENTS",120,185,64.86
Acinetobacter baumannii,2020,5,6.0,"AMINOGLYCOSIDES, CARBAPENEMS, CEPHEMS, FLUOROQUINOLONES, β-LACTAM COMBINATION AGENTS",35,185,18.92
Acinetobacter baumannii,2020,5,6.0,"CARBAPENEMS, CEPHEMS, FLUOROQUINOLONES, FOLATE PATHWAY ANTAGONISTS, β-LACTAM COMBINATION AGENTS",12,185,6.49
Acinetobacter baumannii,2020,5,6.0,"CARBAPENEMS, CEPHEMS, FLUOROQUINOLONES, β-LACTAM COMBINATION AGENTS",7,185,3.78
Acinetobacter baumannii,2020,5,6.0,"CARBAPENEMS, CEPHEMS, FOLATE PATHWAY ANTAGONISTS, β-LACTAM COMBINATION AGENTS",4,185,2.16
Acinetobacter baumannii,2020,6,6.0,"AMINOGLYCOSIDES, CARBAPENEMS, CEPHEMS, FLUOROQUINOLONES, FOLATE PATHWAY ANTAGONISTS, β-LACTAM COMBINATION AGENTS",112,165,67.88
Acinetobacter baumannii,2020,6,6.0,"AMINOGLYCOSIDES, CARBAPENEMS, CEPHEMS, FLUOROQUINOLONES, β-LACTAM COMBINATION AGENTS",23,165,13.94
Acinetobacter baumannii,2020,6,6.0,"CARBAPENEMS, CEPHEMS, FLUOROQUINOLONES, FOLATE PATHWAY ANTAGONISTS, β-LACTAM COMBINATION AGENTS",20,165,12.12
Acinetobacter baumannii,2020,6,6.0,"CARBAPENEMS, CEPHEMS, FLUOROQUINOLONES, β-LACTAM COMBINATION AGENTS",6,165,3.64
Acinetobacter baumannii,2020,6,6.0,"CARBAPENEMS, CEPHEMS, FOLATE PATHWAY ANTAGONISTS, β-LACTAM COMBINATION AGENTS",2,165,1.21
Acinetobacter baumannii,2020,7,6.0,"AMINOGLYCOSIDES, CARBAPENEMS, CEPHEMS, FLUOROQUINOLONES, FOLATE PATHWAY ANTAGONISTS, β-LACTAM COMBINATION AGENTS",73,138,52.9
Acinetobacter baumannii,2020,7,6.0,"CARBAPENEMS, CEPHEMS, FLUOROQUINOLONES, FOLATE PATHWAY ANTAGONISTS, β-LACTAM COMBINATION AGENTS",29,138,21.01
Acinetobacter baumannii,2020,7,6.0,"AMINOGLYCOSIDES, CARBAPENEMS, CEPHEMS, FLUOROQUINOLONES, β-LACTAM COMBINATION AGENTS",19,138,13.77
Acinetobacter baumannii,2020,7,6.0,"CARBAPENEMS, CEPHEMS, FLUOROQUINOLONES, β-LACTAM COMBINATION AGENTS",9,138,6.52
Acinetobacter baumannii,2020,7,6.0,"CARBAPENEMS, CEPHEMS, FOLATE PATHWAY ANTAGONISTS, β-LACTAM COMBINATION AGENTS",2,138,1.45
Acinetobacter baumannii,2020,8,6.0,"AMINOGLYCOSIDES, CARBAPENEMS, CEPHEMS, FLUOROQUINOLONES, FOLATE PATHWAY ANTAGONISTS, β-LACTAM COMBINATION AGENTS",72,127,56.69
Acinetobacter baumannii,2020,8,6.0,"CARBAPENEMS, CEPHEMS, FLUOROQUINOLONES, FOLATE PATHWAY ANTAGONISTS, β-LACTAM COMBINATION AGENTS",28,127,22.05
Acinetobacter baumannii,2020,8,6.0,"AMINOGLYCOSIDES, CARBAPENEMS, CEPHEMS, FLUOROQUINOLONES, β-LACTAM COMBINATION AGENTS",10,127,7.87
Acinetobacter baumannii,2020,8,6.0,"CARBAPENEMS, CEPHEMS, FLUOROQUINOLONES, β-LACTAM COMBINATION AGENTS",7,127,5.51
Acinetobacter baumannii,2020,8,6.0,"CARBAPENEMS, CEPHEMS, FOLATE PATHWAY ANTAGONISTS, β-LACTAM COMBINATION AGENTS",2,127,1.57
Acinetobacter baumannii,2020,9,6.0,"AMINOGLYCOSIDES, CARBAPENEMS, CEPHEMS, FLUOROQUINOLONES, FOLATE PATHWAY ANTAGONISTS, β-LACTAM COMBINATION AGENTS",114,157,72.61
Acinetobacter baumannii,2020,9,6.0,"CARBAPENEMS, CEPHEMS, FLUOROQUINOLONES, FOLATE PATHWAY ANTAGONISTS, β-LACTAM COMBINATION AGENTS",18,157,11.46
Acinetobacter baumannii,2020,9,6.0,"AMINOGLYCOSIDES, CARBAPENEMS, CEPHEMS, FLUOROQUINOLONES, β-LACTAM COMBINATION AGENTS",13,157,8.28
Acinetobacter baumannii,2020,9,6.0,"CARBAPENEMS, CEPHEMS, FLUOROQUINOLONES, β-LACTAM COMBINATION AGENTS",4,157,2.55
Acinetobacter baumannii,2020,9,6.0,"CARBAPENEMS, CEPHEMS, FOLATE PATHWAY ANTAGONISTS, β-LACTAM COMBINATION AGENTS",3,157,1.91
Acinetobacter baumannii,2020,10,6.0,"AMINOGLYCOSIDES, CARBAPENEMS, CEPHEMS, FLUOROQUINOLONES, FOLATE PATHWAY ANTAGONISTS, β-LACTAM COMBINATION AGENTS",106,148,71.62
Acinetobacter baumannii,2020,10,6.0,"CARBAPENEMS, CEPHEMS, FLUOROQUINOLONES, FOLATE PATHWAY ANTAGONISTS, β-LACTAM COMBINATION AGENTS",15,148,10.14
Acinetobacter baumannii,2020,10,6.0,"AMINOGLYCOSIDES, CARBAPENEMS, CEPHEMS, FLUOROQUINOLONES, β-LACTAM COMBINATION AGENTS",12,148,8.11
Acinetobacter baumannii,2020,10,6.0,"CARBAPENEMS, CEPHEMS, FOLATE PATHWAY ANTAGONISTS, β-LACTAM COMBINATION AGENTS",8,148,5.41
Acinetobacter baumannii,2020,10,6.0,"CARBAPENEMS, CEPHEMS, FLUOROQUINOLONES, β-LACTAM COMBINATION AGENTS",3,148,2.03
Acinetobacter baumannii,2020,11,6.0,"AMINOGLYCOSIDES, CARBAPENEMS, CEPHEMS, FLUOROQUINOLONES, FOLATE PATHWAY ANTAGONISTS, β-LACTAM COMBINATION AGENTS",101,143,70.63
Acinetobacter baumannii,2020,11,6.0,"CARBAPENEMS, CEPHEMS, FLUOROQUINOLONES, FOLATE PATHWAY ANTAGONISTS, β-LACTAM COMBINATION AGENTS",23,143,16.08
Acinetobacter baumannii,2020,11,6.0,"AMINOGLYCOSIDES, CARBAPENEMS, CEPHEMS, FLUOROQUINOLONES, β-LACTAM COMBINATION AGENTS",18,143,12.59
Acinetobacter baumannii,2020,11,6.0,"CARBAPENEMS, CEPHEMS, FLUOROQUINOLONES, β-LACTAM COMBINATION AGENTS",1,143,0.7
Acinetobacter baumannii,2020,12,6.0,"AMINOGLYCOSIDES, CARBAPENEMS, CEPHEMS, FLUOROQUINOLONES, FOLATE PATHWAY ANTAGONISTS, β-LACTAM COMBINATION AGENTS",111,158,70.25
Acinetobacter baumannii,2020,12,6.0,"CARBAPENEMS, CEPHEMS, FLUOROQUINOLONES, FOLATE PATHWAY ANTAGONISTS, β-LACTAM COMBINATION AGENTS",26,158,16.46
Acinetobacter baumannii,2020,12,6.0,"AMINOGLYCOSIDES, CARBAPENEMS, CEPHEMS, FLUOROQUINOLONES, β-LACTAM COMBINATION AGENTS",14,158,8.86
Acinetobacter baumannii,2020,12,6.0,"CARBAPENEMS, CEPHEMS, FOLATE PATHWAY ANTAGONISTS, β-LACTAM COMBINATION AGENTS",4,158,2.53
Acinetobacter baumannii,2021,1,6.0,"AMINOGLYCOSIDES, CARBAPENEMS, CEPHEMS, FLUOROQUINOLONES, FOLATE PATHWAY ANTAGONISTS, β-LACTAM COMBINATION AGENTS",9,12,75.0
Acinetobacter baumannii,2021,1,6.0,"AMINOGLYCOSIDES, CARBAPENEMS, CEPHEMS, FLUOROQUINOLONES, β-LACTAM COMBINATION AGENTS",1,12,8.33
Acinetobacter baumannii,2021,1,6.0,"CARBAPENEMS, CEPHEMS, FLUOROQUINOLONES, β-LACTAM COMBINATION AGENTS",1,12,8.33
Acinetobacter baumannii,2021,2,6.0,"AMINOGLYCOSIDES, CARBAPENEMS, CEPHEMS, FLUOROQUINOLONES, FOLATE PATHWAY ANTAGONISTS, β-LACTAM COMBINATION AGENTS",24,34,70.59
Acinetobacter baumannii,2021,2,6.0,"AMINOGLYCOSIDES, CARBAPENEMS, CEPHEMS, FLUOROQUINOLONES, β-LACTAM COMBINATION AGENTS",5,34,14.71
Acinetobacter baumannii,2021,2,6.0,"CARBAPENEMS, CEPHEMS, FLUOROQUINOLONES, β-LACTAM COMBINATION AGENTS",2,34,5.88
Acinetobacter baumannii,2021,3,6.0,"AMINOGLYCOSIDES, CARBAPENEMS, CEPHEMS, FLUOROQUINOLONES, FOLATE PATHWAY ANTAGONISTS, β-LACTAM COMBINATION AGENTS",23,28,82.14
Acinetobacter baumannii,2021,3,6.0,"AMINOGLYCOSIDES, CARBAPENEMS, CEPHEMS, FLUOROQUINOLONES, β-LACTAM COMBINATION AGENTS",3,28,10.71
Acinetobacter baumannii,2021,4,6.0,"AMINOGLYCOSIDES, CARBAPENEMS, CEPHEMS, FLUOROQUINOLONES, FOLATE PATHWAY ANTAGONISTS, β-LACTAM COMBINATION AGENTS",29,40,72.5
Acinetobacter baumannii,2021,4,6.0,"AMINOGLYCOSIDES, CARBAPENEMS, CEPHEMS, FLUOROQUINOLONES, β-LACTAM COMBINATION AGENTS",4,40,10.0
Acinetobacter baumannii,2021,4,6.0,"CARBAPENEMS, CEPHEMS, FLUOROQUINOLONES, β-LACTAM COMBINATION AGENTS",2,40,5.0
Acinetobacter baumannii,2021,4,6.0,"CARBAPENEMS, CEPHEMS, FLUOROQUINOLONES, FOLATE PATHWAY ANTAGONISTS, β-LACTAM COMBINATION AGENTS",1,40,2.5
Acinetobacter baumannii,2021,5,6.0,"AMINOGLYCOSIDES, CARBAPENEMS, CEPHEMS, FLUOROQUINOLONES, FOLATE PATHWAY ANTAGONISTS, β-LACTAM COMBINATION AGENTS",25,28,89.29
Acinetobacter baumannii,2021,5,6.0,"AMINOGLYCOSIDES, CARBAPENEMS, CEPHEMS, FLUOROQUINOLONES, β-LACTAM COMBINATION AGENTS",1,28,3.57
Acinetobacter baumannii,2021,5,6.0,"CARBAPENEMS, CEPHEMS, FLUOROQUINOLONES, β-LACTAM COMBINATION AGENTS",1,28,3.57
Acinetobacter baumannii,2021,6,6.0,"AMINOGLYCOSIDES, CARBAPENEMS, CEPHEMS, FLUOROQUINOLONES, FOLATE PATHWAY ANTAGONISTS, β-LACTAM COMBINATION AGENTS",42,47,89.36
Acinetobacter baumannii,2021,6,6.0,"AMINOGLYCOSIDES, CARBAPENEMS, CEPHEMS, FLUOROQUINOLONES, β-LACTAM COMBINATION AGENTS",3,47,6.38
Acinetobacter baumannii,2021,6,6.0,"CARBAPENEMS, CEPHEMS, FLUOROQUINOLONES, FOLATE PATHWAY ANTAGONISTS, β-LACTAM COMBINATION AGENTS",1,47,2.13
Acinetobacter baumannii,2021,6,6.0,"CARBAPENEMS, CEPHEMS, FLUOROQUINOLONES, β-LACTAM COMBINATION AGENTS",1,47,2.13
Acinetobacter baumannii,2021,7,6.0,"AMINOGLYCOSIDES, CARBAPENEMS, CEPHEMS, FLUOROQUINOLONES, FOLATE PATHWAY ANTAGONISTS, β-LACTAM COMBINATION AGENTS",55,63,87.3
Acinetobacter baumannii,2021,7,6.0,"AMINOGLYCOSIDES, CARBAPENEMS, CEPHEMS, FLUOROQUINOLONES, β-LACTAM COMBINATION AGENTS",3,63,4.76
Acinetobacter baumannii,2021,7,6.0,"CARBAPENEMS, CEPHEMS, FLUOROQUINOLONES, FOLATE PATHWAY ANTAGONISTS, β-LACTAM COMBINATION AGENTS",1,63,1.59
Acinetobacter baumannii,2021,7,6.0,"CARBAPENEMS, CEPHEMS, FLUOROQUINOLONES, β-LACTAM COMBINATION AGENTS",1,63,1.59
Acinetobacter baumannii,2021,8,6.0,"AMINOGLYCOSIDES, CARBAPENEMS, CEPHEMS, FLUOROQUINOLONES, FOLATE PATHWAY ANTAGONISTS, β-LACTAM COMBINATION AGENTS",70,78,89.74
Acinetobacter baumannii,2021,8,6.0,"AMINOGLYCOSIDES, CARBAPENEMS, CEPHEMS, FLUOROQUINOLONES, β-LACTAM COMBINATION AGENTS",4,78,5.13
Acinetobacter baumannii,2021,8,6.0,"CARBAPENEMS, CEPHEMS, FLUOROQUINOLONES, β-LACTAM COMBINATION AGENTS",3,78,3.85
Acinetobacter baumannii,2021,8,6.0,"CARBAPENEMS, CEPHEMS, FLUOROQUINOLONES, FOLATE PATHWAY ANTAGONISTS, β-LACTAM COMBINATION AGENTS",1,78,1.28
Acinetobacter baumannii,2021,9,6.0,"AMINOGLYCOSIDES, CARBAPENEMS, CEPHEMS, FLUOROQUINOLONES, FOLATE PATHWAY ANTAGONISTS, β-LACTAM COMBINATION AGENTS",68,73,93.15
Acinetobacter baumannii,2021,9,6.0,"CARBAPENEMS, CEPHEMS, FLUOROQUINOLONES, β-LACTAM COMBINATION AGENTS",2,73,2.74
Acinetobacter baumannii,2021,10,6.0,"AMINOGLYCOSIDES, CARBAPENEMS, CEPHEMS, FLUOROQUINOLONES, FOLATE PATHWAY ANTAGONISTS, β-LACTAM COMBINATION AGENTS",42,54,77.78
Acinetobacter baumannii,2021,10,6.0,"CARBAPENEMS, CEPHEMS, FLUOROQUINOLONES, β-LACTAM COMBINATION AGENTS",6,54,11.11
Acinetobacter baumannii,2021,10,6.0,"AMINOGLYCOSIDES, CARBAPENEMS, CEPHEMS, FLUOROQUINOLONES, β-LACTAM COMBINATION AGENTS",2,54,3.7
Acinetobacter baumannii,2021,10,6.0,"CARBAPENEMS, CEPHEMS, FLUOROQUINOLONES, FOLATE PATHWAY ANTAGONISTS, β-LACTAM COMBINATION AGENTS",2,54,3.7
Acinetobacter baumannii,2021,11,6.0,"AMINOGLYCOSIDES, CARBAPENEMS, CEPHEMS, FLUOROQUINOLONES, FOLATE PATHWAY ANTAGONISTS, β-LACTAM COMBINATION AGENTS",41,54,75.93
Acinetobacter baumannii,2021,11,6.0,"CARBAPENEMS, CEPHEMS, FLUOROQUINOLONES, β-LACTAM COMBINATION AGENTS",10,54,18.52
Acinetobacter baumannii,2021,11,6.0,"CARBAPENEMS, CEPHEMS, FLUOROQUINOLONES, FOLATE PATHWAY ANTAGONISTS, β-LACTAM COMBINATION AGENTS",1,54,1.85
Acinetobacter baumannii,2021,12,6.0,"AMINOGLYCOSIDES, CARBAPENEMS, CEPHEMS, FLUOROQUINOLONES, FOLATE PATHWAY ANTAGONISTS, β-LACTAM COMBINATION AGENTS",54,59,91.53
Acinetobacter baumannii,2021,12,6.0,"CARBAPENEMS, CEPHEMS, FLUOROQUINOLONES, β-LACTAM COMBINATION AGENTS",2,59,3.39
Acinetobacter baumannii,2022,1,6.0,"AMINOGLYCOSIDES, CARBAPENEMS, CEPHEMS, FLUOROQUINOLONES, FOLATE PATHWAY ANTAGONISTS, β-LACTAM COMBINATION AGENTS",143,162,88.27
Acinetobacter baumannii,2022,1,6.0,"CARBAPENEMS, CEPHEMS, FLUOROQUINOLONES, FOLATE PATHWAY ANTAGONISTS, β-LACTAM COMBINATION AGENTS",8,162,4.94
Acinetobacter baumannii,2022,1,6.0,"CARBAPENEMS, CEPHEMS, FLUOROQUINOLONES, β-LACTAM COMBINATION AGENTS",5,162,3.09
Acinetobacter baumannii,2022,1,6.0,"AMINOGLYCOSIDES, CARBAPENEMS, CEPHEMS, FLUOROQUINOLONES, β-LACTAM COMBINATION AGENTS",2,162,1.23
Acinetobacter baumannii,2022,2,6.0,"AMINOGLYCOSIDES, CARBAPENEMS, CEPHEMS, FLUOROQUINOLONES, FOLATE PATHWAY ANTAGONISTS, β-LACTAM COMBINATION AGENTS",103,118,87.29
Acinetobacter baumannii,2022,2,6.0,"CARBAPENEMS, CEPHEMS, FLUOROQUINOLONES, FOLATE PATHWAY ANTAGONISTS, β-LACTAM COMBINATION AGENTS",6,118,5.08
Acinetobacter baumannii,2022,2,6.0,"CARBAPENEMS, CEPHEMS, FLUOROQUINOLONES, β-LACTAM COMBINATION AGENTS",6,118,5.08
Acinetobacter baumannii,2022,2,6.0,"AMINOGLYCOSIDES, CARBAPENEMS, CEPHEMS, FLUOROQUINOLONES, β-LACTAM COMBINATION AGENTS",1,118,0.85
Acinetobacter baumannii,2022,2,6.0,"CARBAPENEMS, CEPHEMS, FOLATE PATHWAY ANTAGONISTS, β-LACTAM COMBINATION AGENTS",1,118,0.85
Acinetobacter baumannii,2022,3,6.0,"AMINOGLYCOSIDES, CARBAPENEMS, CEPHEMS, FLUOROQUINOLONES, FOLATE PATHWAY ANTAGONISTS, β-LACTAM COMBINATION AGENTS",109,125,87.2
Acinetobacter baumannii,2022,3,6.0,"AMINOGLYCOSIDES, CARBAPENEMS, CEPHEMS, FLUOROQUINOLONES, β-LACTAM COMBINATION AGENTS",5,125,4.0
Acinetobacter baumannii,2022,3,6.0,"CARBAPENEMS, CEPHEMS, FLUOROQUINOLONES, FOLATE PATHWAY ANTAGONISTS, β-LACTAM COMBINATION AGENTS",4,125,3.2
Acinetobacter baumannii,2022,3,6.0,"CARBAPENEMS, CEPHEMS, FLUOROQUINOLONES, β-LACTAM COMBINATION AGENTS",4,125,3.2
Acinetobacter baumannii,2022,4,6.0,"AMINOGLYCOSIDES, CARBAPENEMS, CEPHEMS, FLUOROQUINOLONES, FOLATE PATHWAY ANTAGONISTS, β-LACTAM COMBINATION AGENTS",138,171,80.7
Acinetobacter baumannii,2022,4,6.0,"CARBAPENEMS, CEPHEMS, FLUOROQUINOLONES, FOLATE PATHWAY ANTAGONISTS, β-LACTAM COMBINATION AGENTS",11,171,6.43
Acinetobacter baumannii,2022,4,6.0,"CARBAPENEMS, CEPHEMS, FLUOROQUINOLONES, β-LACTAM COMBINATION AGENTS",7,171,4.09
Acinetobacter baumannii,2022,4,6.0,"AMINOGLYCOSIDES, CARBAPENEMS, CEPHEMS, FLUOROQUINOLONES, β-LACTAM COMBINATION AGENTS",3,171,1.75
Acinetobacter baumannii,2022,5,6.0,"AMINOGLYCOSIDES, CARBAPENEMS, CEPHEMS, FLUOROQUINOLONES, FOLATE PATHWAY ANTAGONISTS, β-LACTAM COMBINATION AGENTS",132,159,83.02
Acinetobacter baumannii,2022,5,6.0,"CARBAPENEMS, CEPHEMS, FLUOROQUINOLONES, FOLATE PATHWAY ANTAGONISTS, β-LACTAM COMBINATION AGENTS",11,159,6.92
Acinetobacter baumannii,2022,5,6.0,"AMINOGLYCOSIDES, CARBAPENEMS, CEPHEMS, FLUOROQUINOLONES, β-LACTAM COMBINATION AGENTS",6,159,3.77
Acinetobacter baumannii,2022,5,6.0,"CARBAPENEMS, CEPHEMS, FLUOROQUINOLONES, β-LACTAM COMBINATION AGENTS",4,159,2.52
Acinetobacter baumannii,2022,5,6.0,"CARBAPENEMS, CEPHEMS, FOLATE PATHWAY ANTAGONISTS, β-LACTAM COMBINATION AGENTS",1,159,0.63
Acinetobacter baumannii,2022,6,6.0,"AMINOGLYCOSIDES, CARBAPENEMS, CEPHEMS, FLUOROQUINOLONES, FOLATE PATHWAY ANTAGONISTS, β-LACTAM COMBINATION AGENTS",101,139,72.66
Acinetobacter baumannii,2022,6,6.0,"CARBAPENEMS, CEPHEMS, FLUOROQUINOLONES, FOLATE PATHWAY ANTAGONISTS, β-LACTAM COMBINATION AGENTS",16,139,11.51
Acinetobacter baumannii,2022,6,6.0,"AMINOGLYCOSIDES, CARBAPENEMS, CEPHEMS, FLUOROQUINOLONES, β-LACTAM COMBINATION AGENTS",10,139,7.19
Acinetobacter baumannii,2022,6,6.0,"CARBAPENEMS, CEPHEMS, FLUOROQUINOLONES, β-LACTAM COMBINATION AGENTS",6,139,4.32
Acinetobacter baumannii,2022,6,6.0,"CARBAPENEMS, CEPHEMS, FOLATE PATHWAY ANTAGONISTS, β-LACTAM COMBINATION AGENTS",1,139,0.72
Acinetobacter baumannii,2022,7,6.0,"AMINOGLYCOSIDES, CARBAPENEMS, CEPHEMS, FLUOROQUINOLONES, FOLATE PATHWAY ANTAGONISTS, β-LACTAM COMBINATION AGENTS",100,146,68.49
Acinetobacter baumannii,2022,7,6.0,"CARBAPENEMS, CEPHEMS, FLUOROQUINOLONES, FOLATE PATHWAY ANTAGONISTS, β-LACTAM COMBINATION AGENTS",31,146,21.23
Acinetobacter baumannii,2022,7,6.0,"AMINOGLYCOSIDES, CARBAPENEMS, CEPHEMS, FLUOROQUINOLONES, β-LACTAM COMBINATION AGENTS",7,146,4.79
Acinetobacter baumannii,2022,7,6.0,"CARBAPENEMS, CEPHEMS, FLUOROQUINOLONES, β-LACTAM COMBINATION AGENTS",4,146,2.74
Acinetobacter baumannii,2022,8,6.0,"AMINOGLYCOSIDES, CARBAPENEMS, CEPHEMS, FLUOROQUINOLONES, FOLATE PATHWAY ANTAGONISTS, β-LACTAM COMBINATION AGENTS",79,125,63.2
Acinetobacter baumannii,2022,8,6.0,"CARBAPENEMS, CEPHEMS, FLUOROQUINOLONES, FOLATE PATHWAY ANTAGONISTS, β-LACTAM COMBINATION AGENTS",21,125,16.8
Acinetobacter baumannii,2022,8,6.0,"CARBAPENEMS, CEPHEMS, FLUOROQUINOLONES, β-LACTAM COMBINATION AGENTS",10,125,8.0
Acinetobacter baumannii,2022,8,6.0,"AMINOGLYCOSIDES, CARBAPENEMS, CEPHEMS, FLUOROQUINOLONES, β-LACTAM COMBINATION AGENTS",8,125,6.4
Acinetobacter baumannii,2022,8,6.0,"CARBAPENEMS, CEPHEMS, FOLATE PATHWAY ANTAGONISTS, β-LACTAM COMBINATION AGENTS",1,125,0.8
Acinetobacter baumannii,2022,9,6.0,"AMINOGLYCOSIDES, CARBAPENEMS, CEPHEMS, FLUOROQUINOLONES, FOLATE PATHWAY ANTAGONISTS, β-LACTAM COMBINATION AGENTS",63,87,72.41
Acinetobacter baumannii,2022,9,6.0,"CARBAPENEMS, CEPHEMS, FLUOROQUINOLONES, β-LACTAM COMBINATION AGENTS",10,87,11.49
Acinetobacter baumannii,2022,9,6.0,"AMINOGLYCOSIDES, CARBAPENEMS, CEPHEMS, FLUOROQUINOLONES, β-LACTAM COMBINATION AGENTS",5,87,5.75
Acinetobacter baumannii,2022,9,6.0,"CARBAPENEMS, CEPHEMS, FOLATE PATHWAY ANTAGONISTS, β-LACTAM COMBINATION AGENTS",3,87,3.45
Acinetobacter baumannii,2022,9,6.0,"CARBAPENEMS, CEPHEMS, FLUOROQUINOLONES, FOLATE PATHWAY ANTAGONISTS, β-LACTAM COMBINATION AGENTS",1,87,1.15
Acinetobacter baumannii,2022,10,6.0,"AMINOGLYCOSIDES, CARBAPENEMS, CEPHEMS, FLUOROQUINOLONES, FOLATE PATHWAY ANTAGONISTS, β-LACTAM COMBINATION AGENTS",39,53,73.58
Acinetobacter baumannii,2022,10,6.0,"CARBAPENEMS, CEPHEMS, FLUOROQUINOLONES, β-LACTAM COMBINATION AGENTS",7,53,13.21
Acinetobacter baumannii,2022,10,6.0,"AMINOGLYCOSIDES, CARBAPENEMS, CEPHEMS, FLUOROQUINOLONES, β-LACTAM COMBINATION AGENTS",3,53,5.66
Acinetobacter baumannii,2022,11,6.0,"AMINOGLYCOSIDES, CARBAPENEMS, CEPHEMS, FLUOROQUINOLONES, FOLATE PATHWAY ANTAGONISTS, β-LACTAM COMBINATION AGENTS",45,53,84.91
Acinetobacter baumannii,2022,11,6.0,"CARBAPENEMS, CEPHEMS, FLUOROQUINOLONES, β-LACTAM COMBINATION AGENTS",4,53,7.55
Acinetobacter baumannii,2022,11,6.0,"AMINOGLYCOSIDES, CARBAPENEMS, CEPHEMS, FLUOROQUINOLONES, β-LACTAM COMBINATION AGENTS",1,53,1.89
Acinetobacter baumannii,2022,11,6.0,"CARBAPENEMS, CEPHEMS, FLUOROQUINOLONES, FOLATE PATHWAY ANTAGONISTS, β-LACTAM COMBINATION AGENTS",1,53,1.89
Acinetobacter baumannii,2022,12,6.0,"AMINOGLYCOSIDES, CARBAPENEMS, CEPHEMS, FLUOROQUINOLONES, FOLATE PATHWAY ANTAGONISTS, β-LACTAM COMBINATION AGENTS",39,56,69.64
Acinetobacter baumannii,2022,12,6.0,"CARBAPENEMS, CEPHEMS, FLUOROQUINOLONES, β-LACTAM COMBINATION AGENTS",6,56,10.71
Acinetobacter baumannii,2022,12,6.0,"AMINOGLYCOSIDES, CARBAPENEMS, CEPHEMS, FLUOROQUINOLONES, β-LACTAM COMBINATION AGENTS",4,56,7.14
Acinetobacter baumannii,2022,12,6.0,"CARBAPENEMS, CEPHEMS, FLUOROQUINOLONES, FOLATE PATHWAY ANTAGONISTS, β-LACTAM COMBINATION AGENTS",1,56,1.79
Acinetobacter baumannii,2023,1,6.0,"AMINOGLYCOSIDES, CARBAPENEMS, CEPHEMS, FLUOROQUINOLONES, FOLATE PATHWAY ANTAGONISTS, β-LACTAM COMBINATION AGENTS",106,123,86.18
Acinetobacter baumannii,2023,1,6.0,"CARBAPENEMS, CEPHEMS, FLUOROQUINOLONES, FOLATE PATHWAY ANTAGONISTS, β-LACTAM COMBINATION AGENTS",9,123,7.32
Acinetobacter baumannii,2023,1,6.0,"AMINOGLYCOSIDES, CARBAPENEMS, CEPHEMS, FLUOROQUINOLONES, β-LACTAM COMBINATION AGENTS",4,123,3.25
Acinetobacter baumannii,2023,1,6.0,"CARBAPENEMS, CEPHEMS, FLUOROQUINOLONES, β-LACTAM COMBINATION AGENTS",2,123,1.63
Acinetobacter baumannii,2023,2,6.0,"AMINOGLYCOSIDES, CARBAPENEMS, CEPHEMS, FLUOROQUINOLONES, FOLATE PATHWAY ANTAGONISTS, β-LACTAM COMBINATION AGENTS",84,98,85.71
Acinetobacter baumannii,2023,2,6.0,"AMINOGLYCOSIDES, CARBAPENEMS, CEPHEMS, FLUOROQUINOLONES, β-LACTAM COMBINATION AGENTS",4,98,4.08
Acinetobacter baumannii,2023,2,6.0,"CARBAPENEMS, CEPHEMS, FLUOROQUINOLONES, β-LACTAM COMBINATION AGENTS",4,98,4.08
Acinetobacter baumannii,2023,2,6.0,"CARBAPENEMS, CEPHEMS, FLUOROQUINOLONES, FOLATE PATHWAY ANTAGONISTS, β-LACTAM COMBINATION AGENTS",3,98,3.06
Acinetobacter baumannii,2023,3,6.0,"AMINOGLYCOSIDES, CARBAPENEMS, CEPHEMS, FLUOROQUINOLONES, FOLATE PATHWAY ANTAGONISTS, β-LACTAM COMBINATION AGENTS",132,154,85.71
Acinetobacter baumannii,2023,3,6.0,"AMINOGLYCOSIDES, CARBAPENEMS, CEPHEMS, FLUOROQUINOLONES, β-LACTAM COMBINATION AGENTS",9,154,5.84
Acinetobacter baumannii,2023,3,6.0,"CARBAPENEMS, CEPHEMS, FLUOROQUINOLONES, FOLATE PATHWAY ANTAGONISTS, β-LACTAM COMBINATION AGENTS",8,154,5.19
Acinetobacter baumannii,2023,3,6.0,"CARBAPENEMS, CEPHEMS, FLUOROQUINOLONES, β-LACTAM COMBINATION AGENTS",3,154,1.95
Acinetobacter baumannii,2023,3,6.0,"CARBAPENEMS, CEPHEMS, FOLATE PATHWAY ANTAGONISTS, β-LACTAM COMBINATION AGENTS",1,154,0.65
Acinetobacter baumannii,2023,4,6.0,"AMINOGLYCOSIDES, CARBAPENEMS, CEPHEMS, FLUOROQUINOLONES, FOLATE PATHWAY ANTAGONISTS, β-LACTAM COMBINATION AGENTS",134,166,80.72
Acinetobacter baumannii,2023,4,6.0,"CARBAPENEMS, CEPHEMS, FLUOROQUINOLONES, FOLATE PATHWAY ANTAGONISTS, β-LACTAM COMBINATION AGENTS",14,166,8.43
Acinetobacter baumannii,2023,4,6.0,"AMINOGLYCOSIDES, CARBAPENEMS, CEPHEMS, FLUOROQUINOLONES, β-LACTAM COMBINATION AGENTS",11,166,6.63
Acinetobacter baumannii,2023,4,6.0,"CARBAPENEMS, CEPHEMS, FOLATE PATHWAY ANTAGONISTS, β-LACTAM COMBINATION AGENTS",2,166,1.2
Acinetobacter baumannii,2023,4,6.0,"CARBAPENEMS, CEPHEMS, FLUOROQUINOLONES, β-LACTAM COMBINATION AGENTS",1,166,0.6
Acinetobacter baumannii,2023,5,6.0,"AMINOGLYCOSIDES, CARBAPENEMS, CEPHEMS, FLUOROQUINOLONES, FOLATE PATHWAY ANTAGONISTS, β-LACTAM COMBINATION AGENTS",160,192,83.33
Acinetobacter baumannii,2023,5,6.0,"AMINOGLYCOSIDES, CARBAPENEMS, CEPHEMS, FLUOROQUINOLONES, β-LACTAM COMBINATION AGENTS",18,192,9.38
Acinetobacter baumannii,2023,5,6.0,"CARBAPENEMS, CEPHEMS, FOLATE PATHWAY ANTAGONISTS, β-LACTAM COMBINATION AGENTS",6,192,3.12
Acinetobacter baumannii,2023,5,6.0,"CARBAPENEMS, CEPHEMS, FLUOROQUINOLONES, FOLATE PATHWAY ANTAGONISTS, β-LACTAM COMBINATION AGENTS",3,192,1.56
Acinetobacter baumannii,2023,5,6.0,"CARBAPENEMS, CEPHEMS, FLUOROQUINOLONES, β-LACTAM COMBINATION AGENTS",1,192,0.52
Acinetobacter baumannii,2023,6,6.0,"AMINOGLYCOSIDES, CARBAPENEMS, CEPHEMS, FLUOROQUINOLONES, FOLATE PATHWAY ANTAGONISTS, β-LACTAM COMBINATION AGENTS",145,178,81.46
Acinetobacter baumannii,2023,6,6.0,"AMINOGLYCOSIDES, CARBAPENEMS, CEPHEMS, FLUOROQUINOLONES, β-LACTAM COMBINATION AGENTS",18,178,10.11
Acinetobacter baumannii,2023,6,6.0,"CARBAPENEMS, CEPHEMS, FLUOROQUINOLONES, FOLATE PATHWAY ANTAGONISTS, β-LACTAM COMBINATION AGENTS",9,178,5.06
Acinetobacter baumannii,2023,6,6.0,"CARBAPENEMS, CEPHEMS, FOLATE PATHWAY ANTAGONISTS, β-LACTAM COMBINATION AGENTS",2,178,1.12
Acinetobacter baumannii,2023,7,6.0,"AMINOGLYCOSIDES, CARBAPENEMS, CEPHEMS, FLUOROQUINOLONES, FOLATE PATHWAY ANTAGONISTS, β-LACTAM COMBINATION AGENTS",131,165,79.39
Acinetobacter baumannii,2023,7,6.0,"AMINOGLYCOSIDES, CARBAPENEMS, CEPHEMS, FLUOROQUINOLONES, β-LACTAM COMBINATION AGENTS",20,165,12.12
Acinetobacter baumannii,2023,7,6.0,"CARBAPENEMS, CEPHEMS, FLUOROQUINOLONES, FOLATE PATHWAY ANTAGONISTS, β-LACTAM COMBINATION AGENTS",8,165,4.85
Acinetobacter baumannii,2023,7,6.0,"CARBAPENEMS, CEPHEMS, FLUOROQUINOLONES, β-LACTAM COMBINATION AGENTS",2,165,1.21
Acinetobacter baumannii,2023,7,6.0,"CARBAPENEMS, CEPHEMS, FOLATE PATHWAY ANTAGONISTS, β-LACTAM COMBINATION AGENTS",2,165,1.21
Acinetobacter baumannii,2023,8,6.0,"AMINOGLYCOSIDES, CARBAPENEMS, CEPHEMS, FLUOROQUINOLONES, FOLATE PATHWAY ANTAGONISTS, β-LACTAM COMBINATION AGENTS",137,157,87.26
Acinetobacter baumannii,2023,8,6.0,"AMINOGLYCOSIDES, CARBAPENEMS, CEPHEMS, FLUOROQUINOLONES, β-LACTAM COMBINATION AGENTS",9,157,5.73
Acinetobacter baumannii,2023,8,6.0,"CARBAPENEMS, CEPHEMS, FLUOROQUINOLONES, FOLATE PATHWAY ANTAGONISTS, β-LACTAM COMBINATION AGENTS",6,157,3.82
Acinetobacter baumannii,2023,8,6.0,"CARBAPENEMS, CEPHEMS, FLUOROQUINOLONES, β-LACTAM COMBINATION AGENTS",3,157,1.91
Acinetobacter baumannii,2023,9,6.0,"AMINOGLYCOSIDES, CARBAPENEMS, CEPHEMS, FLUOROQUINOLONES, FOLATE PATHWAY ANTAGONISTS, β-LACTAM COMBINATION AGENTS",146,166,87.95
Acinetobacter baumannii,2023,9,6.0,"AMINOGLYCOSIDES, CARBAPENEMS, CEPHEMS, FLUOROQUINOLONES, β-LACTAM COMBINATION AGENTS",10,166,6.02
Acinetobacter baumannii,2023,9,6.0,"CARBAPENEMS, CEPHEMS, FLUOROQUINOLONES, FOLATE PATHWAY ANTAGONISTS, β-LACTAM COMBINATION AGENTS",5,166,3.01
Acinetobacter baumannii,2023,9,6.0,"CARBAPENEMS, CEPHEMS, FLUOROQUINOLONES, β-LACTAM COMBINATION AGENTS",1,166,0.6
Acinetobacter baumannii,2023,10,6.0,"AMINOGLYCOSIDES, CARBAPENEMS, CEPHEMS, FLUOROQUINOLONES, FOLATE PATHWAY ANTAGONISTS, β-LACTAM COMBINATION AGENTS",154,187,82.35
Acinetobacter baumannii,2023,10,6.0,"AMINOGLYCOSIDES, CARBAPENEMS, CEPHEMS, FLUOROQUINOLONES, β-LACTAM COMBINATION AGENTS",13,187,6.95
Acinetobacter baumannii,2023,10,6.0,"CARBAPENEMS, CEPHEMS, FLUOROQUINOLONES, β-LACTAM COMBINATION AGENTS",7,187,3.74
Acinetobacter baumannii,2023,10,6.0,"CARBAPENEMS, CEPHEMS, FLUOROQUINOLONES, FOLATE PATHWAY ANTAGONISTS, β-LACTAM COMBINATION AGENTS",4,187,2.14
Acinetobacter baumannii,2023,10,6.0,"CARBAPENEMS, CEPHEMS, FOLATE PATHWAY ANTAGONISTS, β-LACTAM COMBINATION AGENTS",3,187,1.6
Acinetobacter baumannii,2023,11,6.0,"AMINOGLYCOSIDES, CARBAPENEMS, CEPHEMS, FLUOROQUINOLONES, FOLATE PATHWAY ANTAGONISTS, β-LACTAM COMBINATION AGENTS",133,157,84.71
Acinetobacter baumannii,2023,11,6.0,"AMINOGLYCOSIDES, CARBAPENEMS, CEPHEMS, FLUOROQUINOLONES, β-LACTAM COMBINATION AGENTS",15,157,9.55
Acinetobacter baumannii,2023,11,6.0,"CARBAPENEMS, CEPHEMS, FLUOROQUINOLONES, β-LACTAM COMBINATION AGENTS",2,157,1.27
Acinetobacter baumannii,2023,11,6.0,"CARBAPENEMS, CEPHEMS, FOLATE PATHWAY ANTAGONISTS, β-LACTAM COMBINATION AGENTS",2,157,1.27
Acinetobacter baumannii,2023,11,6.0,"CARBAPENEMS, CEPHEMS, FLUOROQUINOLONES, FOLATE PATHWAY ANTAGONISTS, β-LACTAM COMBINATION AGENTS",1,157,0.64
Acinetobacter baumannii,2023,12,6.0,"AMINOGLYCOSIDES, CARBAPENEMS, CEPHEMS, FLUOROQUINOLONES, FOLATE PATHWAY ANTAGONISTS, β-LACTAM COMBINATION AGENTS",125,153,81.7
Acinetobacter baumannii,2023,12,6.0,"AMINOGLYCOSIDES, CARBAPENEMS, CEPHEMS, FLUOROQUINOLONES, β-LACTAM COMBINATION AGENTS",18,153,11.76
Acinetobacter baumannii,2023,12,6.0,"CARBAPENEMS, CEPHEMS, FLUOROQUINOLONES, FOLATE PATHWAY ANTAGONISTS, β-LACTAM COMBINATION AGENTS",4,153,2.61
Acinetobacter baumannii,2023,12,6.0,"CARBAPENEMS, CEPHEMS, FLUOROQUINOLONES, β-LACTAM COMBINATION AGENTS",4,153,2.61
Acinetobacter baumannii,2023,12,6.0,"CARBAPENEMS, CEPHEMS, FOLATE PATHWAY ANTAGONISTS, β-LACTAM COMBINATION AGENTS",1,153,0.65
